drop table if exists uzytkownicy cascade;
create table uzytkownicy(
	id_uzytkownika serial primary key,
	nazwa varchar(20) not null unique,
	email varchar(254) not null unique,
	haslo int default 12706,
	check (email ~ '.+@.+')
);
CREATE OR REPLACE FUNCTION user_id() RETURNS trigger AS $$
begin
	new.id_uzytkownika := (select coalesce(max(id_uzytkownika), 0) from uzytkownicy)+1;
	return new;
end; $$ language plpgsql;
create trigger user_id before insert on uzytkownicy
for each row execute procedure user_id();

drop table if exists obserwujacy cascade;
create table obserwujacy(
	id_obserwujacego integer references uzytkownicy,
	id_obserwowanego integer references uzytkownicy,
	check (id_obserwujacego <> id_obserwowanego),
	primary key(id_obserwujacego, id_obserwowanego)
);

drop table if exists playlisty cascade;
create table playlisty(
	id_playlisty serial primary key,
	tworca integer references uzytkownicy,
	nazwa varchar(100) not null,
	dostep char(1) not null check (dostep ~ '[POU]'),
	unique(tworca, nazwa)
);

CREATE OR REPLACE FUNCTION playlista_id() RETURNS trigger AS $$
begin
	new.id_playlisty := (select coalesce(max(id_playlisty), 0) from playlisty)+1;
	return new;
end; $$ language plpgsql;
create trigger playlisty_id before insert on playlisty
for each row execute procedure playlista_id();

drop table if exists albumy cascade;
create table albumy(
	id_albumu serial primary key,
	nazwa varchar(100) not null,
	data_wydania date not null
);

drop table if exists gatunki cascade;
create table gatunki(
	id_gatunku smallserial primary key,
	nazwa varchar(100) not null unique
);

drop table if exists utwory cascade;
create table utwory(
	id_utworu serial primary key,
	tytul varchar(100) not null,
	data_dodania date default now(),
	data_wydania date,
	dlugosc interval not null,
	id_gatunku smallint references gatunki,
	id_albumu int references albumy,
	numer_w_albumie numeric(3) CHECK(numer_w_albumie>0),
	unique(id_albumu, numer_w_albumie),
	oceny_suma int,
	oceny_liczba int,
	CONSTRAINT wrong_dates CHECK (data_dodania>data_wydania),
	CONSTRAINT null_album CHECK (id_albumu is not null or numer_w_albumie is null)
);
create or replace function zero_ratings() returns trigger as $$
begin
	new.oceny_suma=0;
	new.oceny_liczba=0;
return new;
end; $$ language plpgsql;
create trigger zero_ratings before insert on utwory
for each row execute procedure zero_ratings();

drop table if exists utwory_playlisty cascade;
create table utwory_playlisty(
	id_playlisty integer references playlisty,
	id_utworu integer references utwory,
	nr_w_playliscie numeric(4),
	unique(id_playlisty, nr_w_playliscie),
	primary key(id_playlisty, id_utworu)
);

drop table if exists autorzy cascade;
create table autorzy(
	id_autora serial primary key,
	nazwa varchar(100) not null,
	czy_zespol char(1) not null check (czy_zespol~'[TN]')
);

drop table if exists utwory_autorzy cascade;
create table utwory_autorzy(
	id_utwory_autorzy serial primary key,
	id_autora integer references autorzy,
	id_utworu integer references utwory,
	UNIQUE(id_autora, id_utworu)
);

drop table if exists role cascade;
create table role(
	id_roli smallserial primary key,
	nazwa varchar(100) not null unique
);

drop table if exists utwory_autorzy_role cascade;
create table utwory_autorzy_role(
	id_utwory_autorzy integer references utwory_autorzy,
	id_roli smallint references role,
	primary key(id_utwory_autorzy, id_roli)
);

drop table if exists autorzy_zespoly cascade;
create table autorzy_zespoly(
	id_autorzy_zespoly serial primary key,
	id_autora integer references autorzy,
	id_zespolu integer references autorzy,
	data_dolaczenia date,
	data_opuszczenia date,
	CONSTRAINT wrong_dates CHECK (data_dolaczenia < data_opuszczenia)
);
CREATE OR REPLACE FUNCTION correct_author_band() RETURNS trigger AS $$
declare n integer;
declare r record;
begin
	execute format ('select * from autorzy where id_autora = $1') into r using new.id_autora;
	if r.czy_zespol = 'T' then return null; end if;
	execute format ('select * from autorzy where id_autora = $1') into r using new.id_zespolu;
	if r.czy_zespol = 'N' then return null; end if;
	n := count(*) from autorzy_zespoly
	where id_autora=new.id_autora and
	id_zespolu=new.id_zespolu and
	data_dolaczenia < new.data_opuszczenia and
	data_opuszczenia > new.data_dolaczenia;
	if n>0 then return null; end if; 
return new;
end; $$ language plpgsql;
create trigger correct_author_band before insert or update on autorzy_zespoly
for each row execute procedure correct_author_band();

drop table if exists autorzy_zespoly_role cascade;
create table autorzy_zespoly_role(
	id_autorzy_zespoly integer references autorzy_zespoly,
	id_roli smallint references role,
	primary key (id_autorzy_zespoly, id_roli)
);

drop table if exists oceny cascade;
create table oceny(
	id_uzytkownika integer references uzytkownicy,
	id_utworu integer references utwory,
	ocena numeric(2,0) not null,
	data date not null default now(),
	CONSTRAINT oceny_zakres CHECK (ocena >= 0 and ocena <= 10),
	UNIQUE (id_uzytkownika, id_utworu, data)
);

create or replace function add_rating() returns trigger as $$
declare
	r record;
begin
	IF (SELECT COUNT(*) FROM oceny o WHERE o.id_uzytkownika = NEW.id_uzytkownika AND o.id_utworu = NEW.id_utworu AND o.data = NEW.data) <> 0 THEN
		DELETE FROM oceny o WHERE o.id_uzytkownika = NEW.id_uzytkownika AND o.id_utworu = NEW.id_utworu AND o.data = NEW.data;
	END IF;
	execute format ('select * from oceny
			where id_uzytkownika=$1 and id_utworu=$2 order by data desc') into r
			using new.id_uzytkownika, new.id_utworu;
	if r is null then
		execute format('update utwory set oceny_liczba=oceny_liczba+1,
				oceny_suma=oceny_suma+ $1 where id_utworu = $2')
		using new.ocena, new.id_utworu;
	elsif r.data<new.data then
		execute format('update utwory set oceny_suma=oceny_suma+ $1 where id_utworu = $2')
		using new.ocena-r.ocena, new.id_utworu;
	elsif old.data=new.data then
		execute format('update utwory set oceny_liczba=oceny_liczba+1, oceny_suma=oceny_suma+ $1 where id_utworu = $2')
		using new.ocena, new.id_utworu;
	end if;
return new;
end; $$ language plpgsql;

create trigger add_rating before insert or update on oceny
for each row execute procedure add_rating();

create or replace function remove_rating() returns trigger as $$
declare
	r record;
	d date;
begin
	d := max(data) from oceny
	where id_uzytkownika=old.id_uzytkownika and id_utworu=old.id_utworu;
	if d > old.data then return old; end if;
	execute format ('select * from oceny
			where id_uzytkownika=$1 and id_utworu=$2 and data<$3 order by data desc') into r
			using old.id_uzytkownika, old.id_utworu, old.data;
	if r is null then
		execute format('update utwory set oceny_liczba=oceny_liczba - 1,
				oceny_suma=oceny_suma - $1 where id_utworu = $2')
		using old.ocena, old.id_utworu;
	else
		execute format('update utwory set oceny_suma=oceny_suma+ $1 where id_utworu = $2')
		using -old.ocena+r.ocena, new.id_utworu;
	end if;
return old;
end; $$ language plpgsql;
create trigger remove_rating before delete or update on oceny
for each row execute procedure remove_rating();

CREATE OR REPLACE FUNCTION update_ocena() RETURNS TRIGGER AS
$$
BEGIN
 IF (SELECT COUNT(*) FROM oceny o WHERE o.id_uzytkownika = NEW.id_uzytkownika AND o.id_utworu = NEW.id_utworu AND o.data = NEW.data) <> 0 THEN
  DELETE FROM oceny o WHERE o.id_uzytkownika = NEW.id_uzytkownika AND o.id_utworu = NEW.id_utworu AND o.data = NEW.data;
 END IF;
 RETURN NEW;
END;
$$
LANGUAGE plpgsql;
CREATE TRIGGER oceny_update BEFORE INSERT OR UPDATE ON oceny FOR EACH ROW EXECUTE procedure update_ocena();

/* rules */
create or replace rule del_uzytkownicy as on delete to uzytkownicy
do also(
	delete from oceny where id_uzytkownika=old.id_uzytkownika;
	delete from obserwujacy where id_obserwujacego=old.id_uzytkownika;
	delete from obserwujacy where id_obserwowanego=old.id_uzytkownika;
	delete from playlisty where tworca=old.id_uzytkownika;
);
create or replace rule del_utwory_autorzy as on delete to utwory_autorzy
do also(
      delete from utwory_autorzy_role where id_utwory_autorzy=old.id_utwory_autorzy;
);
create or replace rule del_autorzy_zespoly as on delete to autorzy_zespoly
do also(
      delete from autorzy_zespoly_role where id_autorzy_zespoly=old.id_autorzy_zespoly;
);
create or replace rule del_playlisty as on delete to playlisty
do also(
	delete from utwory_playlisty where id_playlisty=old.id_playlisty;
);
create or replace rule del_albumy as on delete to albumy
do also(
	update utwory set numer_w_albumie = NULL, id_albumu = NULL where id_albumu=old.id_albumu;
);
create or replace rule del_utwory_autorzy as on delete to utwory_autorzy
do also(
      delete from utwory_autorzy_role where id_utwory_autorzy=old.id_utwory_autorzy;
);
create or replace rule del_gatunki as on delete to gatunki
do also(
	update utwory set id_gatunku = NULL where id_gatunku=old.id_gatunku;
);
create or replace rule del_autor as on delete to autorzy
do also(
      delete from utwory_autorzy where id_autora=old.id_autora;
      delete from autorzy_zespoly where id_autora=old.id_autora;
      delete from autorzy_zespoly where id_zespolu=old.id_autora;
);
create or replace rule del_utwory as on delete to utwory
do also(
	delete from utwory_playlisty where id_utworu=old.id_utworu;
	delete from utwory_autorzy where id_utworu=old.id_utworu;
);

/* PRZYKŁADOWE DANE */
set datestyle to PostgreSQL,European;

/* INDEKSY */

/* uwzględniamy id, bo tak naprawdę tylko ono jest nam teraz potrzebne */
CREATE INDEX utwory_id_gatunku ON utwory(id_gatunku) INCLUDE (id_utworu); 
/* wyszukiwanie utworu po tytule; można rozważyć inne wyrażenie niż lower */
CREATE INDEX utwory_tytul ON utwory(lower(tytul));
/* wyszukiwanie utworów danego autora/wyszukiwanie autorów danego utworu */
CREATE INDEX utwory_autorzy_autor ON utwory_autorzy(id_autora);
CREATE INDEX utwory_autorzy_utwor ON utwory_autorzy(id_utworu);
/* wyszukiwanie albumu po nazwie */
CREATE INDEX albumy_nazwa ON albumy(lower(nazwa));
/* wyszukiwanie playlisty po nazwie */
CREATE INDEX playlisty_nazwa ON playlisty(lower(nazwa));
/* wyszukiwanie autora po nazwie
   może chcielibyśmy jakoś rozróżniać wyszukiwanie autorów i zespołów? */
CREATE INDEX autorzy_nazwa ON autorzy(lower(nazwa));
/* członkowie zespołu / zespoly w których był dany wykonawca
   te indeksy znikną jeśli zdecyjemy się na unique(id_zespolu, id_autora)! */
CREATE INDEX autorzy_zespoly_id_autora ON autorzy_zespoly(id_autora);
CREATE INDEX autorzy_zespoly_id_zespolu ON autorzy_zespoly(id_zespolu);
/* wyszukiwanie ocen po utworze/dacie */
CREATE INDEX oceny_id_utworu ON oceny(id_utworu);
CREATE INDEX oceny_data ON oceny(data);
insert into role values 
(1, 'kompozytor'),
(2, 'autor tekstu'),
(3, 'wokalista'),
(4, 'dyrygent'),
(5, 'gitara'),
(6, 'perkusja'),
(7, 'skrzypce'),
(8, 'gitara basowa'),
(9, 'trąbka'),
(10, 'instrumenty klawiszowe'),
(11, 'wiolonczela'),
(12, 'kontrabas'),
(13, 'altówka'),
(14, 'saksofon'),
(15, 'harmonijka ustna');


insert into gatunki values 
(1, 'Blues'),
(2, 'Jazz'),
(3, 'Country'),
(4, 'Dance'),
(5, 'Folk'),
(6, 'Heavy Metal'),
(7, 'Hip Hop'),
(8, 'Rap'),
(9, 'House'),
(10, 'Muzyka klasyczna'),
(11, 'Pop'),
(12, 'Punk rock'),
(13, 'R & B'),
(14, 'Reggae'),
(15, 'Rock'),
(16, 'Rock and Roll'),
(17, 'Soul'),
(18, 'Techno'),
(19, 'Muzyka filmowa'),
(20, 'Gospel');

insert into albumy values 
(1, 'Blowing in the Wind', to_date('14-1-1964', 'DD-MM-YYYY')),
(2, 'Yesterday', to_date('24-3-1975', 'DD-MM-YYYY')),
(3, 'A Change Is Gonna Come', to_date('10-3-2002', 'DD-MM-YYYY')),
(4, 'My Generation', to_date('4-7-1927', 'DD-MM-YYYY')),
(5, 'What I Say', to_date('18-6-1972', 'DD-MM-YYYY')),
(6, 'Smells Like Teen Spirit', to_date('1-5-1990', 'DD-MM-YYYY')),
(7, 'Hey Jude', to_date('1-5-1976', 'DD-MM-YYYY')),
(8, 'Johnny B. Goode', to_date('1-11-1947', 'DD-MM-YYYY')),
(9, 'Good Vibrations', to_date('12-4-1985', 'DD-MM-YYYY')),
(10, 'Respect', to_date('3-5-1974', 'DD-MM-YYYY')),
(11, 'What is Going On', to_date('7-7-1950', 'DD-MM-YYYY')),
(12, 'Imagine', to_date('21-11-1985', 'DD-MM-YYYY')),
(13, 'Satisfaction', to_date('6-1-1933', 'DD-MM-YYYY')),
(14, 'Like a Rolling Stone', to_date('1-8-1947', 'DD-MM-YYYY')),
(15, 'Layla', to_date('13-11-1984', 'DD-MM-YYYY')),
(16, 'A Day in the Life', to_date('16-9-2002', 'DD-MM-YYYY')),
(17, 'People Get Ready', to_date('13-8-1998', 'DD-MM-YYYY')),
(18, 'In My Life', to_date('13-6-1939', 'DD-MM-YYYY')),
(19, 'Be My Baby', to_date('12-11-1937', 'DD-MM-YYYY')),
(20, 'Born to Run', to_date('28-2-2011', 'DD-MM-YYYY')),
(21, 'Let It Be', to_date('22-1-1939', 'DD-MM-YYYY')),
(22, 'Hound Dog', to_date('18-7-2011', 'DD-MM-YYYY')),
(23, 'Maybellene', to_date('11-10-1942', 'DD-MM-YYYY')),
(24, 'Purple Haze', to_date('11-6-2019', 'DD-MM-YYYY')),
(25, 'I Want to Hold Your Hand', to_date('4-7-2018', 'DD-MM-YYYY')),
(26, 'London Calling', to_date('16-2-1960', 'DD-MM-YYYY'));
insert into utwory( id_utworu, tytul, data_dodania, data_wydania, dlugosc, id_gatunku, id_albumu, numer_w_albumie) VALUES ( 400, 'Like a Rolling Stone' , to_date('9-4-2017', 'DD-MM-YYYY'), to_date('6-8-1950', 'DD-MM-YYYY'), '4 minutes 0 seconds'::interval, 10, 11, 1); 
insert into utwory( id_utworu, tytul, data_dodania, data_wydania, dlugosc, id_gatunku, id_albumu, numer_w_albumie) VALUES ( 399, 'Satisfaction' , to_date('14-9-2019', 'DD-MM-YYYY'), to_date('16-7-1950', 'DD-MM-YYYY'), '5 minutes 25 seconds'::interval, 10, 11, 2); 
insert into utwory( id_utworu, tytul, data_dodania, data_wydania, dlugosc, id_gatunku, id_albumu, numer_w_albumie) VALUES ( 398, 'Imagine' , to_date('28-3-2018', 'DD-MM-YYYY'), to_date('25-2-1933', 'DD-MM-YYYY'), '3 minutes 36 seconds'::interval, 6, 13, 1); 
insert into utwory( id_utworu, tytul, data_dodania, data_wydania, dlugosc, id_gatunku, id_albumu, numer_w_albumie) VALUES ( 397, 'What is Going On' , to_date('1-5-2019', 'DD-MM-YYYY'), to_date('16-7-1950', 'DD-MM-YYYY'), '2 minutes 25 seconds'::interval, 10, 11, 3); 
insert into utwory( id_utworu, tytul, data_dodania, data_wydania, dlugosc, id_gatunku, id_albumu, numer_w_albumie) VALUES ( 396, 'Respect' , to_date('8-9-2015', 'DD-MM-YYYY'), to_date('4-8-1947', 'DD-MM-YYYY'), '3 minutes 57 seconds'::interval, 9, 14, 1); 
insert into utwory( id_utworu, tytul, data_dodania, data_wydania, dlugosc, id_gatunku, id_albumu, numer_w_albumie) VALUES ( 395, 'Good Vibrations' , to_date('6-1-2015', 'DD-MM-YYYY'), to_date('22-5-1990', 'DD-MM-YYYY'), '6 minutes 39 seconds'::interval, 1, 6, 1); 
insert into utwory( id_utworu, tytul, data_dodania, data_wydania, dlugosc, id_gatunku, id_albumu, numer_w_albumie) VALUES ( 394, 'Johnny B. Goode' , to_date('18-8-2019', 'DD-MM-YYYY'), to_date('21-7-2019', 'DD-MM-YYYY'), '2 minutes 0 seconds'::interval, 18, 24, 1); 
insert into utwory( id_utworu, tytul, data_dodania, data_wydania, dlugosc, id_gatunku, id_albumu, numer_w_albumie) VALUES ( 393, 'Hey Jude' , to_date('7-7-2019', 'DD-MM-YYYY'), to_date('27-12-1984', 'DD-MM-YYYY'), '3 minutes 51 seconds'::interval, 14, 15, 1); 
insert into utwory( id_utworu, tytul, data_dodania, data_wydania, dlugosc, id_gatunku, id_albumu, numer_w_albumie) VALUES ( 392, 'Smells Like Teen Spirit' , to_date('14-5-2015', 'DD-MM-YYYY'), to_date('12-2-1964', 'DD-MM-YYYY'), '5 minutes 25 seconds'::interval, 12, 1, 1); 
insert into utwory( id_utworu, tytul, data_dodania, data_wydania, dlugosc, id_gatunku, id_albumu, numer_w_albumie) VALUES ( 391, 'What would I Say' , to_date('13-3-2016', 'DD-MM-YYYY'), to_date('24-8-1998', 'DD-MM-YYYY'), '2 minutes 59 seconds'::interval, 18, 17, 1); 
insert into utwory( id_utworu, tytul, data_dodania, data_wydania, dlugosc, id_gatunku, id_albumu, numer_w_albumie) VALUES ( 390, 'My Generation' , to_date('19-7-2019', 'DD-MM-YYYY'), to_date('10-6-2019', 'DD-MM-YYYY'), '3 minutes 19 seconds'::interval, 18, 24, 2); 
insert into utwory( id_utworu, tytul, data_dodania, data_wydania, dlugosc, id_gatunku, id_albumu, numer_w_albumie) VALUES ( 389, 'A Change Is Gonna Come' , to_date('11-12-2018', 'DD-MM-YYYY'), to_date('12-4-1975', 'DD-MM-YYYY'), '3 minutes 25 seconds'::interval, 3, 2, 1); 
insert into utwory( id_utworu, tytul, data_dodania, data_wydania, dlugosc, id_gatunku, id_albumu, numer_w_albumie) VALUES ( 388, 'Yesterday' , to_date('27-6-2018', 'DD-MM-YYYY'), to_date('18-2-1960', 'DD-MM-YYYY'), '4 minutes 22 seconds'::interval, 13, 26, 1); 
insert into utwory( id_utworu, tytul, data_dodania, data_wydania, dlugosc, id_gatunku, id_albumu, numer_w_albumie) VALUES ( 387, 'Blowing in the Wind', to_date('13-9-2018', 'DD-MM-YYYY'), to_date('25-8-2018', 'DD-MM-YYYY'), '3 minutes 2 seconds'::interval, 14, 25, 1); 
insert into utwory( id_utworu, tytul, data_dodania, data_wydania, dlugosc, id_gatunku, id_albumu, numer_w_albumie) VALUES ( 386, 'London Calling' , to_date('2-12-2017', 'DD-MM-YYYY'), to_date('11-6-1976', 'DD-MM-YYYY'), '3 minutes 42 seconds'::interval, 10, 7, 1); 
insert into utwory( id_utworu, tytul, data_dodania, data_wydania, dlugosc, id_gatunku, id_albumu, numer_w_albumie) VALUES ( 385, 'I Want to Hold Your Hand' , to_date('4-5-2017', 'DD-MM-YYYY'), to_date('12-6-1976', 'DD-MM-YYYY'), '3 minutes 37 seconds'::interval, 10, 7, 2); 
insert into utwory( id_utworu, tytul, data_dodania, data_wydania, dlugosc, id_gatunku, id_albumu, numer_w_albumie) VALUES ( 384, 'Purple Haze' , to_date('2-9-2016', 'DD-MM-YYYY'), to_date('2-6-1972', 'DD-MM-YYYY'), '2 minutes 10 seconds'::interval, 1, 5, 1); 
insert into utwory( id_utworu, tytul, data_dodania, data_wydania, dlugosc, id_gatunku, id_albumu, numer_w_albumie) VALUES ( 383, 'Maybellene' , to_date('27-5-2019', 'DD-MM-YYYY'), to_date('7-10-1942', 'DD-MM-YYYY'), '5 minutes 25 seconds'::interval, 14, 23, 1); 
insert into utwory( id_utworu, tytul, data_dodania, data_wydania, dlugosc, id_gatunku, id_albumu, numer_w_albumie) VALUES ( 382, 'Hound Dog' , to_date('16-9-2018', 'DD-MM-YYYY'), to_date('14-6-1972', 'DD-MM-YYYY'), '6 minutes 19 seconds'::interval, 1, 5, 2); 
insert into utwory( id_utworu, tytul, data_dodania, data_wydania, dlugosc, id_gatunku, id_albumu, numer_w_albumie) VALUES ( 381, 'Let It Be' , to_date('16-11-2016', 'DD-MM-YYYY'), to_date('10-2-1939', 'DD-MM-YYYY'), '6 minutes 53 seconds'::interval, 15, 21, 1); 
insert into utwory( id_utworu, tytul, data_dodania, data_wydania, dlugosc, id_gatunku, id_albumu, numer_w_albumie) VALUES ( 380, 'Born to Run' , to_date('12-10-2018', 'DD-MM-YYYY'), to_date('9-8-2011', 'DD-MM-YYYY'), '6 minutes 30 seconds'::interval, 10, 22, 1); 
insert into utwory( id_utworu, tytul, data_dodania, data_wydania, dlugosc, id_gatunku, id_albumu, numer_w_albumie) VALUES ( 379, 'Be My Baby' , to_date('12-10-2019', 'DD-MM-YYYY'), to_date('16-7-1927', 'DD-MM-YYYY'), '2 minutes 3 seconds'::interval, 2, 4, 1); 
insert into utwory( id_utworu, tytul, data_dodania, data_wydania, dlugosc, id_gatunku, id_albumu, numer_w_albumie) VALUES ( 378, 'In My Life' , to_date('2-10-2015', 'DD-MM-YYYY'), to_date('26-7-1927', 'DD-MM-YYYY'), '3 minutes 36 seconds'::interval, 2, 4, 2); 
insert into utwory( id_utworu, tytul, data_dodania, data_wydania, dlugosc, id_gatunku, id_albumu, numer_w_albumie) VALUES ( 377, 'People Get Ready', to_date('27-8-2018', 'DD-MM-YYYY'), to_date('13-8-2018', 'DD-MM-YYYY'), '5 minutes 24 seconds'::interval, 14, 25, 2); 
insert into utwory( id_utworu, tytul, data_dodania, data_wydania, dlugosc, id_gatunku, id_albumu, numer_w_albumie) VALUES ( 376, 'God Only Knows', to_date('21-8-2019', 'DD-MM-YYYY'), to_date('26-7-2019', 'DD-MM-YYYY'), '5 minutes 8 seconds'::interval, 18, 24, 3); 
insert into utwory( id_utworu, tytul, data_dodania, data_wydania, dlugosc, id_gatunku, id_albumu, numer_w_albumie) VALUES ( 375, 'A Day in the Life' , to_date('10-7-2018', 'DD-MM-YYYY'), to_date('1-2-1939', 'DD-MM-YYYY'), '3 minutes 23 seconds'::interval, 15, 21, 2); 
insert into utwory( id_utworu, tytul, data_dodania, data_wydania, dlugosc, id_gatunku, id_albumu, numer_w_albumie) VALUES ( 374, 'Layla' , to_date('12-1-2019', 'DD-MM-YYYY'), to_date('9-7-2011', 'DD-MM-YYYY'), '3 minutes 45 seconds'::interval, 10, 22, 2); 
insert into utwory( id_utworu, tytul, data_dodania, data_wydania, dlugosc, id_gatunku, id_albumu, numer_w_albumie) VALUES ( 373, 'The Dock of the Bay' , to_date('26-12-2016', 'DD-MM-YYYY'), to_date('14-8-1950', 'DD-MM-YYYY'), '3 minutes 35 seconds'::interval, 10, 11, 4); 
insert into utwory( id_utworu, tytul, data_dodania, data_wydania, dlugosc, id_gatunku, id_albumu, numer_w_albumie) VALUES ( 372, 'Help!' , to_date('21-12-2015', 'DD-MM-YYYY'), to_date('1-9-1998', 'DD-MM-YYYY'), '5 minutes 3 seconds'::interval, 18, 17, 2); 
insert into utwory( id_utworu, tytul, data_dodania, data_wydania, dlugosc, id_gatunku, id_albumu, numer_w_albumie) VALUES ( 371, 'I Walk the Line', to_date('3-8-2019', 'DD-MM-YYYY'), to_date('25-7-2019', 'DD-MM-YYYY'), '2 minutes 2 seconds'::interval, 18, 24, 4); 
insert into utwory( id_utworu, tytul, data_dodania, data_wydania, dlugosc, id_gatunku, id_albumu, numer_w_albumie) VALUES ( 370, 'Stairway To Heaven' , to_date('24-7-2015', 'DD-MM-YYYY'), to_date('22-6-1939', 'DD-MM-YYYY'), '4 minutes 1 seconds'::interval, 17, 18, 1); 
insert into utwory( id_utworu, tytul, data_dodania, data_wydania, dlugosc, id_gatunku, id_albumu, numer_w_albumie) VALUES ( 369, 'Sympathy for the Devil' , to_date('15-9-2016', 'DD-MM-YYYY'), to_date('14-12-1947', 'DD-MM-YYYY'), '4 minutes 32 seconds'::interval, 15, 8, 1); 
insert into utwory( id_utworu, tytul, data_dodania, data_wydania, dlugosc, id_gatunku, id_albumu, numer_w_albumie) VALUES ( 368, 'River Deep' , to_date('23-12-2016', 'DD-MM-YYYY'), to_date('18-6-1976', 'DD-MM-YYYY'), '5 minutes 6 seconds'::interval, 10, 7, 3); 
insert into utwory( id_utworu, tytul, data_dodania, data_wydania, dlugosc, id_gatunku, id_albumu, numer_w_albumie) VALUES ( 367, 'You have Lost That Lovin Feelin' , to_date('3-8-2017', 'DD-MM-YYYY'), to_date('2-7-1972', 'DD-MM-YYYY'), '2 minutes 21 seconds'::interval, 1, 5, 3); 
insert into utwory( id_utworu, tytul, data_dodania, data_wydania, dlugosc, id_gatunku, id_albumu, numer_w_albumie) VALUES ( 366, 'Light My Fire' , to_date('8-11-2015', 'DD-MM-YYYY'), to_date('9-9-2002', 'DD-MM-YYYY'), '4 minutes 58 seconds'::interval, 9, 16, 1); 
insert into utwory( id_utworu, tytul, data_dodania, data_wydania, dlugosc, id_gatunku, id_albumu, numer_w_albumie) VALUES ( 365, 'One' , to_date('1-4-2015', 'DD-MM-YYYY'), to_date('14-2-1960', 'DD-MM-YYYY'), '6 minutes 23 seconds'::interval, 13, 26, 2); 
insert into utwory( id_utworu, tytul, data_dodania, data_wydania, dlugosc, id_gatunku, id_albumu, numer_w_albumie) VALUES ( 364, 'No Woman, No Cry' , to_date('5-6-2016', 'DD-MM-YYYY'), to_date('5-2-1960', 'DD-MM-YYYY'), '4 minutes 3 seconds'::interval, 13, 26, 3); 
insert into utwory( id_utworu, tytul, data_dodania, data_wydania, dlugosc, id_gatunku, id_albumu, numer_w_albumie) VALUES ( 363, 'Gimme Shelter' , to_date('24-5-2015', 'DD-MM-YYYY'), to_date('17-8-1950', 'DD-MM-YYYY'), '3 minutes 45 seconds'::interval, 10, 11, 5); 
insert into utwory( id_utworu, tytul, data_dodania, data_wydania, dlugosc, id_gatunku, id_albumu, numer_w_albumie) VALUES ( 362, 'That will Be the Day' , to_date('27-6-2015', 'DD-MM-YYYY'), to_date('9-10-2002', 'DD-MM-YYYY'), '5 minutes 42 seconds'::interval, 9, 16, 2); 
insert into utwory( id_utworu, tytul, data_dodania, data_wydania, dlugosc, id_gatunku, id_albumu, numer_w_albumie) VALUES ( 361, 'Dancing in the Street' , to_date('18-4-2016', 'DD-MM-YYYY'), to_date('8-10-1942', 'DD-MM-YYYY'), '3 minutes 1 seconds'::interval, 14, 23, 2); 
insert into utwory( id_utworu, tytul, data_dodania, data_wydania, dlugosc, id_gatunku, id_albumu, numer_w_albumie) VALUES ( 360, 'The Weight' , to_date('14-3-2015', 'DD-MM-YYYY'), to_date('26-1-1939', 'DD-MM-YYYY'), '4 minutes 17 seconds'::interval, 15, 21, 3); 
insert into utwory( id_utworu, tytul, data_dodania, data_wydania, dlugosc, id_gatunku, id_albumu, numer_w_albumie) VALUES ( 359, 'Waterloo Sunset' , to_date('5-5-2016', 'DD-MM-YYYY'), to_date('25-4-1985', 'DD-MM-YYYY'), '2 minutes 21 seconds'::interval, 15, 9, 1); 
insert into utwory( id_utworu, tytul, data_dodania, data_wydania, dlugosc, id_gatunku, id_albumu, numer_w_albumie) VALUES ( 358, 'Tutti-Frutti' , to_date('16-12-2019', 'DD-MM-YYYY'), to_date('18-6-1972', 'DD-MM-YYYY'), '2 minutes 50 seconds'::interval, 1, 5, 4); 
insert into utwory( id_utworu, tytul, data_dodania, data_wydania, dlugosc, id_gatunku, id_albumu, numer_w_albumie) VALUES ( 357, 'Georgia on My Mind' , to_date('2-11-2015', 'DD-MM-YYYY'), to_date('15-6-1974', 'DD-MM-YYYY'), '5 minutes 0 seconds'::interval, 6, 10, 1); 
insert into utwory( id_utworu, tytul, data_dodania, data_wydania, dlugosc, id_gatunku, id_albumu, numer_w_albumie) VALUES ( 356, 'Heartbreak Hotel' , to_date('21-11-2019', 'DD-MM-YYYY'), to_date('15-4-1975', 'DD-MM-YYYY'), '5 minutes 16 seconds'::interval, 3, 2, 2); 
insert into utwory( id_utworu, tytul, data_dodania, data_wydania, dlugosc, id_gatunku, id_albumu, numer_w_albumie) VALUES ( 355, 'Heroes' , to_date('17-2-2016', 'DD-MM-YYYY'), to_date('2-2-2011', 'DD-MM-YYYY'), '6 minutes 56 seconds'::interval, 5, 20, 1); 
insert into utwory( id_utworu, tytul, data_dodania, data_wydania, dlugosc, id_gatunku, id_albumu, numer_w_albumie) VALUES ( 354, 'Bridge Over Troubled Water' , to_date('18-4-2018', 'DD-MM-YYYY'), to_date('26-6-1974', 'DD-MM-YYYY'), '6 minutes 18 seconds'::interval, 6, 10, 2); 
insert into utwory( id_utworu, tytul, data_dodania, data_wydania, dlugosc, id_gatunku, id_albumu, numer_w_albumie) VALUES ( 353, 'All Along the Watchtower' , to_date('11-11-2019', 'DD-MM-YYYY'), to_date('24-7-1972', 'DD-MM-YYYY'), '6 minutes 40 seconds'::interval, 1, 5, 5); 
insert into utwory( id_utworu, tytul, data_dodania, data_wydania, dlugosc, id_gatunku, id_albumu, numer_w_albumie) VALUES ( 352, 'Hotel California' , to_date('20-9-2016', 'DD-MM-YYYY'), to_date('23-7-1972', 'DD-MM-YYYY'), '2 minutes 54 seconds'::interval, 1, 5, 6); 
insert into utwory( id_utworu, tytul, data_dodania, data_wydania, dlugosc, id_gatunku, id_albumu, numer_w_albumie) VALUES ( 351, 'The Tracks of My Tears' , to_date('2-7-2016', 'DD-MM-YYYY'), to_date('3-4-1975', 'DD-MM-YYYY'), '2 minutes 40 seconds'::interval, 3, 2, 3); 
insert into utwory( id_utworu, tytul, data_dodania, data_wydania, dlugosc, id_gatunku, id_albumu, numer_w_albumie) VALUES ( 350, 'The Message' , to_date('10-11-2016', 'DD-MM-YYYY'), to_date('27-3-1960', 'DD-MM-YYYY'), '4 minutes 42 seconds'::interval, 13, 26, 4); 
insert into utwory( id_utworu, tytul, data_dodania, data_wydania, dlugosc, id_gatunku, id_albumu, numer_w_albumie) VALUES ( 349, 'When Doves Cry' , to_date('6-9-2015', 'DD-MM-YYYY'), to_date('7-7-1972', 'DD-MM-YYYY'), '2 minutes 10 seconds'::interval, 1, 5, 7); 
insert into utwory( id_utworu, tytul, data_dodania, data_wydania, dlugosc, id_gatunku, id_albumu, numer_w_albumie) VALUES ( 348, 'Anarchy in the U.K.' , to_date('15-7-2016', 'DD-MM-YYYY'), to_date('19-3-2002', 'DD-MM-YYYY'), '3 minutes 2 seconds'::interval, 11, 3, 1); 
insert into utwory( id_utworu, tytul, data_dodania, data_wydania, dlugosc, id_gatunku, id_albumu, numer_w_albumie) VALUES ( 347, 'When a Man Loves a Woman' , to_date('13-4-2019', 'DD-MM-YYYY'), to_date('15-7-2011', 'DD-MM-YYYY'), '2 minutes 7 seconds'::interval, 10, 22, 3); 
insert into utwory( id_utworu, tytul, data_dodania, data_wydania, dlugosc, id_gatunku, id_albumu, numer_w_albumie) VALUES ( 346, 'Louie Louie' , to_date('4-2-2019', 'DD-MM-YYYY'), to_date('18-4-1975', 'DD-MM-YYYY'), '3 minutes 3 seconds'::interval, 3, 2, 4); 
insert into utwory( id_utworu, tytul, data_dodania, data_wydania, dlugosc, id_gatunku, id_albumu, numer_w_albumie) VALUES ( 345, 'Long Tall Sally' , to_date('14-8-2015', 'DD-MM-YYYY'), to_date('16-7-1972', 'DD-MM-YYYY'), '6 minutes 48 seconds'::interval, 1, 5, 8); 
insert into utwory( id_utworu, tytul, data_dodania, data_wydania, dlugosc, id_gatunku, id_albumu, numer_w_albumie) VALUES ( 344, 'Whiter Shade of Pale' , to_date('7-11-2015', 'DD-MM-YYYY'), to_date('2-2-1960', 'DD-MM-YYYY'), '6 minutes 56 seconds'::interval, 13, 26, 5); 
insert into utwory( id_utworu, tytul, data_dodania, data_wydania, dlugosc, id_gatunku, id_albumu, numer_w_albumie) VALUES ( 343, 'Billie Jean' , to_date('16-12-2019', 'DD-MM-YYYY'), to_date('26-10-1942', 'DD-MM-YYYY'), '4 minutes 11 seconds'::interval, 14, 23, 3); 
insert into utwory( id_utworu, tytul, data_dodania, data_wydania, dlugosc, id_gatunku, id_albumu, numer_w_albumie) VALUES ( 342, 'The Times They Are A-Changin' , to_date('10-8-2016', 'DD-MM-YYYY'), to_date('24-10-1942', 'DD-MM-YYYY'), '2 minutes 23 seconds'::interval, 14, 23, 4); 
insert into utwory( id_utworu, tytul, data_dodania, data_wydania, dlugosc, id_gatunku, id_albumu, numer_w_albumie) VALUES ( 341, 'Let Stay Together' , to_date('24-6-2016', 'DD-MM-YYYY'), to_date('14-5-1976', 'DD-MM-YYYY'), '2 minutes 50 seconds'::interval, 10, 7, 4); 
insert into utwory( id_utworu, tytul, data_dodania, data_wydania, dlugosc, id_gatunku, id_albumu, numer_w_albumie) VALUES ( 340, 'Whole Lotta Shaking Goin On' , to_date('10-7-2015', 'DD-MM-YYYY'), to_date('8-7-1950', 'DD-MM-YYYY'), '4 minutes 16 seconds'::interval, 10, 11, 6); 
insert into utwory( id_utworu, tytul, data_dodania, data_wydania, dlugosc, id_gatunku, id_albumu, numer_w_albumie) VALUES ( 339, 'Bo Diddley' , to_date('16-6-2019', 'DD-MM-YYYY'), to_date('17-11-1947', 'DD-MM-YYYY'), '4 minutes 0 seconds'::interval, 15, 8, 2); 
insert into utwory( id_utworu, tytul, data_dodania, data_wydania, dlugosc, id_gatunku, id_albumu, numer_w_albumie) VALUES ( 338, 'For What It is Worth' , to_date('20-3-2018', 'DD-MM-YYYY'), to_date('27-6-1974', 'DD-MM-YYYY'), '6 minutes 31 seconds'::interval, 6, 10, 3); 
insert into utwory( id_utworu, tytul, data_dodania, data_wydania, dlugosc, id_gatunku, id_albumu, numer_w_albumie) VALUES ( 337, 'She Loves You' , to_date('15-1-2019', 'DD-MM-YYYY'), to_date('21-5-1990', 'DD-MM-YYYY'), '6 minutes 18 seconds'::interval, 1, 6, 2); 
insert into utwory( id_utworu, tytul, data_dodania, data_wydania, dlugosc, id_gatunku, id_albumu, numer_w_albumie) VALUES ( 336, 'Sunshine of Your Love' , to_date('4-5-2018', 'DD-MM-YYYY'), to_date('21-2-1960', 'DD-MM-YYYY'), '6 minutes 23 seconds'::interval, 13, 26, 6); 
insert into utwory( id_utworu, tytul, data_dodania, data_wydania, dlugosc, id_gatunku, id_albumu, numer_w_albumie) VALUES ( 335, 'Redemption Song' , to_date('6-10-2015', 'DD-MM-YYYY'), to_date('19-8-2011', 'DD-MM-YYYY'), '4 minutes 8 seconds'::interval, 10, 22, 4); 
insert into utwory( id_utworu, tytul, data_dodania, data_wydania, dlugosc, id_gatunku, id_albumu, numer_w_albumie) VALUES ( 334, 'Jailhouse Rock' , to_date('17-3-2015', 'DD-MM-YYYY'), to_date('23-2-1964', 'DD-MM-YYYY'), '2 minutes 50 seconds'::interval, 12, 1, 2); 
insert into utwory( id_utworu, tytul, data_dodania, data_wydania, dlugosc, id_gatunku, id_albumu, numer_w_albumie) VALUES ( 333, 'Tangled Up in Blue' , to_date('9-4-2016', 'DD-MM-YYYY'), to_date('4-8-1947', 'DD-MM-YYYY'), '6 minutes 24 seconds'::interval, 9, 14, 2); 
insert into utwory( id_utworu, tytul, data_dodania, data_wydania, dlugosc, id_gatunku, id_albumu, numer_w_albumie) VALUES ( 332, 'Crying', to_date('18-8-2018', 'DD-MM-YYYY'), to_date('15-8-2018', 'DD-MM-YYYY'), '5 minutes 28 seconds'::interval, 14, 25, 3); 
insert into utwory( id_utworu, tytul, data_dodania, data_wydania, dlugosc, id_gatunku, id_albumu, numer_w_albumie) VALUES ( 331, 'Walk On By' , to_date('14-6-2015', 'DD-MM-YYYY'), to_date('8-7-1939', 'DD-MM-YYYY'), '3 minutes 30 seconds'::interval, 17, 18, 2); 
insert into utwory( id_utworu, tytul, data_dodania, data_wydania, dlugosc, id_gatunku, id_albumu, numer_w_albumie) VALUES ( 330, 'California Girls', to_date('8-7-2019', 'DD-MM-YYYY'), to_date('21-6-2019', 'DD-MM-YYYY'), '2 minutes 23 seconds'::interval, 18, 24, 5); 
insert into utwory( id_utworu, tytul, data_dodania, data_wydania, dlugosc, id_gatunku, id_albumu, numer_w_albumie) VALUES ( 329, 'Papa has Got a Brand New Bag' , to_date('15-3-2018', 'DD-MM-YYYY'), to_date('13-1-1964', 'DD-MM-YYYY'), '3 minutes 39 seconds'::interval, 12, 1, 3); 
insert into utwory( id_utworu, tytul, data_dodania, data_wydania, dlugosc, id_gatunku, id_albumu, numer_w_albumie) VALUES ( 328, 'Summertime Blues', to_date('22-8-2019', 'DD-MM-YYYY'), to_date('23-7-2019', 'DD-MM-YYYY'), '5 minutes 50 seconds'::interval, 18, 24, 6); 
insert into utwory( id_utworu, tytul, data_dodania, data_wydania, dlugosc, id_gatunku, id_albumu, numer_w_albumie) VALUES ( 327, 'Superstition', to_date('11-8-2018', 'DD-MM-YYYY'), to_date('11-7-2018', 'DD-MM-YYYY'), '4 minutes 1 seconds'::interval, 14, 25, 4); 
insert into utwory( id_utworu, tytul, data_dodania, data_wydania, dlugosc, id_gatunku, id_albumu, numer_w_albumie) VALUES ( 326, 'Whole Lotta Love' , to_date('28-4-2017', 'DD-MM-YYYY'), to_date('25-6-1976', 'DD-MM-YYYY'), '2 minutes 35 seconds'::interval, 10, 7, 5); 
insert into utwory( id_utworu, tytul, data_dodania, data_wydania, dlugosc, id_gatunku, id_albumu, numer_w_albumie) VALUES ( 325, 'Strawberry Fields Forever' , to_date('20-11-2015', 'DD-MM-YYYY'), to_date('2-11-1937', 'DD-MM-YYYY'), '4 minutes 7 seconds'::interval, 4, 19, 1); 
insert into utwory( id_utworu, tytul, data_dodania, data_wydania, dlugosc, id_gatunku, id_albumu, numer_w_albumie) VALUES ( 324, 'Mystery Train' , to_date('2-5-2018', 'DD-MM-YYYY'), to_date('3-11-1984', 'DD-MM-YYYY'), '5 minutes 44 seconds'::interval, 14, 15, 2); 
insert into utwory( id_utworu, tytul, data_dodania, data_wydania, dlugosc, id_gatunku, id_albumu, numer_w_albumie) VALUES ( 323, 'I Got You' , to_date('25-11-2019', 'DD-MM-YYYY'), to_date('14-11-1984', 'DD-MM-YYYY'), '5 minutes 45 seconds'::interval, 14, 15, 3); 
insert into utwory( id_utworu, tytul, data_dodania, data_wydania, dlugosc, id_gatunku, id_albumu, numer_w_albumie) VALUES ( 322, 'Mr. Tambourine Man' , to_date('8-2-2019', 'DD-MM-YYYY'), to_date('5-2-1939', 'DD-MM-YYYY'), '6 minutes 44 seconds'::interval, 15, 21, 4); 
insert into utwory( id_utworu, tytul, data_dodania, data_wydania, dlugosc, id_gatunku, id_albumu, numer_w_albumie) VALUES ( 321, 'I Heard It Through the Grapevine' , to_date('24-11-2019', 'DD-MM-YYYY'), to_date('21-2-1960', 'DD-MM-YYYY'), '2 minutes 47 seconds'::interval, 13, 26, 7); 
insert into utwory( id_utworu, tytul, data_dodania, data_wydania, dlugosc, id_gatunku, id_albumu, numer_w_albumie) VALUES ( 320, 'Blueberry Hill' , to_date('25-9-2019', 'DD-MM-YYYY'), to_date('5-5-1985', 'DD-MM-YYYY'), '2 minutes 10 seconds'::interval, 15, 9, 2); 
insert into utwory( id_utworu, tytul, data_dodania, data_wydania, dlugosc, id_gatunku, id_albumu, numer_w_albumie) VALUES ( 319, 'You Really Got Me' , to_date('2-4-2016', 'DD-MM-YYYY'), to_date('6-12-1937', 'DD-MM-YYYY'), '2 minutes 17 seconds'::interval, 4, 19, 2); 
insert into utwory( id_utworu, tytul, data_dodania, data_wydania, dlugosc, id_gatunku, id_albumu, numer_w_albumie) VALUES ( 318, 'Norwegian Wood' , to_date('17-7-2015', 'DD-MM-YYYY'), to_date('26-11-1947', 'DD-MM-YYYY'), '6 minutes 41 seconds'::interval, 15, 8, 3); 
insert into utwory( id_utworu, tytul, data_dodania, data_wydania, dlugosc, id_gatunku, id_albumu, numer_w_albumie) VALUES ( 317, 'Every Breath You Take' , to_date('19-3-2018', 'DD-MM-YYYY'), to_date('2-12-1947', 'DD-MM-YYYY'), '4 minutes 13 seconds'::interval, 15, 8, 4); 
insert into utwory( id_utworu, tytul, data_dodania, data_wydania, dlugosc, id_gatunku, id_albumu, numer_w_albumie) VALUES ( 316, 'Crazy' , to_date('13-6-2019', 'DD-MM-YYYY'), to_date('23-4-2002', 'DD-MM-YYYY'), '2 minutes 20 seconds'::interval, 11, 3, 2); 
insert into utwory( id_utworu, tytul, data_dodania, data_wydania, dlugosc, id_gatunku, id_albumu, numer_w_albumie) VALUES ( 315, 'Thunder Road' , to_date('22-1-2018', 'DD-MM-YYYY'), to_date('24-9-2002', 'DD-MM-YYYY'), '3 minutes 30 seconds'::interval, 9, 16, 3); 
insert into utwory( id_utworu, tytul, data_dodania, data_wydania, dlugosc, id_gatunku, id_albumu, numer_w_albumie) VALUES ( 314, 'Ring of Fire' , to_date('22-9-2015', 'DD-MM-YYYY'), to_date('2-9-2002', 'DD-MM-YYYY'), '5 minutes 9 seconds'::interval, 9, 16, 4); 
insert into utwory( id_utworu, tytul, data_dodania, data_wydania, dlugosc, id_gatunku, id_albumu, numer_w_albumie) VALUES ( 313, 'My Girl' , to_date('1-4-2016', 'DD-MM-YYYY'), to_date('7-7-1939', 'DD-MM-YYYY'), '2 minutes 50 seconds'::interval, 17, 18, 3); 
insert into utwory( id_utworu, tytul, data_dodania, data_wydania, dlugosc, id_gatunku, id_albumu, numer_w_albumie) VALUES ( 312, 'California Dreamin' , to_date('13-8-2018', 'DD-MM-YYYY'), to_date('1-3-2011', 'DD-MM-YYYY'), '4 minutes 58 seconds'::interval, 5, 20, 2); 
insert into utwory( id_utworu, tytul, data_dodania, data_wydania, dlugosc, id_gatunku, id_albumu, numer_w_albumie) VALUES ( 311, 'In the Still of the Nite' , to_date('14-12-2016', 'DD-MM-YYYY'), to_date('23-7-1972', 'DD-MM-YYYY'), '6 minutes 28 seconds'::interval, 1, 5, 9); 
insert into utwory( id_utworu, tytul, data_dodania, data_wydania, dlugosc, id_gatunku, id_albumu, numer_w_albumie) VALUES ( 310, 'Suspicious Minds' , to_date('12-2-2019', 'DD-MM-YYYY'), to_date('28-12-1947', 'DD-MM-YYYY'), '3 minutes 20 seconds'::interval, 15, 8, 5); 
insert into utwory( id_utworu, tytul, data_dodania, data_wydania, dlugosc, id_gatunku, id_albumu, numer_w_albumie) VALUES ( 309, 'Blitzkrieg Bop' , to_date('13-3-2018', 'DD-MM-YYYY'), to_date('5-1-1933', 'DD-MM-YYYY'), '3 minutes 3 seconds'::interval, 6, 13, 2); 
insert into utwory( id_utworu, tytul, data_dodania, data_wydania, dlugosc, id_gatunku, id_albumu, numer_w_albumie) VALUES ( 308, 'I Still Havenot Found What I am Looking For' , to_date('17-7-2017', 'DD-MM-YYYY'), to_date('19-12-1984', 'DD-MM-YYYY'), '5 minutes 56 seconds'::interval, 14, 15, 4); 
insert into utwory( id_utworu, tytul, data_dodania, data_wydania, dlugosc, id_gatunku, id_albumu, numer_w_albumie) VALUES ( 307, 'Good Golly, Miss Molly' , to_date('6-5-2017', 'DD-MM-YYYY'), to_date('1-7-1972', 'DD-MM-YYYY'), '6 minutes 18 seconds'::interval, 1, 5, 10); 
insert into utwory( id_utworu, tytul, data_dodania, data_wydania, dlugosc, id_gatunku, id_albumu, numer_w_albumie) VALUES ( 306, 'Blue Suede Shoes' , to_date('8-4-2017', 'DD-MM-YYYY'), to_date('18-8-1998', 'DD-MM-YYYY'), '3 minutes 48 seconds'::interval, 18, 17, 3); 
insert into utwory( id_utworu, tytul, data_dodania, data_wydania, dlugosc, id_gatunku, id_albumu, numer_w_albumie) VALUES ( 305, 'Great Balls of Fire' , to_date('6-8-2018', 'DD-MM-YYYY'), to_date('20-1-1939', 'DD-MM-YYYY'), '6 minutes 13 seconds'::interval, 15, 21, 5); 
insert into utwory( id_utworu, tytul, data_dodania, data_wydania, dlugosc, id_gatunku, id_albumu, numer_w_albumie) VALUES ( 304, 'Roll Over Beethoven' , to_date('1-10-2018', 'DD-MM-YYYY'), to_date('16-2-1933', 'DD-MM-YYYY'), '3 minutes 50 seconds'::interval, 6, 13, 3); 
insert into utwory( id_utworu, tytul, data_dodania, data_wydania, dlugosc, id_gatunku, id_albumu, numer_w_albumie) VALUES ( 303, 'Love and Happiness' , to_date('24-6-2017', 'DD-MM-YYYY'), to_date('14-12-1947', 'DD-MM-YYYY'), '6 minutes 34 seconds'::interval, 15, 8, 6); 
insert into utwory( id_utworu, tytul, data_dodania, data_wydania, dlugosc, id_gatunku, id_albumu, numer_w_albumie) VALUES ( 302, 'Fortunate Son' , to_date('7-3-2019', 'DD-MM-YYYY'), to_date('10-7-2011', 'DD-MM-YYYY'), '6 minutes 18 seconds'::interval, 10, 22, 5); 
insert into utwory( id_utworu, tytul, data_dodania, data_wydania, dlugosc, id_gatunku, id_albumu, numer_w_albumie) VALUES ( 301, 'You Canot Always Get What You Want' , to_date('3-4-2016', 'DD-MM-YYYY'), to_date('16-12-1985', 'DD-MM-YYYY'), '2 minutes 28 seconds'::interval, 1, 12, 1); 
insert into utwory( id_utworu, tytul, data_dodania, data_wydania, dlugosc, id_gatunku, id_albumu, numer_w_albumie) VALUES ( 300, 'Voodoo Child' , to_date('6-11-2015', 'DD-MM-YYYY'), to_date('1-10-2002', 'DD-MM-YYYY'), '6 minutes 16 seconds'::interval, 9, 16, 5); 
insert into utwory( id_utworu, tytul, data_dodania, data_wydania, dlugosc, id_gatunku, id_albumu, numer_w_albumie) VALUES ( 299, 'Be-Bop-A-Lula' , to_date('12-9-2015', 'DD-MM-YYYY'), to_date('17-8-1950', 'DD-MM-YYYY'), '5 minutes 53 seconds'::interval, 10, 11, 7); 
insert into utwory( id_utworu, tytul, data_dodania, data_wydania, dlugosc, id_gatunku, id_albumu, numer_w_albumie) VALUES ( 298, 'Hot Stuff' , to_date('6-4-2016', 'DD-MM-YYYY'), to_date('5-3-2011', 'DD-MM-YYYY'), '5 minutes 35 seconds'::interval, 5, 20, 3); 
insert into utwory( id_utworu, tytul, data_dodania, data_wydania, dlugosc, id_gatunku, id_albumu, numer_w_albumie) VALUES ( 297, 'Living for the City' , to_date('26-1-2018', 'DD-MM-YYYY'), to_date('21-6-1974', 'DD-MM-YYYY'), '6 minutes 20 seconds'::interval, 6, 10, 4); 
insert into utwory( id_utworu, tytul, data_dodania, data_wydania, dlugosc, id_gatunku, id_albumu, numer_w_albumie) VALUES ( 296, 'The Boxer', to_date('15-8-2018', 'DD-MM-YYYY'), to_date('11-7-2018', 'DD-MM-YYYY'), '6 minutes 7 seconds'::interval, 14, 25, 5); 
insert into utwory( id_utworu, tytul, data_dodania, data_wydania, dlugosc, id_gatunku, id_albumu, numer_w_albumie) VALUES ( 295, 'Mr. Tambourine Man' , to_date('3-2-2016', 'DD-MM-YYYY'), to_date('4-3-1960', 'DD-MM-YYYY'), '6 minutes 5 seconds'::interval, 13, 26, 8); 
insert into utwory( id_utworu, tytul, data_dodania, data_wydania, dlugosc, id_gatunku, id_albumu, numer_w_albumie) VALUES ( 294, 'Not Fade Away' , to_date('13-4-2015', 'DD-MM-YYYY'), to_date('27-10-1942', 'DD-MM-YYYY'), '5 minutes 32 seconds'::interval, 14, 23, 5); 
insert into utwory( id_utworu, tytul, data_dodania, data_wydania, dlugosc, id_gatunku, id_albumu, numer_w_albumie) VALUES ( 293, 'Little Red Corvette' , to_date('7-5-2018', 'DD-MM-YYYY'), to_date('16-11-1942', 'DD-MM-YYYY'), '3 minutes 27 seconds'::interval, 14, 23, 6); 
insert into utwory( id_utworu, tytul, data_dodania, data_wydania, dlugosc, id_gatunku, id_albumu, numer_w_albumie) VALUES ( 292, 'Brown Eyed Girl', to_date('5-7-2019', 'DD-MM-YYYY'), to_date('10-6-2019', 'DD-MM-YYYY'), '5 minutes 15 seconds'::interval, 18, 24, 7); 
insert into utwory( id_utworu, tytul, data_dodania, data_wydania, dlugosc, id_gatunku, id_albumu, numer_w_albumie) VALUES ( 291, 'I have Been Loving You Too Long' , to_date('17-7-2019', 'DD-MM-YYYY'), to_date('11-10-1942', 'DD-MM-YYYY'), '4 minutes 21 seconds'::interval, 14, 23, 7); 
insert into utwory( id_utworu, tytul, data_dodania, data_wydania, dlugosc, id_gatunku, id_albumu, numer_w_albumie) VALUES ( 290, 'Im So Lonesome I Could Cry' , to_date('15-11-2018', 'DD-MM-YYYY'), to_date('11-6-1976', 'DD-MM-YYYY'), '3 minutes 18 seconds'::interval, 10, 7, 6); 
insert into utwory( id_utworu, tytul, data_dodania, data_wydania, dlugosc, id_gatunku, id_albumu, numer_w_albumie) VALUES ( 289, 'That is All Right', to_date('16-8-2018', 'DD-MM-YYYY'), to_date('9-8-2018', 'DD-MM-YYYY'), '5 minutes 9 seconds'::interval, 14, 25, 6); 
insert into utwory( id_utworu, tytul, data_dodania, data_wydania, dlugosc, id_gatunku, id_albumu, numer_w_albumie) VALUES ( 288, 'Up on the Roof' , to_date('1-9-2017', 'DD-MM-YYYY'), to_date('20-4-1985', 'DD-MM-YYYY'), '2 minutes 29 seconds'::interval, 15, 9, 3); 
insert into utwory( id_utworu, tytul, data_dodania, data_wydania, dlugosc, id_gatunku, id_albumu, numer_w_albumie) VALUES ( 287, 'Da Doo Ron Ron' , to_date('17-2-2017', 'DD-MM-YYYY'), to_date('3-7-2011', 'DD-MM-YYYY'), '4 minutes 4 seconds'::interval, 10, 22, 6); 
insert into utwory( id_utworu, tytul, data_dodania, data_wydania, dlugosc, id_gatunku, id_albumu, numer_w_albumie) VALUES ( 286, 'You Send Me' , to_date('26-11-2015', 'DD-MM-YYYY'), to_date('5-6-1976', 'DD-MM-YYYY'), '4 minutes 9 seconds'::interval, 10, 7, 7); 
insert into utwory( id_utworu, tytul, data_dodania, data_wydania, dlugosc, id_gatunku, id_albumu, numer_w_albumie) VALUES ( 285, 'Honky Tonk Women' , to_date('14-8-2018', 'DD-MM-YYYY'), to_date('20-6-1990', 'DD-MM-YYYY'), '6 minutes 13 seconds'::interval, 1, 6, 3); 
insert into utwory( id_utworu, tytul, data_dodania, data_wydania, dlugosc, id_gatunku, id_albumu, numer_w_albumie) VALUES ( 284, 'Take Me to the River' , to_date('2-10-2018', 'DD-MM-YYYY'), to_date('8-9-2002', 'DD-MM-YYYY'), '6 minutes 16 seconds'::interval, 9, 16, 6); 
insert into utwory( id_utworu, tytul, data_dodania, data_wydania, dlugosc, id_gatunku, id_albumu, numer_w_albumie) VALUES ( 283, 'Shout' , to_date('17-8-2015', 'DD-MM-YYYY'), to_date('14-1-1939', 'DD-MM-YYYY'), '2 minutes 45 seconds'::interval, 15, 21, 6); 
insert into utwory( id_utworu, tytul, data_dodania, data_wydania, dlugosc, id_gatunku, id_albumu, numer_w_albumie) VALUES ( 282, 'Go Your Own Way' , to_date('7-1-2019', 'DD-MM-YYYY'), to_date('12-4-2002', 'DD-MM-YYYY'), '5 minutes 26 seconds'::interval, 11, 3, 3); 
insert into utwory( id_utworu, tytul, data_dodania, data_wydania, dlugosc, id_gatunku, id_albumu, numer_w_albumie) VALUES ( 281, 'I Want You Back' , to_date('2-5-2019', 'DD-MM-YYYY'), to_date('23-11-1985', 'DD-MM-YYYY'), '6 minutes 22 seconds'::interval, 1, 12, 2); 
insert into utwory( id_utworu, tytul, data_dodania, data_wydania, dlugosc, id_gatunku, id_albumu, numer_w_albumie) VALUES ( 280, 'Stand By Me' , to_date('12-12-2019', 'DD-MM-YYYY'), to_date('22-11-1985', 'DD-MM-YYYY'), '3 minutes 37 seconds'::interval, 1, 12, 3); 
insert into utwory( id_utworu, tytul, data_dodania, data_wydania, dlugosc, id_gatunku, id_albumu, numer_w_albumie) VALUES ( 279, 'House of the Rising Sun' , to_date('21-8-2015', 'DD-MM-YYYY'), to_date('23-8-1947', 'DD-MM-YYYY'), '2 minutes 22 seconds'::interval, 9, 14, 3); 
insert into utwory( id_utworu, tytul, data_dodania, data_wydania, dlugosc, id_gatunku, id_albumu, numer_w_albumie) VALUES ( 278, 'It is a Man Man Man World' , to_date('27-6-2015', 'DD-MM-YYYY'), to_date('8-6-1990', 'DD-MM-YYYY'), '3 minutes 7 seconds'::interval, 1, 6, 4); 
insert into utwory( id_utworu, tytul, data_dodania, data_wydania, dlugosc, id_gatunku, id_albumu, numer_w_albumie) VALUES ( 277, 'Jumping Jack Flash' , to_date('4-11-2019', 'DD-MM-YYYY'), to_date('20-1-1939', 'DD-MM-YYYY'), '2 minutes 39 seconds'::interval, 15, 21, 7); 
insert into utwory( id_utworu, tytul, data_dodania, data_wydania, dlugosc, id_gatunku, id_albumu, numer_w_albumie) VALUES ( 276, 'Will You Love Me Tomorrow' , to_date('21-12-2017', 'DD-MM-YYYY'), to_date('13-9-1998', 'DD-MM-YYYY'), '5 minutes 57 seconds'::interval, 18, 17, 4); 
insert into utwory( id_utworu, tytul, data_dodania, data_wydania, dlugosc, id_gatunku, id_albumu, numer_w_albumie) VALUES ( 275, 'Shake, Rattle & Roll' , to_date('5-3-2019', 'DD-MM-YYYY'), to_date('16-11-1947', 'DD-MM-YYYY'), '4 minutes 6 seconds'::interval, 15, 8, 7); 
insert into utwory( id_utworu, tytul, data_dodania, data_wydania, dlugosc, id_gatunku, id_albumu, numer_w_albumie) VALUES ( 274, 'Changes', to_date('18-8-2019', 'DD-MM-YYYY'), to_date('23-7-2019', 'DD-MM-YYYY'), '6 minutes 44 seconds'::interval, 18, 24, 8); 
insert into utwory( id_utworu, tytul, data_dodania, data_wydania, dlugosc, id_gatunku, id_albumu, numer_w_albumie) VALUES ( 273, 'Rock & Roll Music' , to_date('16-9-2018', 'DD-MM-YYYY'), to_date('8-12-1947', 'DD-MM-YYYY'), '2 minutes 54 seconds'::interval, 15, 8, 8); 
insert into utwory( id_utworu, tytul, data_dodania, data_wydania, dlugosc, id_gatunku, id_albumu, numer_w_albumie) VALUES ( 272, 'Born to Be Wild' , to_date('10-1-2018', 'DD-MM-YYYY'), to_date('4-11-1942', 'DD-MM-YYYY'), '4 minutes 6 seconds'::interval, 14, 23, 8); 
insert into utwory( id_utworu, tytul, data_dodania, data_wydania, dlugosc, id_gatunku, id_albumu, numer_w_albumie) VALUES ( 271, 'Maggie May' , to_date('24-8-2018', 'DD-MM-YYYY'), to_date('7-2-1939', 'DD-MM-YYYY'), '5 minutes 9 seconds'::interval, 15, 21, 8); 
insert into utwory( id_utworu, tytul, data_dodania, data_wydania, dlugosc, id_gatunku, id_albumu, numer_w_albumie) VALUES ( 270, 'With or Without You', to_date('26-8-2018', 'DD-MM-YYYY'), to_date('16-7-2018', 'DD-MM-YYYY'), '2 minutes 49 seconds'::interval, 14, 25, 7); 
insert into utwory( id_utworu, tytul, data_dodania, data_wydania, dlugosc, id_gatunku, id_albumu, numer_w_albumie) VALUES ( 269, 'Who Do You Love' , to_date('20-2-2015', 'DD-MM-YYYY'), to_date('25-2-1960', 'DD-MM-YYYY'), '3 minutes 38 seconds'::interval, 13, 26, 9); 
insert into utwory( id_utworu, tytul, data_dodania, data_wydania, dlugosc, id_gatunku, id_albumu, numer_w_albumie) VALUES ( 268, 'Will not Get Fooled Again' , to_date('5-5-2016', 'DD-MM-YYYY'), to_date('19-12-1984', 'DD-MM-YYYY'), '5 minutes 48 seconds'::interval, 14, 15, 5); 
insert into utwory( id_utworu, tytul, data_dodania, data_wydania, dlugosc, id_gatunku, id_albumu, numer_w_albumie) VALUES ( 267, 'In the Midnight Hour' , to_date('14-9-2017', 'DD-MM-YYYY'), to_date('2-3-1960', 'DD-MM-YYYY'), '3 minutes 53 seconds'::interval, 13, 26, 10); 
insert into utwory( id_utworu, tytul, data_dodania, data_wydania, dlugosc, id_gatunku, id_albumu, numer_w_albumie) VALUES ( 266, 'While My Guitar Gently Weeps' , to_date('17-1-2019', 'DD-MM-YYYY'), to_date('10-11-1942', 'DD-MM-YYYY'), '3 minutes 32 seconds'::interval, 14, 23, 9); 
insert into utwory( id_utworu, tytul, data_dodania, data_wydania, dlugosc, id_gatunku, id_albumu, numer_w_albumie) VALUES ( 265, 'Your Song' , to_date('11-10-2015', 'DD-MM-YYYY'), to_date('9-8-1998', 'DD-MM-YYYY'), '6 minutes 50 seconds'::interval, 18, 17, 5); 
insert into utwory( id_utworu, tytul, data_dodania, data_wydania, dlugosc, id_gatunku, id_albumu, numer_w_albumie) VALUES ( 264, 'Eleanor Rigby' , to_date('12-8-2015', 'DD-MM-YYYY'), to_date('12-11-1937', 'DD-MM-YYYY'), '6 minutes 0 seconds'::interval, 4, 19, 3); 
insert into utwory( id_utworu, tytul, data_dodania, data_wydania, dlugosc, id_gatunku, id_albumu, numer_w_albumie) VALUES ( 263, 'Family Affair' , to_date('18-11-2016', 'DD-MM-YYYY'), to_date('20-6-1939', 'DD-MM-YYYY'), '3 minutes 3 seconds'::interval, 17, 18, 4); 
insert into utwory( id_utworu, tytul, data_dodania, data_wydania, dlugosc, id_gatunku, id_albumu, numer_w_albumie) VALUES ( 262, 'I Saw Her Standing There' , to_date('26-12-2018', 'DD-MM-YYYY'), to_date('21-11-1942', 'DD-MM-YYYY'), '3 minutes 47 seconds'::interval, 14, 23, 10); 
insert into utwory( id_utworu, tytul, data_dodania, data_wydania, dlugosc, id_gatunku, id_albumu, numer_w_albumie) VALUES ( 261, 'Kashmir' , to_date('25-5-2017', 'DD-MM-YYYY'), to_date('22-12-1984', 'DD-MM-YYYY'), '3 minutes 46 seconds'::interval, 14, 15, 6); 
insert into utwory( id_utworu, tytul, data_dodania, data_wydania, dlugosc, id_gatunku, id_albumu, numer_w_albumie) VALUES ( 260, 'All I Have to Do Is Dream' , to_date('10-2-2018', 'DD-MM-YYYY'), to_date('21-6-1990', 'DD-MM-YYYY'), '3 minutes 15 seconds'::interval, 1, 6, 5); 
insert into utwory( id_utworu, tytul, data_dodania, data_wydania, dlugosc, id_gatunku, id_albumu, numer_w_albumie) VALUES ( 259, 'Please, Please, Please' , to_date('10-1-2015', 'DD-MM-YYYY'), to_date('26-8-2011', 'DD-MM-YYYY'), '2 minutes 55 seconds'::interval, 10, 22, 7); 
insert into utwory( id_utworu, tytul, data_dodania, data_wydania, dlugosc, id_gatunku, id_albumu, numer_w_albumie) VALUES ( 258, 'Purple Rain' , to_date('1-10-2016', 'DD-MM-YYYY'), to_date('5-3-2002', 'DD-MM-YYYY'), '6 minutes 1 seconds'::interval, 11, 3, 4); 
insert into utwory( id_utworu, tytul, data_dodania, data_wydania, dlugosc, id_gatunku, id_albumu, numer_w_albumie) VALUES ( 257, 'I Wanna Be Sedated' , to_date('14-2-2015', 'DD-MM-YYYY'), to_date('26-3-1975', 'DD-MM-YYYY'), '5 minutes 19 seconds'::interval, 3, 2, 5); 
insert into utwory( id_utworu, tytul, data_dodania, data_wydania, dlugosc, id_gatunku, id_albumu, numer_w_albumie) VALUES ( 256, 'Everyday People' , to_date('20-3-2015', 'DD-MM-YYYY'), to_date('20-8-1950', 'DD-MM-YYYY'), '5 minutes 25 seconds'::interval, 10, 11, 8); 
insert into utwory( id_utworu, tytul, data_dodania, data_wydania, dlugosc, id_gatunku, id_albumu, numer_w_albumie) VALUES ( 255, 'Rock Lobster' , to_date('18-8-2015', 'DD-MM-YYYY'), to_date('9-6-1974', 'DD-MM-YYYY'), '3 minutes 28 seconds'::interval, 6, 10, 5); 
insert into utwory( id_utworu, tytul, data_dodania, data_wydania, dlugosc, id_gatunku, id_albumu, numer_w_albumie) VALUES ( 254, 'Lust for Life' , to_date('28-1-2017', 'DD-MM-YYYY'), to_date('19-2-1939', 'DD-MM-YYYY'), '5 minutes 25 seconds'::interval, 15, 21, 9); 
insert into utwory( id_utworu, tytul, data_dodania, data_wydania, dlugosc, id_gatunku, id_albumu, numer_w_albumie) VALUES ( 253, 'Me and Bobby McGee' , to_date('14-12-2017', 'DD-MM-YYYY'), to_date('17-8-2011', 'DD-MM-YYYY'), '6 minutes 38 seconds'::interval, 10, 22, 8); 
insert into utwory( id_utworu, tytul, data_dodania, data_wydania, dlugosc, id_gatunku, id_albumu, numer_w_albumie) VALUES ( 252, 'Cathy is Clown' , to_date('3-5-2016', 'DD-MM-YYYY'), to_date('26-2-1960', 'DD-MM-YYYY'), '3 minutes 38 seconds'::interval, 13, 26, 11); 
insert into utwory( id_utworu, tytul, data_dodania, data_wydania, dlugosc, id_gatunku, id_albumu, numer_w_albumie) VALUES ( 251, 'Eight Miles High' , to_date('27-7-2016', 'DD-MM-YYYY'), to_date('19-12-1985', 'DD-MM-YYYY'), '2 minutes 2 seconds'::interval, 1, 12, 4); 
insert into utwory( id_utworu, tytul, data_dodania, data_wydania, dlugosc, id_gatunku, id_albumu, numer_w_albumie) VALUES ( 250, 'Earth Angel' , to_date('12-7-2016', 'DD-MM-YYYY'), to_date('1-3-2011', 'DD-MM-YYYY'), '5 minutes 43 seconds'::interval, 5, 20, 4); 
insert into utwory( id_utworu, tytul, data_dodania, data_wydania, dlugosc, id_gatunku, id_albumu, numer_w_albumie) VALUES ( 249, 'Foxey Lady' , to_date('18-10-2019', 'DD-MM-YYYY'), to_date('5-2-1933', 'DD-MM-YYYY'), '3 minutes 21 seconds'::interval, 6, 13, 4); 
insert into utwory( id_utworu, tytul, data_dodania, data_wydania, dlugosc, id_gatunku, id_albumu, numer_w_albumie) VALUES ( 248, 'A Hard Day Night' , to_date('20-3-2018', 'DD-MM-YYYY'), to_date('23-3-1975', 'DD-MM-YYYY'), '4 minutes 38 seconds'::interval, 3, 2, 6); 
insert into utwory( id_utworu, tytul, data_dodania, data_wydania, dlugosc, id_gatunku, id_albumu, numer_w_albumie) VALUES ( 247, 'Rave On' , to_date('11-5-2018', 'DD-MM-YYYY'), to_date('25-6-1974', 'DD-MM-YYYY'), '4 minutes 0 seconds'::interval, 6, 10, 6); 
insert into utwory( id_utworu, tytul, data_dodania, data_wydania, dlugosc, id_gatunku, id_albumu, numer_w_albumie) VALUES ( 246, 'Proud Mary' , to_date('28-7-2018', 'DD-MM-YYYY'), to_date('3-7-1927', 'DD-MM-YYYY'), '6 minutes 25 seconds'::interval, 2, 4, 3); 
insert into utwory( id_utworu, tytul, data_dodania, data_wydania, dlugosc, id_gatunku, id_albumu, numer_w_albumie) VALUES ( 245, 'The Sounds of Silence' , to_date('17-11-2017', 'DD-MM-YYYY'), to_date('18-12-1947', 'DD-MM-YYYY'), '6 minutes 31 seconds'::interval, 15, 8, 9); 
insert into utwory( id_utworu, tytul, data_dodania, data_wydania, dlugosc, id_gatunku, id_albumu, numer_w_albumie) VALUES ( 244, 'I Only Have Eyes for You' , to_date('27-7-2019', 'DD-MM-YYYY'), to_date('3-3-2002', 'DD-MM-YYYY'), '2 minutes 47 seconds'::interval, 11, 3, 5); 
insert into utwory( id_utworu, tytul, data_dodania, data_wydania, dlugosc, id_gatunku, id_albumu, numer_w_albumie) VALUES ( 243, 'Rock Around the Clock' , to_date('3-4-2019', 'DD-MM-YYYY'), to_date('10-6-1972', 'DD-MM-YYYY'), '2 minutes 43 seconds'::interval, 1, 5, 11); 
insert into utwory( id_utworu, tytul, data_dodania, data_wydania, dlugosc, id_gatunku, id_albumu, numer_w_albumie) VALUES ( 242, 'I am Waiting for the Man' , to_date('10-12-2015', 'DD-MM-YYYY'), to_date('17-11-1984', 'DD-MM-YYYY'), '6 minutes 54 seconds'::interval, 14, 15, 7); 
insert into utwory( id_utworu, tytul, data_dodania, data_wydania, dlugosc, id_gatunku, id_albumu, numer_w_albumie) VALUES ( 241, 'Bring the Noise' , to_date('22-11-2017', 'DD-MM-YYYY'), to_date('21-2-1960', 'DD-MM-YYYY'), '4 minutes 36 seconds'::interval, 13, 26, 12); 
insert into utwory( id_utworu, tytul, data_dodania, data_wydania, dlugosc, id_gatunku, id_albumu, numer_w_albumie) VALUES ( 240, 'I Cannot Stop Loving You' , to_date('5-12-2016', 'DD-MM-YYYY'), to_date('8-12-1984', 'DD-MM-YYYY'), '6 minutes 40 seconds'::interval, 14, 15, 8); 
insert into utwory( id_utworu, tytul, data_dodania, data_wydania, dlugosc, id_gatunku, id_albumu, numer_w_albumie) VALUES ( 239, 'Nothing Compares 2 U' , to_date('16-8-2015', 'DD-MM-YYYY'), to_date('24-12-1947', 'DD-MM-YYYY'), '3 minutes 2 seconds'::interval, 15, 8, 10); 
insert into utwory( id_utworu, tytul, data_dodania, data_wydania, dlugosc, id_gatunku, id_albumu, numer_w_albumie) VALUES ( 238, 'Bohemian Rhapsody' , to_date('27-2-2016', 'DD-MM-YYYY'), to_date('12-7-1972', 'DD-MM-YYYY'), '2 minutes 56 seconds'::interval, 1, 5, 12); 
insert into utwory( id_utworu, tytul, data_dodania, data_wydania, dlugosc, id_gatunku, id_albumu, numer_w_albumie) VALUES ( 237, 'Folsom Prison Blues' , to_date('23-4-2018', 'DD-MM-YYYY'), to_date('5-2-1960', 'DD-MM-YYYY'), '5 minutes 40 seconds'::interval, 13, 26, 13); 
insert into utwory( id_utworu, tytul, data_dodania, data_wydania, dlugosc, id_gatunku, id_albumu, numer_w_albumie) VALUES ( 236, 'Fast Car' , to_date('3-3-2018', 'DD-MM-YYYY'), to_date('10-2-1933', 'DD-MM-YYYY'), '3 minutes 31 seconds'::interval, 6, 13, 5); 
insert into utwory( id_utworu, tytul, data_dodania, data_wydania, dlugosc, id_gatunku, id_albumu, numer_w_albumie) VALUES ( 235, 'Lose Yourself' , to_date('15-1-2016', 'DD-MM-YYYY'), to_date('8-8-1950', 'DD-MM-YYYY'), '4 minutes 25 seconds'::interval, 10, 11, 9); 
insert into utwory( id_utworu, tytul, data_dodania, data_wydania, dlugosc, id_gatunku, id_albumu, numer_w_albumie) VALUES ( 234, 'Let Get It On' , to_date('5-3-2019', 'DD-MM-YYYY'), to_date('1-12-1947', 'DD-MM-YYYY'), '4 minutes 39 seconds'::interval, 15, 8, 11); 
insert into utwory( id_utworu, tytul, data_dodania, data_wydania, dlugosc, id_gatunku, id_albumu, numer_w_albumie) VALUES ( 233, 'Papa Was a Rolling Stone' , to_date('9-11-2015', 'DD-MM-YYYY'), to_date('20-5-1974', 'DD-MM-YYYY'), '4 minutes 15 seconds'::interval, 6, 10, 7); 
insert into utwory( id_utworu, tytul, data_dodania, data_wydania, dlugosc, id_gatunku, id_albumu, numer_w_albumie) VALUES ( 232, 'Losing My Religion' , to_date('11-11-2016', 'DD-MM-YYYY'), to_date('25-6-1976', 'DD-MM-YYYY'), '3 minutes 38 seconds'::interval, 10, 7, 8); 
insert into utwory( id_utworu, tytul, data_dodania, data_wydania, dlugosc, id_gatunku, id_albumu, numer_w_albumie) VALUES ( 231, 'Both Sides Now' , to_date('15-5-2017', 'DD-MM-YYYY'), to_date('15-10-1942', 'DD-MM-YYYY'), '5 minutes 27 seconds'::interval, 14, 23, 11); 
insert into utwory( id_utworu, tytul, data_dodania, data_wydania, dlugosc, id_gatunku, id_albumu, numer_w_albumie) VALUES ( 230, 'Dancing Queen' , to_date('13-2-2016', 'DD-MM-YYYY'), to_date('20-9-2002', 'DD-MM-YYYY'), '2 minutes 45 seconds'::interval, 9, 16, 7); 
insert into utwory( id_utworu, tytul, data_dodania, data_wydania, dlugosc, id_gatunku, id_albumu, numer_w_albumie) VALUES ( 229, 'Dream On' , to_date('26-4-2018', 'DD-MM-YYYY'), to_date('14-12-1947', 'DD-MM-YYYY'), '2 minutes 27 seconds'::interval, 15, 8, 12); 
insert into utwory( id_utworu, tytul, data_dodania, data_wydania, dlugosc, id_gatunku, id_albumu, numer_w_albumie) VALUES ( 228, 'God Save the Queen' , to_date('26-1-2019', 'DD-MM-YYYY'), to_date('6-6-1972', 'DD-MM-YYYY'), '4 minutes 32 seconds'::interval, 1, 5, 13); 
insert into utwory( id_utworu, tytul, data_dodania, data_wydania, dlugosc, id_gatunku, id_albumu, numer_w_albumie) VALUES ( 227, 'Paint It, Black' , to_date('24-7-2015', 'DD-MM-YYYY'), to_date('23-7-2011', 'DD-MM-YYYY'), '2 minutes 43 seconds'::interval, 10, 22, 9); 
insert into utwory( id_utworu, tytul, data_dodania, data_wydania, dlugosc, id_gatunku, id_albumu, numer_w_albumie) VALUES ( 226, 'I Fought the Law' , to_date('21-2-2019', 'DD-MM-YYYY'), to_date('7-6-1974', 'DD-MM-YYYY'), '3 minutes 23 seconds'::interval, 6, 10, 8); 
insert into utwory( id_utworu, tytul, data_dodania, data_wydania, dlugosc, id_gatunku, id_albumu, numer_w_albumie) VALUES ( 225, 'Donnot Worry Baby' , to_date('14-12-2019', 'DD-MM-YYYY'), to_date('23-11-1937', 'DD-MM-YYYY'), '2 minutes 0 seconds'::interval, 4, 19, 4); 
insert into utwory( id_utworu, tytul, data_dodania, data_wydania, dlugosc, id_gatunku, id_albumu, numer_w_albumie) VALUES ( 224, 'Free Fallin' , to_date('9-10-2015', 'DD-MM-YYYY'), to_date('4-1-1964', 'DD-MM-YYYY'), '2 minutes 12 seconds'::interval, 12, 1, 4); 
insert into utwory( id_utworu, tytul, data_dodania, data_wydania, dlugosc, id_gatunku, id_albumu, numer_w_albumie) VALUES ( 223, 'September Gurls' , to_date('22-11-2017', 'DD-MM-YYYY'), to_date('6-8-1950', 'DD-MM-YYYY'), '3 minutes 11 seconds'::interval, 10, 11, 10); 
insert into utwory( id_utworu, tytul, data_dodania, data_wydania, dlugosc, id_gatunku, id_albumu, numer_w_albumie) VALUES ( 222, 'Love Will Tear Us Apart' , to_date('20-8-2016', 'DD-MM-YYYY'), to_date('16-8-1927', 'DD-MM-YYYY'), '3 minutes 8 seconds'::interval, 2, 4, 4); 
insert into utwory( id_utworu, tytul, data_dodania, data_wydania, dlugosc, id_gatunku, id_albumu, numer_w_albumie) VALUES ( 221, 'Hey Ya!' , to_date('14-4-2018', 'DD-MM-YYYY'), to_date('16-8-1947', 'DD-MM-YYYY'), '6 minutes 3 seconds'::interval, 9, 14, 4); 
insert into utwory( id_utworu, tytul, data_dodania, data_wydania, dlugosc, id_gatunku, id_albumu, numer_w_albumie) VALUES ( 220, 'Green Onions', to_date('1-8-2018', 'DD-MM-YYYY'), to_date('2-7-2018', 'DD-MM-YYYY'), '4 minutes 23 seconds'::interval, 14, 25, 8); 
insert into utwory( id_utworu, tytul, data_dodania, data_wydania, dlugosc, id_gatunku, id_albumu, numer_w_albumie) VALUES ( 219, 'Save the Last Dance for Me' , to_date('12-8-2019', 'DD-MM-YYYY'), to_date('8-8-1998', 'DD-MM-YYYY'), '5 minutes 19 seconds'::interval, 18, 17, 6); 
insert into utwory( id_utworu, tytul, data_dodania, data_wydania, dlugosc, id_gatunku, id_albumu, numer_w_albumie) VALUES ( 218, 'The Thrill Is Gone' , to_date('1-6-2015', 'DD-MM-YYYY'), to_date('9-3-2002', 'DD-MM-YYYY'), '4 minutes 52 seconds'::interval, 11, 3, 6); 
insert into utwory( id_utworu, tytul, data_dodania, data_wydania, dlugosc, id_gatunku, id_albumu, numer_w_albumie) VALUES ( 217, 'Please Please Me' , to_date('25-3-2019', 'DD-MM-YYYY'), to_date('21-5-1990', 'DD-MM-YYYY'), '6 minutes 16 seconds'::interval, 1, 6, 6); 
insert into utwory( id_utworu, tytul, data_dodania, data_wydania, dlugosc, id_gatunku, id_albumu, numer_w_albumie) VALUES ( 216, 'Desolation Row' , to_date('2-11-2018', 'DD-MM-YYYY'), to_date('8-2-1933', 'DD-MM-YYYY'), '3 minutes 54 seconds'::interval, 6, 13, 6); 
insert into utwory( id_utworu, tytul, data_dodania, data_wydania, dlugosc, id_gatunku, id_albumu, numer_w_albumie) VALUES ( 215, 'I Never Loved a Man' , to_date('1-5-2017', 'DD-MM-YYYY'), to_date('10-4-2002', 'DD-MM-YYYY'), '4 minutes 43 seconds'::interval, 11, 3, 7); 
insert into utwory( id_utworu, tytul, data_dodania, data_wydania, dlugosc, id_gatunku, id_albumu, numer_w_albumie) VALUES ( 214, 'Back in Black' , to_date('19-6-2018', 'DD-MM-YYYY'), to_date('16-9-2002', 'DD-MM-YYYY'), '2 minutes 40 seconds'::interval, 9, 16, 8); 
insert into utwory( id_utworu, tytul, data_dodania, data_wydania, dlugosc, id_gatunku, id_albumu, numer_w_albumie) VALUES ( 213, 'Who Stop the Rain' , to_date('4-8-2017', 'DD-MM-YYYY'), to_date('26-10-2002', 'DD-MM-YYYY'), '6 minutes 57 seconds'::interval, 9, 16, 9); 
insert into utwory( id_utworu, tytul, data_dodania, data_wydania, dlugosc, id_gatunku, id_albumu, numer_w_albumie) VALUES ( 212, 'Stayin Alive' , to_date('27-11-2019', 'DD-MM-YYYY'), to_date('21-11-1947', 'DD-MM-YYYY'), '5 minutes 4 seconds'::interval, 15, 8, 13); 
insert into utwory( id_utworu, tytul, data_dodania, data_wydania, dlugosc, id_gatunku, id_albumu, numer_w_albumie) VALUES ( 211, 'Knocking on Heavens Door' , to_date('12-10-2019', 'DD-MM-YYYY'), to_date('23-2-1933', 'DD-MM-YYYY'), '2 minutes 26 seconds'::interval, 6, 13, 7); 
insert into utwory( id_utworu, tytul, data_dodania, data_wydania, dlugosc, id_gatunku, id_albumu, numer_w_albumie) VALUES ( 210, 'Free Bird', to_date('18-8-2018', 'DD-MM-YYYY'), to_date('16-8-2018', 'DD-MM-YYYY'), '3 minutes 38 seconds'::interval, 14, 25, 9); 
insert into utwory( id_utworu, tytul, data_dodania, data_wydania, dlugosc, id_gatunku, id_albumu, numer_w_albumie) VALUES ( 209, 'Wichita Lineman' , to_date('6-1-2015', 'DD-MM-YYYY'), to_date('17-4-2002', 'DD-MM-YYYY'), '5 minutes 28 seconds'::interval, 11, 3, 8); 
insert into utwory( id_utworu, tytul, data_dodania, data_wydania, dlugosc, id_gatunku, id_albumu, numer_w_albumie) VALUES ( 208, 'There Goes My Baby' , to_date('21-2-2019', 'DD-MM-YYYY'), to_date('28-4-1975', 'DD-MM-YYYY'), '5 minutes 50 seconds'::interval, 3, 2, 7); 
insert into utwory( id_utworu, tytul, data_dodania, data_wydania, dlugosc, id_gatunku, id_albumu, numer_w_albumie) VALUES ( 207, 'Peggy Sue' , to_date('18-3-2015', 'DD-MM-YYYY'), to_date('13-7-1927', 'DD-MM-YYYY'), '2 minutes 47 seconds'::interval, 2, 4, 5); 
insert into utwory( id_utworu, tytul, data_dodania, data_wydania, dlugosc, id_gatunku, id_albumu, numer_w_albumie) VALUES ( 206, 'Maybe' , to_date('7-8-2017', 'DD-MM-YYYY'), to_date('28-1-1964', 'DD-MM-YYYY'), '4 minutes 19 seconds'::interval, 12, 1, 5); 
insert into utwory( id_utworu, tytul, data_dodania, data_wydania, dlugosc, id_gatunku, id_albumu, numer_w_albumie) VALUES ( 205, 'Sweet Child of Mine' , to_date('11-1-2019', 'DD-MM-YYYY'), to_date('25-9-1998', 'DD-MM-YYYY'), '5 minutes 17 seconds'::interval, 18, 17, 7); 
insert into utwory( id_utworu, tytul, data_dodania, data_wydania, dlugosc, id_gatunku, id_albumu, numer_w_albumie) VALUES ( 204, 'Donnot Be Cruel' , to_date('23-11-2018', 'DD-MM-YYYY'), to_date('22-8-2011', 'DD-MM-YYYY'), '6 minutes 32 seconds'::interval, 10, 22, 10); 
insert into utwory( id_utworu, tytul, data_dodania, data_wydania, dlugosc, id_gatunku, id_albumu, numer_w_albumie) VALUES ( 203, 'Hey Joe' , to_date('8-5-2015', 'DD-MM-YYYY'), to_date('8-6-1972', 'DD-MM-YYYY'), '5 minutes 23 seconds'::interval, 1, 5, 14); 
insert into utwory( id_utworu, tytul, data_dodania, data_wydania, dlugosc, id_gatunku, id_albumu, numer_w_albumie) VALUES ( 202, 'Flash Light' , to_date('3-7-2018', 'DD-MM-YYYY'), to_date('4-6-1972', 'DD-MM-YYYY'), '6 minutes 37 seconds'::interval, 1, 5, 15); 
insert into utwory( id_utworu, tytul, data_dodania, data_wydania, dlugosc, id_gatunku, id_albumu, numer_w_albumie) VALUES ( 201, 'Loser' , to_date('27-12-2017', 'DD-MM-YYYY'), to_date('5-7-1939', 'DD-MM-YYYY'), '5 minutes 55 seconds'::interval, 17, 18, 5); 
insert into utwory( id_utworu, tytul, data_dodania, data_wydania, dlugosc, id_gatunku, id_albumu, numer_w_albumie) VALUES ( 200, 'Bizarre Love Triangle' , to_date('15-11-2019', 'DD-MM-YYYY'), to_date('25-8-1950', 'DD-MM-YYYY'), '6 minutes 7 seconds'::interval, 10, 11, 11); 
insert into utwory( id_utworu, tytul, data_dodania, data_wydania, dlugosc, id_gatunku, id_albumu, numer_w_albumie) VALUES ( 199, 'Come Together' , to_date('1-11-2019', 'DD-MM-YYYY'), to_date('13-2-1964', 'DD-MM-YYYY'), '4 minutes 33 seconds'::interval, 12, 1, 6); 
insert into utwory( id_utworu, tytul, data_dodania, data_wydania, dlugosc, id_gatunku, id_albumu, numer_w_albumie) VALUES ( 198, 'Positively 4th Street' , to_date('24-8-2017', 'DD-MM-YYYY'), to_date('18-11-1942', 'DD-MM-YYYY'), '2 minutes 31 seconds'::interval, 14, 23, 12); 
insert into utwory( id_utworu, tytul, data_dodania, data_wydania, dlugosc, id_gatunku, id_albumu, numer_w_albumie) VALUES ( 197, 'Try a Little Tenderness' , to_date('3-11-2015', 'DD-MM-YYYY'), to_date('23-11-1985', 'DD-MM-YYYY'), '5 minutes 4 seconds'::interval, 1, 12, 5); 
insert into utwory( id_utworu, tytul, data_dodania, data_wydania, dlugosc, id_gatunku, id_albumu, numer_w_albumie) VALUES ( 196, 'Lean On Me' , to_date('23-8-2015', 'DD-MM-YYYY'), to_date('9-7-1950', 'DD-MM-YYYY'), '2 minutes 39 seconds'::interval, 10, 11, 12); 
insert into utwory( id_utworu, tytul, data_dodania, data_wydania, dlugosc, id_gatunku, id_albumu, numer_w_albumie) VALUES ( 195, 'Reach Out, I will Be There' , to_date('3-8-2018', 'DD-MM-YYYY'), to_date('26-3-2011', 'DD-MM-YYYY'), '3 minutes 9 seconds'::interval, 5, 20, 5); 
insert into utwory( id_utworu, tytul, data_dodania, data_wydania, dlugosc, id_gatunku, id_albumu, numer_w_albumie) VALUES ( 194, 'Bye Bye Love' , to_date('8-9-2019', 'DD-MM-YYYY'), to_date('1-11-1942', 'DD-MM-YYYY'), '6 minutes 59 seconds'::interval, 14, 23, 13); 
insert into utwory( id_utworu, tytul, data_dodania, data_wydania, dlugosc, id_gatunku, id_albumu, numer_w_albumie) VALUES ( 193, 'Gloria' , to_date('1-2-2017', 'DD-MM-YYYY'), to_date('5-6-1974', 'DD-MM-YYYY'), '4 minutes 2 seconds'::interval, 6, 10, 9); 
insert into utwory( id_utworu, tytul, data_dodania, data_wydania, dlugosc, id_gatunku, id_albumu, numer_w_albumie) VALUES ( 192, 'In My Room' , to_date('2-5-2017', 'DD-MM-YYYY'), to_date('2-8-1950', 'DD-MM-YYYY'), '3 minutes 9 seconds'::interval, 10, 11, 13); 
insert into utwory( id_utworu, tytul, data_dodania, data_wydania, dlugosc, id_gatunku, id_albumu, numer_w_albumie) VALUES ( 191, '96 Tears' , to_date('21-8-2019', 'DD-MM-YYYY'), to_date('14-6-1939', 'DD-MM-YYYY'), '6 minutes 39 seconds'::interval, 17, 18, 6); 
insert into utwory( id_utworu, tytul, data_dodania, data_wydania, dlugosc, id_gatunku, id_albumu, numer_w_albumie) VALUES ( 190, 'Caroline, No' , to_date('21-2-2019', 'DD-MM-YYYY'), to_date('1-7-1939', 'DD-MM-YYYY'), '3 minutes 3 seconds'::interval, 17, 18, 7); 
insert into utwory( id_utworu, tytul, data_dodania, data_wydania, dlugosc, id_gatunku, id_albumu, numer_w_albumie) VALUES ( 189, '1999' , to_date('2-1-2019', 'DD-MM-YYYY'), to_date('8-9-1998', 'DD-MM-YYYY'), '4 minutes 4 seconds'::interval, 18, 17, 8); 
insert into utwory( id_utworu, tytul, data_dodania, data_wydania, dlugosc, id_gatunku, id_albumu, numer_w_albumie) VALUES ( 188, 'Your Cheating Heart' , to_date('12-12-2017', 'DD-MM-YYYY'), to_date('19-10-1942', 'DD-MM-YYYY'), '4 minutes 19 seconds'::interval, 14, 23, 14); 
insert into utwory( id_utworu, tytul, data_dodania, data_wydania, dlugosc, id_gatunku, id_albumu, numer_w_albumie) VALUES ( 187, 'Rocking in the Free World' , to_date('17-1-2019', 'DD-MM-YYYY'), to_date('20-6-1974', 'DD-MM-YYYY'), '2 minutes 30 seconds'::interval, 6, 10, 10); 
insert into utwory( id_utworu, tytul, data_dodania, data_wydania, dlugosc, id_gatunku, id_albumu, numer_w_albumie) VALUES ( 186, 'Sh-Boom' , to_date('22-9-2017', 'DD-MM-YYYY'), to_date('3-5-1974', 'DD-MM-YYYY'), '2 minutes 14 seconds'::interval, 6, 10, 11); 
insert into utwory( id_utworu, tytul, data_dodania, data_wydania, dlugosc, id_gatunku, id_albumu, numer_w_albumie) VALUES ( 185, 'Do You Believe in Magic' , to_date('1-4-2015', 'DD-MM-YYYY'), to_date('14-1-1933', 'DD-MM-YYYY'), '2 minutes 7 seconds'::interval, 6, 13, 8); 
insert into utwory( id_utworu, tytul, data_dodania, data_wydania, dlugosc, id_gatunku, id_albumu, numer_w_albumie) VALUES ( 184, 'Jolene' , to_date('18-10-2017', 'DD-MM-YYYY'), to_date('15-10-1942', 'DD-MM-YYYY'), '5 minutes 25 seconds'::interval, 14, 23, 15); 
insert into utwory( id_utworu, tytul, data_dodania, data_wydania, dlugosc, id_gatunku, id_albumu, numer_w_albumie) VALUES ( 183, 'Boom Boom' , to_date('2-8-2015', 'DD-MM-YYYY'), to_date('17-6-1974', 'DD-MM-YYYY'), '2 minutes 36 seconds'::interval, 6, 10, 12); 
insert into utwory( id_utworu, tytul, data_dodania, data_wydania, dlugosc, id_gatunku, id_albumu, numer_w_albumie) VALUES ( 182, 'Spoonful' , to_date('24-3-2017', 'DD-MM-YYYY'), to_date('9-9-1947', 'DD-MM-YYYY'), '6 minutes 36 seconds'::interval, 9, 14, 5); 
insert into utwory( id_utworu, tytul, data_dodania, data_wydania, dlugosc, id_gatunku, id_albumu, numer_w_albumie) VALUES ( 181, 'Walk Away Renee' , to_date('16-1-2016', 'DD-MM-YYYY'), to_date('6-11-1937', 'DD-MM-YYYY'), '2 minutes 2 seconds'::interval, 4, 19, 5); 
insert into utwory( id_utworu, tytul, data_dodania, data_wydania, dlugosc, id_gatunku, id_albumu, numer_w_albumie) VALUES ( 180, 'Walk on the Wild Side' , to_date('3-6-2017', 'DD-MM-YYYY'), to_date('3-1-1964', 'DD-MM-YYYY'), '3 minutes 5 seconds'::interval, 12, 1, 7); 
insert into utwory( id_utworu, tytul, data_dodania, data_wydania, dlugosc, id_gatunku, id_albumu, numer_w_albumie) VALUES ( 179, 'Oh, Pretty Woman' , to_date('9-6-2018', 'DD-MM-YYYY'), to_date('11-7-1972', 'DD-MM-YYYY'), '3 minutes 23 seconds'::interval, 1, 5, 16); 
insert into utwory( id_utworu, tytul, data_dodania, data_wydania, dlugosc, id_gatunku, id_albumu, numer_w_albumie) VALUES ( 178, 'Dance to the Music' , to_date('14-7-2016', 'DD-MM-YYYY'), to_date('26-6-1990', 'DD-MM-YYYY'), '5 minutes 23 seconds'::interval, 1, 6, 7); 
insert into utwory( id_utworu, tytul, data_dodania, data_wydania, dlugosc, id_gatunku, id_albumu, numer_w_albumie) VALUES ( 177, 'Good Times' , to_date('5-2-2019', 'DD-MM-YYYY'), to_date('7-12-1985', 'DD-MM-YYYY'), '6 minutes 6 seconds'::interval, 1, 12, 6); 
insert into utwory( id_utworu, tytul, data_dodania, data_wydania, dlugosc, id_gatunku, id_albumu, numer_w_albumie) VALUES ( 176, 'Hoochie Coochie Man' , to_date('18-1-2018', 'DD-MM-YYYY'), to_date('26-3-2002', 'DD-MM-YYYY'), '5 minutes 17 seconds'::interval, 11, 3, 9); 
insert into utwory( id_utworu, tytul, data_dodania, data_wydania, dlugosc, id_gatunku, id_albumu, numer_w_albumie) VALUES ( 175, 'Moondance' , to_date('20-2-2019', 'DD-MM-YYYY'), to_date('10-7-1939', 'DD-MM-YYYY'), '2 minutes 45 seconds'::interval, 17, 18, 8); 
insert into utwory( id_utworu, tytul, data_dodania, data_wydania, dlugosc, id_gatunku, id_albumu, numer_w_albumie) VALUES ( 174, 'Fire and Rain' , to_date('15-11-2019', 'DD-MM-YYYY'), to_date('19-2-1960', 'DD-MM-YYYY'), '3 minutes 14 seconds'::interval, 13, 26, 14); 
insert into utwory( id_utworu, tytul, data_dodania, data_wydania, dlugosc, id_gatunku, id_albumu, numer_w_albumie) VALUES ( 173, 'Should I Stay or Should I Go' , to_date('12-6-2017', 'DD-MM-YYYY'), to_date('7-5-1990', 'DD-MM-YYYY'), '5 minutes 19 seconds'::interval, 1, 6, 8); 
insert into utwory( id_utworu, tytul, data_dodania, data_wydania, dlugosc, id_gatunku, id_albumu, numer_w_albumie) VALUES ( 172, 'Mannish Boy' , to_date('22-12-2019', 'DD-MM-YYYY'), to_date('20-7-1950', 'DD-MM-YYYY'), '4 minutes 37 seconds'::interval, 10, 11, 14); 
insert into utwory( id_utworu, tytul, data_dodania, data_wydania, dlugosc, id_gatunku, id_albumu, numer_w_albumie) VALUES ( 171, 'Just Like a Woman' , to_date('19-2-2018', 'DD-MM-YYYY'), to_date('8-11-1984', 'DD-MM-YYYY'), '4 minutes 24 seconds'::interval, 14, 15, 9); 
insert into utwory( id_utworu, tytul, data_dodania, data_wydania, dlugosc, id_gatunku, id_albumu, numer_w_albumie) VALUES ( 170, 'Sexual Healing', to_date('17-7-2019', 'DD-MM-YYYY'), to_date('13-7-2019', 'DD-MM-YYYY'), '6 minutes 6 seconds'::interval, 18, 24, 9); 
insert into utwory( id_utworu, tytul, data_dodania, data_wydania, dlugosc, id_gatunku, id_albumu, numer_w_albumie) VALUES ( 169, 'Only the Lonely' , to_date('10-5-2017', 'DD-MM-YYYY'), to_date('12-11-1937', 'DD-MM-YYYY'), '6 minutes 11 seconds'::interval, 4, 19, 6); 
insert into utwory( id_utworu, tytul, data_dodania, data_wydania, dlugosc, id_gatunku, id_albumu, numer_w_albumie) VALUES ( 168, 'We Gotta Get Out of This Place' , to_date('27-11-2017', 'DD-MM-YYYY'), to_date('26-6-1972', 'DD-MM-YYYY'), '5 minutes 40 seconds'::interval, 1, 5, 17); 
insert into utwory( id_utworu, tytul, data_dodania, data_wydania, dlugosc, id_gatunku, id_albumu, numer_w_albumie) VALUES ( 167, 'I will Feel a Whole Lot Better' , to_date('9-4-2016', 'DD-MM-YYYY'), to_date('12-8-2011', 'DD-MM-YYYY'), '4 minutes 57 seconds'::interval, 10, 22, 11); 
insert into utwory( id_utworu, tytul, data_dodania, data_wydania, dlugosc, id_gatunku, id_albumu, numer_w_albumie) VALUES ( 166, 'I Got a Woman' , to_date('8-2-2015', 'DD-MM-YYYY'), to_date('23-5-1985', 'DD-MM-YYYY'), '4 minutes 49 seconds'::interval, 15, 9, 4); 
insert into utwory( id_utworu, tytul, data_dodania, data_wydania, dlugosc, id_gatunku, id_albumu, numer_w_albumie) VALUES ( 165, 'Everyday' , to_date('19-5-2018', 'DD-MM-YYYY'), to_date('26-7-1950', 'DD-MM-YYYY'), '2 minutes 4 seconds'::interval, 10, 11, 15); 
insert into utwory( id_utworu, tytul, data_dodania, data_wydania, dlugosc, id_gatunku, id_albumu, numer_w_albumie) VALUES ( 164, 'Planet Rock' , to_date('21-9-2015', 'DD-MM-YYYY'), to_date('3-11-1947', 'DD-MM-YYYY'), '6 minutes 56 seconds'::interval, 15, 8, 14); 
insert into utwory( id_utworu, tytul, data_dodania, data_wydania, dlugosc, id_gatunku, id_albumu, numer_w_albumie) VALUES ( 163, 'I Fall to Pieces' , to_date('23-5-2018', 'DD-MM-YYYY'), to_date('3-11-1984', 'DD-MM-YYYY'), '2 minutes 0 seconds'::interval, 14, 15, 10); 
insert into utwory( id_utworu, tytul, data_dodania, data_wydania, dlugosc, id_gatunku, id_albumu, numer_w_albumie) VALUES ( 162, 'The Wanderer' , to_date('22-8-2019', 'DD-MM-YYYY'), to_date('17-1-1933', 'DD-MM-YYYY'), '2 minutes 14 seconds'::interval, 6, 13, 9); 
insert into utwory( id_utworu, tytul, data_dodania, data_wydania, dlugosc, id_gatunku, id_albumu, numer_w_albumie) VALUES ( 161, 'Son of a Preacher Man' , to_date('11-1-2017', 'DD-MM-YYYY'), to_date('7-11-1985', 'DD-MM-YYYY'), '2 minutes 33 seconds'::interval, 1, 12, 7); 
insert into utwory( id_utworu, tytul, data_dodania, data_wydania, dlugosc, id_gatunku, id_albumu, numer_w_albumie) VALUES ( 160, 'Stand!' , to_date('5-6-2017', 'DD-MM-YYYY'), to_date('8-8-1947', 'DD-MM-YYYY'), '6 minutes 16 seconds'::interval, 9, 14, 6); 
insert into utwory( id_utworu, tytul, data_dodania, data_wydania, dlugosc, id_gatunku, id_albumu, numer_w_albumie) VALUES ( 159, 'Rocket Man' , to_date('2-4-2016', 'DD-MM-YYYY'), to_date('26-5-1976', 'DD-MM-YYYY'), '2 minutes 10 seconds'::interval, 10, 7, 9); 
insert into utwory( id_utworu, tytul, data_dodania, data_wydania, dlugosc, id_gatunku, id_albumu, numer_w_albumie) VALUES ( 158, 'Love Shack' , to_date('17-3-2017', 'DD-MM-YYYY'), to_date('5-11-1947', 'DD-MM-YYYY'), '3 minutes 31 seconds'::interval, 15, 8, 15); 
insert into utwory( id_utworu, tytul, data_dodania, data_wydania, dlugosc, id_gatunku, id_albumu, numer_w_albumie) VALUES ( 157, 'Gimme Some Lovin' , to_date('9-4-2018', 'DD-MM-YYYY'), to_date('22-9-1998', 'DD-MM-YYYY'), '6 minutes 58 seconds'::interval, 18, 17, 9); 
insert into utwory( id_utworu, tytul, data_dodania, data_wydania, dlugosc, id_gatunku, id_albumu, numer_w_albumie) VALUES ( 156, 'The Night They Drove Old Dixie Down' , to_date('3-9-2015', 'DD-MM-YYYY'), to_date('10-8-2011', 'DD-MM-YYYY'), '6 minutes 48 seconds'::interval, 10, 22, 12); 
insert into utwory( id_utworu, tytul, data_dodania, data_wydania, dlugosc, id_gatunku, id_albumu, numer_w_albumie) VALUES ( 155, 'Higher and Higher' , to_date('8-5-2016', 'DD-MM-YYYY'), to_date('11-6-1974', 'DD-MM-YYYY'), '6 minutes 2 seconds'::interval, 6, 10, 13); 
insert into utwory( id_utworu, tytul, data_dodania, data_wydania, dlugosc, id_gatunku, id_albumu, numer_w_albumie) VALUES ( 154, 'Hot Fun in the Summertime' , to_date('2-3-2017', 'DD-MM-YYYY'), to_date('25-6-1939', 'DD-MM-YYYY'), '2 minutes 23 seconds'::interval, 17, 18, 9); 
insert into utwory( id_utworu, tytul, data_dodania, data_wydania, dlugosc, id_gatunku, id_albumu, numer_w_albumie) VALUES ( 153, 'Rappers Delight' , to_date('15-6-2017', 'DD-MM-YYYY'), to_date('24-8-1950', 'DD-MM-YYYY'), '6 minutes 23 seconds'::interval, 10, 11, 16); 
insert into utwory( id_utworu, tytul, data_dodania, data_wydania, dlugosc, id_gatunku, id_albumu, numer_w_albumie) VALUES ( 152, 'Chain of Fools' , to_date('15-7-2016', 'DD-MM-YYYY'), to_date('6-12-1985', 'DD-MM-YYYY'), '5 minutes 19 seconds'::interval, 1, 12, 8); 
insert into utwory( id_utworu, tytul, data_dodania, data_wydania, dlugosc, id_gatunku, id_albumu, numer_w_albumie) VALUES ( 151, 'Paranoid' , to_date('6-4-2019', 'DD-MM-YYYY'), to_date('6-3-2002', 'DD-MM-YYYY'), '3 minutes 23 seconds'::interval, 11, 3, 10); 
insert into utwory( id_utworu, tytul, data_dodania, data_wydania, dlugosc, id_gatunku, id_albumu, numer_w_albumie) VALUES ( 150, 'Mack the Knife' , to_date('18-1-2017', 'DD-MM-YYYY'), to_date('26-5-1976', 'DD-MM-YYYY'), '2 minutes 38 seconds'::interval, 10, 7, 10); 
insert into utwory( id_utworu, tytul, data_dodania, data_wydania, dlugosc, id_gatunku, id_albumu, numer_w_albumie) VALUES ( 149, 'Money Honey' , to_date('5-2-2017', 'DD-MM-YYYY'), to_date('21-6-1974', 'DD-MM-YYYY'), '4 minutes 0 seconds'::interval, 6, 10, 14); 
insert into utwory( id_utworu, tytul, data_dodania, data_wydania, dlugosc, id_gatunku, id_albumu, numer_w_albumie) VALUES ( 148, 'All the Young Dudes' , to_date('26-6-2016', 'DD-MM-YYYY'), to_date('1-11-1947', 'DD-MM-YYYY'), '3 minutes 50 seconds'::interval, 15, 8, 16); 
insert into utwory( id_utworu, tytul, data_dodania, data_wydania, dlugosc, id_gatunku, id_albumu, numer_w_albumie) VALUES ( 147, 'Highway to Hell' , to_date('18-7-2018', 'DD-MM-YYYY'), to_date('23-11-1942', 'DD-MM-YYYY'), '3 minutes 39 seconds'::interval, 14, 23, 16); 
insert into utwory( id_utworu, tytul, data_dodania, data_wydania, dlugosc, id_gatunku, id_albumu, numer_w_albumie) VALUES ( 146, 'Heart of Glass' , to_date('14-2-2018', 'DD-MM-YYYY'), to_date('3-2-1939', 'DD-MM-YYYY'), '4 minutes 48 seconds'::interval, 15, 21, 10); 
insert into utwory( id_utworu, tytul, data_dodania, data_wydania, dlugosc, id_gatunku, id_albumu, numer_w_albumie) VALUES ( 145, 'Paranoid Android', to_date('11-7-2019', 'DD-MM-YYYY'), to_date('5-6-2019', 'DD-MM-YYYY'), '5 minutes 48 seconds'::interval, 18, 24, 10); 
insert into utwory( id_utworu, tytul, data_dodania, data_wydania, dlugosc, id_gatunku, id_albumu, numer_w_albumie) VALUES ( 144, 'Wild Thing' , to_date('9-3-2015', 'DD-MM-YYYY'), to_date('21-2-1933', 'DD-MM-YYYY'), '3 minutes 19 seconds'::interval, 6, 13, 10); 
insert into utwory( id_utworu, tytul, data_dodania, data_wydania, dlugosc, id_gatunku, id_albumu, numer_w_albumie) VALUES ( 143, 'I Can See for Miles' , to_date('3-4-2016', 'DD-MM-YYYY'), to_date('7-3-2011', 'DD-MM-YYYY'), '5 minutes 41 seconds'::interval, 5, 20, 6); 
insert into utwory( id_utworu, tytul, data_dodania, data_wydania, dlugosc, id_gatunku, id_albumu, numer_w_albumie) VALUES ( 142, 'Hallelujah' , to_date('21-1-2019', 'DD-MM-YYYY'), to_date('10-9-1947', 'DD-MM-YYYY'), '2 minutes 45 seconds'::interval, 9, 14, 7); 
insert into utwory( id_utworu, tytul, data_dodania, data_wydania, dlugosc, id_gatunku, id_albumu, numer_w_albumie) VALUES ( 141, 'Oh, What a Night' , to_date('19-7-2018', 'DD-MM-YYYY'), to_date('14-5-1985', 'DD-MM-YYYY'), '3 minutes 1 seconds'::interval, 15, 9, 5); 
insert into utwory( id_utworu, tytul, data_dodania, data_wydania, dlugosc, id_gatunku, id_albumu, numer_w_albumie) VALUES ( 140, 'Higher Ground' , to_date('4-8-2019', 'DD-MM-YYYY'), to_date('23-7-1972', 'DD-MM-YYYY'), '5 minutes 21 seconds'::interval, 1, 5, 18); 
insert into utwory( id_utworu, tytul, data_dodania, data_wydania, dlugosc, id_gatunku, id_albumu, numer_w_albumie) VALUES ( 139, 'Ooo Baby Baby' , to_date('13-9-2019', 'DD-MM-YYYY'), to_date('20-5-1974', 'DD-MM-YYYY'), '6 minutes 28 seconds'::interval, 6, 10, 15); 
insert into utwory( id_utworu, tytul, data_dodania, data_wydania, dlugosc, id_gatunku, id_albumu, numer_w_albumie) VALUES ( 138, 'He is a Rebel' , to_date('19-5-2018', 'DD-MM-YYYY'), to_date('22-4-1985', 'DD-MM-YYYY'), '6 minutes 40 seconds'::interval, 15, 9, 6); 
insert into utwory( id_utworu, tytul, data_dodania, data_wydania, dlugosc, id_gatunku, id_albumu, numer_w_albumie) VALUES ( 137, 'Sail Away' , to_date('13-10-2019', 'DD-MM-YYYY'), to_date('9-1-1964', 'DD-MM-YYYY'), '2 minutes 38 seconds'::interval, 12, 1, 8); 
insert into utwory( id_utworu, tytul, data_dodania, data_wydania, dlugosc, id_gatunku, id_albumu, numer_w_albumie) VALUES ( 136, 'Tighten Up' , to_date('6-8-2018', 'DD-MM-YYYY'), to_date('21-12-1937', 'DD-MM-YYYY'), '2 minutes 52 seconds'::interval, 4, 19, 7); 
insert into utwory( id_utworu, tytul, data_dodania, data_wydania, dlugosc, id_gatunku, id_albumu, numer_w_albumie) VALUES ( 135, 'Walking in the Rain', to_date('24-9-2018', 'DD-MM-YYYY'), to_date('25-8-2018', 'DD-MM-YYYY'), '5 minutes 39 seconds'::interval, 14, 25, 10); 
insert into utwory( id_utworu, tytul, data_dodania, data_wydania, dlugosc, id_gatunku, id_albumu, numer_w_albumie) VALUES ( 134, 'Personality Crisis' , to_date('5-8-2019', 'DD-MM-YYYY'), to_date('8-7-2011', 'DD-MM-YYYY'), '5 minutes 3 seconds'::interval, 10, 22, 13); 
insert into utwory( id_utworu, tytul, data_dodania, data_wydania, dlugosc, id_gatunku, id_albumu, numer_w_albumie) VALUES ( 133, 'Sunday Bloody Sunday', to_date('12-8-2019', 'DD-MM-YYYY'), to_date('18-7-2019', 'DD-MM-YYYY'), '6 minutes 26 seconds'::interval, 18, 24, 11); 
insert into utwory( id_utworu, tytul, data_dodania, data_wydania, dlugosc, id_gatunku, id_albumu, numer_w_albumie) VALUES ( 132, 'Roadrunner' , to_date('9-4-2019', 'DD-MM-YYYY'), to_date('3-11-1985', 'DD-MM-YYYY'), '2 minutes 12 seconds'::interval, 1, 12, 9); 
insert into utwory( id_utworu, tytul, data_dodania, data_wydania, dlugosc, id_gatunku, id_albumu, numer_w_albumie) VALUES ( 131, 'He Stopped Loving Her Today' , to_date('20-2-2015', 'DD-MM-YYYY'), to_date('16-9-1947', 'DD-MM-YYYY'), '2 minutes 40 seconds'::interval, 9, 14, 8); 
insert into utwory( id_utworu, tytul, data_dodania, data_wydania, dlugosc, id_gatunku, id_albumu, numer_w_albumie) VALUES ( 130, 'Sloop John B' , to_date('5-9-2019', 'DD-MM-YYYY'), to_date('12-8-2011', 'DD-MM-YYYY'), '4 minutes 47 seconds'::interval, 10, 22, 14); 
insert into utwory( id_utworu, tytul, data_dodania, data_wydania, dlugosc, id_gatunku, id_albumu, numer_w_albumie) VALUES ( 129, 'Sweet Little Sixteen' , to_date('26-1-2017', 'DD-MM-YYYY'), to_date('4-11-1942', 'DD-MM-YYYY'), '4 minutes 21 seconds'::interval, 14, 23, 17); 
insert into utwory( id_utworu, tytul, data_dodania, data_wydania, dlugosc, id_gatunku, id_albumu, numer_w_albumie) VALUES ( 128, 'Something' , to_date('6-6-2017', 'DD-MM-YYYY'), to_date('6-12-1985', 'DD-MM-YYYY'), '3 minutes 40 seconds'::interval, 1, 12, 10); 
insert into utwory( id_utworu, tytul, data_dodania, data_wydania, dlugosc, id_gatunku, id_albumu, numer_w_albumie) VALUES ( 127, 'Somebody to Love' , to_date('21-2-2018', 'DD-MM-YYYY'), to_date('9-7-1972', 'DD-MM-YYYY'), '3 minutes 16 seconds'::interval, 1, 5, 19); 
insert into utwory( id_utworu, tytul, data_dodania, data_wydania, dlugosc, id_gatunku, id_albumu, numer_w_albumie) VALUES ( 126, 'Born in the U.S.A.' , to_date('8-9-2019', 'DD-MM-YYYY'), to_date('22-2-1964', 'DD-MM-YYYY'), '5 minutes 47 seconds'::interval, 12, 1, 9); 
insert into utwory( id_utworu, tytul, data_dodania, data_wydania, dlugosc, id_gatunku, id_albumu, numer_w_albumie) VALUES ( 125, 'I will Take You There' , to_date('27-2-2015', 'DD-MM-YYYY'), to_date('9-2-1960', 'DD-MM-YYYY'), '4 minutes 33 seconds'::interval, 13, 26, 15); 
insert into utwory( id_utworu, tytul, data_dodania, data_wydania, dlugosc, id_gatunku, id_albumu, numer_w_albumie) VALUES ( 124, 'Ziggy Stardust' , to_date('3-8-2015', 'DD-MM-YYYY'), to_date('7-11-1937', 'DD-MM-YYYY'), '3 minutes 6 seconds'::interval, 4, 19, 8); 
insert into utwory( id_utworu, tytul, data_dodania, data_wydania, dlugosc, id_gatunku, id_albumu, numer_w_albumie) VALUES ( 123, 'Pictures of You' , to_date('12-10-2017', 'DD-MM-YYYY'), to_date('23-10-1942', 'DD-MM-YYYY'), '2 minutes 34 seconds'::interval, 14, 23, 18); 
insert into utwory( id_utworu, tytul, data_dodania, data_wydania, dlugosc, id_gatunku, id_albumu, numer_w_albumie) VALUES ( 122, 'Chapel of Love' , to_date('3-8-2015', 'DD-MM-YYYY'), to_date('27-2-2011', 'DD-MM-YYYY'), '6 minutes 40 seconds'::interval, 5, 20, 7); 
insert into utwory( id_utworu, tytul, data_dodania, data_wydania, dlugosc, id_gatunku, id_albumu, numer_w_albumie) VALUES ( 121, 'No Sunshine' , to_date('3-10-2015', 'DD-MM-YYYY'), to_date('8-2-1964', 'DD-MM-YYYY'), '4 minutes 13 seconds'::interval, 12, 1, 10); 
insert into utwory( id_utworu, tytul, data_dodania, data_wydania, dlugosc, id_gatunku, id_albumu, numer_w_albumie) VALUES ( 120, 'You Are the Sunshine of My Life' , to_date('6-11-2019', 'DD-MM-YYYY'), to_date('27-12-1947', 'DD-MM-YYYY'), '2 minutes 53 seconds'::interval, 15, 8, 17); 
insert into utwory( id_utworu, tytul, data_dodania, data_wydania, dlugosc, id_gatunku, id_albumu, numer_w_albumie) VALUES ( 119, 'Help Me' , to_date('1-3-2019', 'DD-MM-YYYY'), to_date('23-12-1947', 'DD-MM-YYYY'), '2 minutes 21 seconds'::interval, 15, 8, 18); 
insert into utwory( id_utworu, tytul, data_dodania, data_wydania, dlugosc, id_gatunku, id_albumu, numer_w_albumie) VALUES ( 118, 'Call Me' , to_date('23-7-2018', 'DD-MM-YYYY'), to_date('11-11-1937', 'DD-MM-YYYY'), '3 minutes 36 seconds'::interval, 4, 19, 9); 
insert into utwory( id_utworu, tytul, data_dodania, data_wydania, dlugosc, id_gatunku, id_albumu, numer_w_albumie) VALUES ( 117, 'Peace Love and Understanding?' , to_date('16-5-2019', 'DD-MM-YYYY'), to_date('18-3-2011', 'DD-MM-YYYY'), '3 minutes 50 seconds'::interval, 5, 20, 8); 
insert into utwory( id_utworu, tytul, data_dodania, data_wydania, dlugosc, id_gatunku, id_albumu, numer_w_albumie) VALUES ( 116, 'Smoke Stack Lightning' , to_date('7-3-2018', 'DD-MM-YYYY'), to_date('8-12-1947', 'DD-MM-YYYY'), '5 minutes 4 seconds'::interval, 15, 8, 19); 
insert into utwory( id_utworu, tytul, data_dodania, data_wydania, dlugosc, id_gatunku, id_albumu, numer_w_albumie) VALUES ( 115, 'Summer Babe' , to_date('20-12-2015', 'DD-MM-YYYY'), to_date('1-3-1960', 'DD-MM-YYYY'), '4 minutes 42 seconds'::interval, 13, 26, 16); 
insert into utwory( id_utworu, tytul, data_dodania, data_wydania, dlugosc, id_gatunku, id_albumu, numer_w_albumie) VALUES ( 114, 'Walk This Way' , to_date('1-11-2016', 'DD-MM-YYYY'), to_date('27-11-1942', 'DD-MM-YYYY'), '4 minutes 36 seconds'::interval, 14, 23, 19); 
insert into utwory( id_utworu, tytul, data_dodania, data_wydania, dlugosc, id_gatunku, id_albumu, numer_w_albumie) VALUES ( 113, 'Money' , to_date('24-10-2019', 'DD-MM-YYYY'), to_date('13-12-1985', 'DD-MM-YYYY'), '2 minutes 17 seconds'::interval, 1, 12, 11); 
insert into utwory( id_utworu, tytul, data_dodania, data_wydania, dlugosc, id_gatunku, id_albumu, numer_w_albumie) VALUES ( 112, 'Cannot Buy Me Love' , to_date('5-10-2018', 'DD-MM-YYYY'), to_date('19-7-1972', 'DD-MM-YYYY'), '6 minutes 9 seconds'::interval, 1, 5, 20); 
insert into utwory( id_utworu, tytul, data_dodania, data_wydania, dlugosc, id_gatunku, id_albumu, numer_w_albumie) VALUES ( 111, 'Stan' , to_date('4-7-2018', 'DD-MM-YYYY'), to_date('23-12-1984', 'DD-MM-YYYY'), '2 minutes 46 seconds'::interval, 14, 15, 11); 
insert into utwory( id_utworu, tytul, data_dodania, data_wydania, dlugosc, id_gatunku, id_albumu, numer_w_albumie) VALUES ( 110, 'She is Not There' , to_date('3-2-2015', 'DD-MM-YYYY'), to_date('8-8-2011', 'DD-MM-YYYY'), '2 minutes 2 seconds'::interval, 10, 22, 15); 
insert into utwory( id_utworu, tytul, data_dodania, data_wydania, dlugosc, id_gatunku, id_albumu, numer_w_albumie) VALUES ( 109, 'Train in Vain' , to_date('15-7-2015', 'DD-MM-YYYY'), to_date('5-8-2011', 'DD-MM-YYYY'), '6 minutes 12 seconds'::interval, 10, 22, 16); 
insert into utwory( id_utworu, tytul, data_dodania, data_wydania, dlugosc, id_gatunku, id_albumu, numer_w_albumie) VALUES ( 108, 'Tired of Being Alone' , to_date('7-4-2015', 'DD-MM-YYYY'), to_date('19-2-1939', 'DD-MM-YYYY'), '3 minutes 47 seconds'::interval, 15, 21, 11); 
insert into utwory( id_utworu, tytul, data_dodania, data_wydania, dlugosc, id_gatunku, id_albumu, numer_w_albumie) VALUES ( 107, 'Black Dog' , to_date('15-3-2018', 'DD-MM-YYYY'), to_date('10-11-1942', 'DD-MM-YYYY'), '5 minutes 51 seconds'::interval, 14, 23, 20); 
insert into utwory( id_utworu, tytul, data_dodania, data_wydania, dlugosc, id_gatunku, id_albumu, numer_w_albumie) VALUES ( 106, 'Street Fighting Man' , to_date('4-8-2015', 'DD-MM-YYYY'), to_date('24-12-1937', 'DD-MM-YYYY'), '6 minutes 8 seconds'::interval, 4, 19, 10); 
insert into utwory( id_utworu, tytul, data_dodania, data_wydania, dlugosc, id_gatunku, id_albumu, numer_w_albumie) VALUES ( 105, 'Get Up, Stand Up' , to_date('18-12-2016', 'DD-MM-YYYY'), to_date('16-7-1927', 'DD-MM-YYYY'), '6 minutes 6 seconds'::interval, 2, 4, 6); 
insert into utwory( id_utworu, tytul, data_dodania, data_wydania, dlugosc, id_gatunku, id_albumu, numer_w_albumie) VALUES ( 104, 'Heart of Gold' , to_date('4-11-2015', 'DD-MM-YYYY'), to_date('10-10-1942', 'DD-MM-YYYY'), '4 minutes 48 seconds'::interval, 14, 23, 21); 
insert into utwory( id_utworu, tytul, data_dodania, data_wydania, dlugosc, id_gatunku, id_albumu, numer_w_albumie) VALUES ( 103, 'One Way or Another' , to_date('19-10-2015', 'DD-MM-YYYY'), to_date('9-9-1998', 'DD-MM-YYYY'), '3 minutes 55 seconds'::interval, 18, 17, 10); 
insert into utwory( id_utworu, tytul, data_dodania, data_wydania, dlugosc, id_gatunku, id_albumu, numer_w_albumie) VALUES ( 102, 'Sign of the Times' , to_date('24-7-2016', 'DD-MM-YYYY'), to_date('19-8-1947', 'DD-MM-YYYY'), '2 minutes 7 seconds'::interval, 9, 14, 9); 
insert into utwory( id_utworu, tytul, data_dodania, data_wydania, dlugosc, id_gatunku, id_albumu, numer_w_albumie) VALUES ( 101, 'Like a Prayer' , to_date('6-11-2016', 'DD-MM-YYYY'), to_date('27-3-2002', 'DD-MM-YYYY'), '6 minutes 45 seconds'::interval, 11, 3, 11); 
insert into utwory( id_utworu, tytul, data_dodania, data_wydania, dlugosc, id_gatunku, id_albumu, numer_w_albumie) VALUES ( 100, 'Do Ya Think I am Sexy?' , to_date('26-11-2017', 'DD-MM-YYYY'), to_date('12-11-1985', 'DD-MM-YYYY'), '6 minutes 7 seconds'::interval, 1, 12, 12); 
insert into utwory( id_utworu, tytul, data_dodania, data_wydania, dlugosc, id_gatunku, id_albumu, numer_w_albumie) VALUES ( 99, 'Blue Eyes Crying In the Rain' , to_date('7-5-2019', 'DD-MM-YYYY'), to_date('5-3-2011', 'DD-MM-YYYY'), '5 minutes 55 seconds'::interval, 5, 20, 9); 
insert into utwory( id_utworu, tytul, data_dodania, data_wydania, dlugosc, id_gatunku, id_albumu, numer_w_albumie) VALUES ( 98, 'Ruby Tuesday' , to_date('1-8-2019', 'DD-MM-YYYY'), to_date('11-11-1937', 'DD-MM-YYYY'), '4 minutes 35 seconds'::interval, 4, 19, 11); 
insert into utwory( id_utworu, tytul, data_dodania, data_wydania, dlugosc, id_gatunku, id_albumu, numer_w_albumie) VALUES ( 97, 'With a Little Help From My Friends' , to_date('4-12-2016', 'DD-MM-YYYY'), to_date('27-7-1939', 'DD-MM-YYYY'), '4 minutes 23 seconds'::interval, 17, 18, 10); 
insert into utwory( id_utworu, tytul, data_dodania, data_wydania, dlugosc, id_gatunku, id_albumu, numer_w_albumie) VALUES ( 96, 'Say It Loud, I am Black and Proud', to_date('24-8-2018', 'DD-MM-YYYY'), to_date('12-7-2018', 'DD-MM-YYYY'), '6 minutes 17 seconds'::interval, 14, 25, 11); 
insert into utwory( id_utworu, tytul, data_dodania, data_wydania, dlugosc, id_gatunku, id_albumu, numer_w_albumie) VALUES ( 95, 'That is Entertainment' , to_date('18-3-2015', 'DD-MM-YYYY'), to_date('25-5-1990', 'DD-MM-YYYY'), '6 minutes 16 seconds'::interval, 1, 6, 9); 
insert into utwory( id_utworu, tytul, data_dodania, data_wydania, dlugosc, id_gatunku, id_albumu, numer_w_albumie) VALUES ( 94, 'Why Do Fools Fall In Love' , to_date('2-7-2017', 'DD-MM-YYYY'), to_date('12-5-1990', 'DD-MM-YYYY'), '6 minutes 21 seconds'::interval, 1, 6, 10); 
insert into utwory( id_utworu, tytul, data_dodania, data_wydania, dlugosc, id_gatunku, id_albumu, numer_w_albumie) VALUES ( 93, 'Lonely Teardrops' , to_date('22-4-2015', 'DD-MM-YYYY'), to_date('20-9-1947', 'DD-MM-YYYY'), '5 minutes 37 seconds'::interval, 9, 14, 10); 
insert into utwory( id_utworu, tytul, data_dodania, data_wydania, dlugosc, id_gatunku, id_albumu, numer_w_albumie) VALUES ( 92, 'What is Love Got To Do With It' , to_date('13-1-2019', 'DD-MM-YYYY'), to_date('9-12-1947', 'DD-MM-YYYY'), '5 minutes 4 seconds'::interval, 15, 8, 20); 
insert into utwory( id_utworu, tytul, data_dodania, data_wydania, dlugosc, id_gatunku, id_albumu, numer_w_albumie) VALUES ( 91, 'Iron Man' , to_date('8-11-2017', 'DD-MM-YYYY'), to_date('25-7-1939', 'DD-MM-YYYY'), '3 minutes 22 seconds'::interval, 17, 18, 11); 
insert into utwory( id_utworu, tytul, data_dodania, data_wydania, dlugosc, id_gatunku, id_albumu, numer_w_albumie) VALUES ( 90, 'Wake Up Little Susie' , to_date('28-7-2017', 'DD-MM-YYYY'), to_date('3-11-1947', 'DD-MM-YYYY'), '2 minutes 30 seconds'::interval, 15, 8, 21); 
insert into utwory( id_utworu, tytul, data_dodania, data_wydania, dlugosc, id_gatunku, id_albumu, numer_w_albumie) VALUES ( 89, 'In Dreams' , to_date('4-11-2019', 'DD-MM-YYYY'), to_date('8-10-2002', 'DD-MM-YYYY'), '5 minutes 34 seconds'::interval, 9, 16, 10); 
insert into utwory( id_utworu, tytul, data_dodania, data_wydania, dlugosc, id_gatunku, id_albumu, numer_w_albumie) VALUES ( 88, 'I Put a Spell on You' , to_date('7-2-2018', 'DD-MM-YYYY'), to_date('16-12-1985', 'DD-MM-YYYY'), '5 minutes 16 seconds'::interval, 1, 12, 13); 
insert into utwory( id_utworu, tytul, data_dodania, data_wydania, dlugosc, id_gatunku, id_albumu, numer_w_albumie) VALUES ( 87, 'Comfortably Numb' , to_date('1-6-2015', 'DD-MM-YYYY'), to_date('15-11-1947', 'DD-MM-YYYY'), '2 minutes 18 seconds'::interval, 15, 8, 22); 
insert into utwory( id_utworu, tytul, data_dodania, data_wydania, dlugosc, id_gatunku, id_albumu, numer_w_albumie) VALUES ( 86, 'Donnot Let Me Be Misunderstood' , to_date('24-6-2015', 'DD-MM-YYYY'), to_date('26-7-1972', 'DD-MM-YYYY'), '3 minutes 34 seconds'::interval, 1, 5, 21); 
insert into utwory( id_utworu, tytul, data_dodania, data_wydania, dlugosc, id_gatunku, id_albumu, numer_w_albumie) VALUES ( 85, 'Wish You Were Here', to_date('3-8-2019', 'DD-MM-YYYY'), to_date('19-7-2019', 'DD-MM-YYYY'), '4 minutes 21 seconds'::interval, 18, 24, 12); 
insert into utwory( id_utworu, tytul, data_dodania, data_wydania, dlugosc, id_gatunku, id_albumu, numer_w_albumie) VALUES ( 84, 'Many Rivers to Cross' , to_date('6-4-2017', 'DD-MM-YYYY'), to_date('24-1-1964', 'DD-MM-YYYY'), '3 minutes 57 seconds'::interval, 12, 1, 11); 
insert into utwory( id_utworu, tytul, data_dodania, data_wydania, dlugosc, id_gatunku, id_albumu, numer_w_albumie) VALUES ( 83, 'Alison' , to_date('23-4-2017', 'DD-MM-YYYY'), to_date('2-6-1972', 'DD-MM-YYYY'), '6 minutes 37 seconds'::interval, 1, 5, 22); 
insert into utwory( id_utworu, tytul, data_dodania, data_wydania, dlugosc, id_gatunku, id_albumu, numer_w_albumie) VALUES ( 82, 'School is Out' , to_date('25-7-2019', 'DD-MM-YYYY'), to_date('27-8-1950', 'DD-MM-YYYY'), '4 minutes 51 seconds'::interval, 10, 11, 17); 
insert into utwory( id_utworu, tytul, data_dodania, data_wydania, dlugosc, id_gatunku, id_albumu, numer_w_albumie) VALUES ( 81, 'Heartbreaker' , to_date('7-9-2019', 'DD-MM-YYYY'), to_date('13-2-1939', 'DD-MM-YYYY'), '4 minutes 24 seconds'::interval, 15, 21, 12); 
insert into utwory( id_utworu, tytul, data_dodania, data_wydania, dlugosc, id_gatunku, id_albumu, numer_w_albumie) VALUES ( 80, 'Cortez the Killer' , to_date('14-10-2017', 'DD-MM-YYYY'), to_date('19-5-1974', 'DD-MM-YYYY'), '5 minutes 20 seconds'::interval, 6, 10, 16); 
insert into utwory( id_utworu, tytul, data_dodania, data_wydania, dlugosc, id_gatunku, id_albumu, numer_w_albumie) VALUES ( 79, 'Fight the Power' , to_date('15-3-2019', 'DD-MM-YYYY'), to_date('21-3-1960', 'DD-MM-YYYY'), '3 minutes 28 seconds'::interval, 13, 26, 17); 
insert into utwory( id_utworu, tytul, data_dodania, data_wydania, dlugosc, id_gatunku, id_albumu, numer_w_albumie) VALUES ( 78, 'Dancing Barefoot' , to_date('17-6-2018', 'DD-MM-YYYY'), to_date('8-6-1972', 'DD-MM-YYYY'), '2 minutes 51 seconds'::interval, 1, 5, 23); 
insert into utwory( id_utworu, tytul, data_dodania, data_wydania, dlugosc, id_gatunku, id_albumu, numer_w_albumie) VALUES ( 77, 'Baby Love' , to_date('24-1-2016', 'DD-MM-YYYY'), to_date('11-7-1972', 'DD-MM-YYYY'), '4 minutes 41 seconds'::interval, 1, 5, 24); 
insert into utwory( id_utworu, tytul, data_dodania, data_wydania, dlugosc, id_gatunku, id_albumu, numer_w_albumie) VALUES ( 76, 'Good Lovin' , to_date('24-12-2019', 'DD-MM-YYYY'), to_date('18-3-2002', 'DD-MM-YYYY'), '4 minutes 24 seconds'::interval, 11, 3, 12); 
insert into utwory( id_utworu, tytul, data_dodania, data_wydania, dlugosc, id_gatunku, id_albumu, numer_w_albumie) VALUES ( 75, 'Get Up Sex Machine' , to_date('26-11-2016', 'DD-MM-YYYY'), to_date('19-11-1985', 'DD-MM-YYYY'), '2 minutes 22 seconds'::interval, 1, 12, 14); 
insert into utwory( id_utworu, tytul, data_dodania, data_wydania, dlugosc, id_gatunku, id_albumu, numer_w_albumie) VALUES ( 74, 'For Your Precious Love', to_date('3-7-2019', 'DD-MM-YYYY'), to_date('10-6-2019', 'DD-MM-YYYY'), '4 minutes 3 seconds'::interval, 18, 24, 13); 
insert into utwory( id_utworu, tytul, data_dodania, data_wydania, dlugosc, id_gatunku, id_albumu, numer_w_albumie) VALUES ( 73, 'The End' , to_date('15-2-2018', 'DD-MM-YYYY'), to_date('11-4-1985', 'DD-MM-YYYY'), '3 minutes 51 seconds'::interval, 15, 9, 7); 
insert into utwory( id_utworu, tytul, data_dodania, data_wydania, dlugosc, id_gatunku, id_albumu, numer_w_albumie) VALUES ( 72, 'That is the Way of the World' , to_date('10-9-2016', 'DD-MM-YYYY'), to_date('7-2-1964', 'DD-MM-YYYY'), '2 minutes 57 seconds'::interval, 12, 1, 12); 
insert into utwory( id_utworu, tytul, data_dodania, data_wydania, dlugosc, id_gatunku, id_albumu, numer_w_albumie) VALUES ( 71, 'We Will Rock You' , to_date('17-10-2016', 'DD-MM-YYYY'), to_date('3-12-1947', 'DD-MM-YYYY'), '5 minutes 41 seconds'::interval, 15, 8, 23); 
insert into utwory( id_utworu, tytul, data_dodania, data_wydania, dlugosc, id_gatunku, id_albumu, numer_w_albumie) VALUES ( 70, 'I Cannot Make You Love Me' , to_date('2-2-2015', 'DD-MM-YYYY'), to_date('24-9-1947', 'DD-MM-YYYY'), '6 minutes 39 seconds'::interval, 9, 14, 11); 
insert into utwory( id_utworu, tytul, data_dodania, data_wydania, dlugosc, id_gatunku, id_albumu, numer_w_albumie) VALUES ( 69, 'Subterranean Homesick Blues' , to_date('9-7-2017', 'DD-MM-YYYY'), to_date('19-4-1975', 'DD-MM-YYYY'), '3 minutes 9 seconds'::interval, 3, 2, 8); 
insert into utwory( id_utworu, tytul, data_dodania, data_wydania, dlugosc, id_gatunku, id_albumu, numer_w_albumie) VALUES ( 68, 'Spirit in the Sky' , to_date('7-11-2017', 'DD-MM-YYYY'), to_date('8-2-2011', 'DD-MM-YYYY'), '5 minutes 59 seconds'::interval, 5, 20, 10); 
insert into utwory( id_utworu, tytul, data_dodania, data_wydania, dlugosc, id_gatunku, id_albumu, numer_w_albumie) VALUES ( 67, 'Wild Horses' , to_date('21-6-2015', 'DD-MM-YYYY'), to_date('1-11-1947', 'DD-MM-YYYY'), '3 minutes 5 seconds'::interval, 15, 8, 24); 
insert into utwory( id_utworu, tytul, data_dodania, data_wydania, dlugosc, id_gatunku, id_albumu, numer_w_albumie) VALUES ( 66, 'Sweet Jane' , to_date('22-7-2016', 'DD-MM-YYYY'), to_date('26-4-2002', 'DD-MM-YYYY'), '2 minutes 54 seconds'::interval, 11, 3, 13); 
insert into utwory( id_utworu, tytul, data_dodania, data_wydania, dlugosc, id_gatunku, id_albumu, numer_w_albumie) VALUES ( 65, 'Walk This Way' , to_date('16-9-2018', 'DD-MM-YYYY'), to_date('14-6-1939', 'DD-MM-YYYY'), '6 minutes 1 seconds'::interval, 17, 18, 12); 
insert into utwory( id_utworu, tytul, data_dodania, data_wydania, dlugosc, id_gatunku, id_albumu, numer_w_albumie) VALUES ( 64, 'Beat It' , to_date('5-12-2018', 'DD-MM-YYYY'), to_date('16-2-1964', 'DD-MM-YYYY'), '6 minutes 4 seconds'::interval, 12, 1, 13); 
insert into utwory( id_utworu, tytul, data_dodania, data_wydania, dlugosc, id_gatunku, id_albumu, numer_w_albumie) VALUES ( 63, 'Maybe I am Amazed' , to_date('12-8-2016', 'DD-MM-YYYY'), to_date('13-8-1947', 'DD-MM-YYYY'), '2 minutes 34 seconds'::interval, 9, 14, 12); 
insert into utwory( id_utworu, tytul, data_dodania, data_wydania, dlugosc, id_gatunku, id_albumu, numer_w_albumie) VALUES ( 62, 'You Keep Me Hanging On' , to_date('5-5-2017', 'DD-MM-YYYY'), to_date('11-2-1964', 'DD-MM-YYYY'), '2 minutes 11 seconds'::interval, 12, 1, 14); 
insert into utwory( id_utworu, tytul, data_dodania, data_wydania, dlugosc, id_gatunku, id_albumu, numer_w_albumie) VALUES ( 61, 'Baba O-Riley' , to_date('13-7-2018', 'DD-MM-YYYY'), to_date('20-3-2011', 'DD-MM-YYYY'), '5 minutes 6 seconds'::interval, 5, 20, 11); 
insert into utwory( id_utworu, tytul, data_dodania, data_wydania, dlugosc, id_gatunku, id_albumu, numer_w_albumie) VALUES ( 60, 'The Harder They Come' , to_date('15-12-2016', 'DD-MM-YYYY'), to_date('19-8-1927', 'DD-MM-YYYY'), '6 minutes 12 seconds'::interval, 2, 4, 7); 
insert into utwory( id_utworu, tytul, data_dodania, data_wydania, dlugosc, id_gatunku, id_albumu, numer_w_albumie) VALUES ( 59, 'Runaround Sue', to_date('1-7-2019', 'DD-MM-YYYY'), to_date('5-6-2019', 'DD-MM-YYYY'), '4 minutes 55 seconds'::interval, 18, 24, 14); 
insert into utwory( id_utworu, tytul, data_dodania, data_wydania, dlugosc, id_gatunku, id_albumu, numer_w_albumie) VALUES ( 58, 'Jim Dandy' , to_date('13-12-2017', 'DD-MM-YYYY'), to_date('6-6-1976', 'DD-MM-YYYY'), '3 minutes 18 seconds'::interval, 10, 7, 11); 
insert into utwory( id_utworu, tytul, data_dodania, data_wydania, dlugosc, id_gatunku, id_albumu, numer_w_albumie) VALUES ( 57, 'Piece of My Heart' , to_date('21-10-2018', 'DD-MM-YYYY'), to_date('21-7-1972', 'DD-MM-YYYY'), '5 minutes 12 seconds'::interval, 1, 5, 25); 
insert into utwory( id_utworu, tytul, data_dodania, data_wydania, dlugosc, id_gatunku, id_albumu, numer_w_albumie) VALUES ( 56, 'La Bamba' , to_date('12-9-2019', 'DD-MM-YYYY'), to_date('1-11-1984', 'DD-MM-YYYY'), '4 minutes 51 seconds'::interval, 14, 15, 12); 
insert into utwory( id_utworu, tytul, data_dodania, data_wydania, dlugosc, id_gatunku, id_albumu, numer_w_albumie) VALUES ( 55, 'California Love' , to_date('28-9-2019', 'DD-MM-YYYY'), to_date('8-12-1984', 'DD-MM-YYYY'), '6 minutes 34 seconds'::interval, 14, 15, 13); 
insert into utwory( id_utworu, tytul, data_dodania, data_wydania, dlugosc, id_gatunku, id_albumu, numer_w_albumie) VALUES ( 54, 'Candle in the Wind' , to_date('23-11-2016', 'DD-MM-YYYY'), to_date('15-1-1933', 'DD-MM-YYYY'), '6 minutes 20 seconds'::interval, 6, 13, 11); 
insert into utwory( id_utworu, tytul, data_dodania, data_wydania, dlugosc, id_gatunku, id_albumu, numer_w_albumie) VALUES ( 53, 'That Lady' , to_date('2-4-2017', 'DD-MM-YYYY'), to_date('26-4-1975', 'DD-MM-YYYY'), '4 minutes 28 seconds'::interval, 3, 2, 9); 
insert into utwory( id_utworu, tytul, data_dodania, data_wydania, dlugosc, id_gatunku, id_albumu, numer_w_albumie) VALUES ( 52, 'Spanish Harlem' , to_date('22-3-2018', 'DD-MM-YYYY'), to_date('16-2-1933', 'DD-MM-YYYY'), '3 minutes 18 seconds'::interval, 6, 13, 12); 
insert into utwory( id_utworu, tytul, data_dodania, data_wydania, dlugosc, id_gatunku, id_albumu, numer_w_albumie) VALUES ( 51, 'The Locomotion' , to_date('2-12-2018', 'DD-MM-YYYY'), to_date('19-3-2011', 'DD-MM-YYYY'), '6 minutes 23 seconds'::interval, 5, 20, 12); 
insert into utwory( id_utworu, tytul, data_dodania, data_wydania, dlugosc, id_gatunku, id_albumu, numer_w_albumie) VALUES ( 50, 'The Great Pretender' , to_date('8-5-2016', 'DD-MM-YYYY'), to_date('23-5-1990', 'DD-MM-YYYY'), '4 minutes 24 seconds'::interval, 1, 6, 11); 
insert into utwory( id_utworu, tytul, data_dodania, data_wydania, dlugosc, id_gatunku, id_albumu, numer_w_albumie) VALUES ( 49, 'All Shook Up' , to_date('14-6-2018', 'DD-MM-YYYY'), to_date('14-12-1947', 'DD-MM-YYYY'), '4 minutes 2 seconds'::interval, 15, 8, 25); 
insert into utwory( id_utworu, tytul, data_dodania, data_wydania, dlugosc, id_gatunku, id_albumu, numer_w_albumie) VALUES ( 48, 'Tears in Heaven' , to_date('15-2-2018', 'DD-MM-YYYY'), to_date('6-6-1939', 'DD-MM-YYYY'), '3 minutes 48 seconds'::interval, 17, 18, 13); 
insert into utwory( id_utworu, tytul, data_dodania, data_wydania, dlugosc, id_gatunku, id_albumu, numer_w_albumie) VALUES ( 47, 'Watching the Detectives' , to_date('5-1-2019', 'DD-MM-YYYY'), to_date('4-10-1942', 'DD-MM-YYYY'), '4 minutes 7 seconds'::interval, 14, 23, 22); 
insert into utwory( id_utworu, tytul, data_dodania, data_wydania, dlugosc, id_gatunku, id_albumu, numer_w_albumie) VALUES ( 46, 'Bad Moon Rising' , to_date('20-5-2015', 'DD-MM-YYYY'), to_date('17-6-1974', 'DD-MM-YYYY'), '5 minutes 58 seconds'::interval, 6, 10, 17); 
insert into utwory( id_utworu, tytul, data_dodania, data_wydania, dlugosc, id_gatunku, id_albumu, numer_w_albumie) VALUES ( 45, 'Sweet Dreams' , to_date('19-7-2016', 'DD-MM-YYYY'), to_date('6-2-1933', 'DD-MM-YYYY'), '4 minutes 12 seconds'::interval, 6, 13, 13); 
insert into utwory( id_utworu, tytul, data_dodania, data_wydania, dlugosc, id_gatunku, id_albumu, numer_w_albumie) VALUES ( 44, 'Little Wing', to_date('20-9-2018', 'DD-MM-YYYY'), to_date('23-8-2018', 'DD-MM-YYYY'), '3 minutes 23 seconds'::interval, 14, 25, 12); 
insert into utwory( id_utworu, tytul, data_dodania, data_wydania, dlugosc, id_gatunku, id_albumu, numer_w_albumie) VALUES ( 43, 'Nowhere to Run' , to_date('1-8-2015', 'DD-MM-YYYY'), to_date('16-8-2011', 'DD-MM-YYYY'), '5 minutes 29 seconds'::interval, 10, 22, 17); 
insert into utwory( id_utworu, tytul, data_dodania, data_wydania, dlugosc, id_gatunku, id_albumu, numer_w_albumie) VALUES ( 42, 'Got My Mojo Working' , to_date('14-12-2015', 'DD-MM-YYYY'), to_date('18-9-2002', 'DD-MM-YYYY'), '4 minutes 48 seconds'::interval, 9, 16, 11); 
insert into utwory( id_utworu, tytul, data_dodania, data_wydania, dlugosc, id_gatunku, id_albumu, numer_w_albumie) VALUES ( 41, 'Killing Me Softly With His Song' , to_date('4-9-2019', 'DD-MM-YYYY'), to_date('23-5-1985', 'DD-MM-YYYY'), '3 minutes 9 seconds'::interval, 15, 9, 8); 
insert into utwory( id_utworu, tytul, data_dodania, data_wydania, dlugosc, id_gatunku, id_albumu, numer_w_albumie) VALUES ( 40, 'Complete Control' , to_date('2-8-2016', 'DD-MM-YYYY'), to_date('21-10-1942', 'DD-MM-YYYY'), '3 minutes 43 seconds'::interval, 14, 23, 23); 
insert into utwory( id_utworu, tytul, data_dodania, data_wydania, dlugosc, id_gatunku, id_albumu, numer_w_albumie) VALUES ( 39, 'All You Need Is Love' , to_date('11-11-2016', 'DD-MM-YYYY'), to_date('9-3-2002', 'DD-MM-YYYY'), '4 minutes 1 seconds'::interval, 11, 3, 14); 
insert into utwory( id_utworu, tytul, data_dodania, data_wydania, dlugosc, id_gatunku, id_albumu, numer_w_albumie) VALUES ( 38, 'The Letter' , to_date('21-12-2018', 'DD-MM-YYYY'), to_date('3-10-2002', 'DD-MM-YYYY'), '2 minutes 17 seconds'::interval, 9, 16, 12); 
insert into utwory( id_utworu, tytul, data_dodania, data_wydania, dlugosc, id_gatunku, id_albumu, numer_w_albumie) VALUES ( 37, 'Highway 61 Revisited' , to_date('13-10-2016', 'DD-MM-YYYY'), to_date('25-11-1947', 'DD-MM-YYYY'), '4 minutes 49 seconds'::interval, 15, 8, 26); 
insert into utwory( id_utworu, tytul, data_dodania, data_wydania, dlugosc, id_gatunku, id_albumu, numer_w_albumie) VALUES ( 36, 'Unchained Melody' , to_date('5-6-2017', 'DD-MM-YYYY'), to_date('22-6-1976', 'DD-MM-YYYY'), '5 minutes 32 seconds'::interval, 10, 7, 12); 
insert into utwory( id_utworu, tytul, data_dodania, data_wydania, dlugosc, id_gatunku, id_albumu, numer_w_albumie) VALUES ( 35, 'How Deep Is Your Love' , to_date('14-9-2018', 'DD-MM-YYYY'), to_date('3-8-1998', 'DD-MM-YYYY'), '3 minutes 52 seconds'::interval, 18, 17, 11); 
insert into utwory( id_utworu, tytul, data_dodania, data_wydania, dlugosc, id_gatunku, id_albumu, numer_w_albumie) VALUES ( 34, 'White Room' , to_date('20-10-2015', 'DD-MM-YYYY'), to_date('19-3-1975', 'DD-MM-YYYY'), '2 minutes 48 seconds'::interval, 3, 2, 10); 
insert into utwory( id_utworu, tytul, data_dodania, data_wydania, dlugosc, id_gatunku, id_albumu, numer_w_albumie) VALUES ( 33, 'Personal Jesus' , to_date('4-4-2017', 'DD-MM-YYYY'), to_date('21-4-2002', 'DD-MM-YYYY'), '4 minutes 41 seconds'::interval, 11, 3, 15); 
insert into utwory( id_utworu, tytul, data_dodania, data_wydania, dlugosc, id_gatunku, id_albumu, numer_w_albumie) VALUES ( 32, 'I am A Man' , to_date('21-11-2019', 'DD-MM-YYYY'), to_date('18-4-2002', 'DD-MM-YYYY'), '3 minutes 53 seconds'::interval, 11, 3, 16); 
insert into utwory( id_utworu, tytul, data_dodania, data_wydania, dlugosc, id_gatunku, id_albumu, numer_w_albumie) VALUES ( 31, 'The Wind Cries Mary', to_date('15-9-2018', 'DD-MM-YYYY'), to_date('16-8-2018', 'DD-MM-YYYY'), '3 minutes 52 seconds'::interval, 14, 25, 13); 
insert into utwory( id_utworu, tytul, data_dodania, data_wydania, dlugosc, id_gatunku, id_albumu, numer_w_albumie) VALUES ( 30, 'I Cannot Explain' , to_date('16-7-2019', 'DD-MM-YYYY'), to_date('8-5-1990', 'DD-MM-YYYY'), '4 minutes 29 seconds'::interval, 1, 6, 12); 
insert into utwory( id_utworu, tytul, data_dodania, data_wydania, dlugosc, id_gatunku, id_albumu, numer_w_albumie) VALUES ( 29, 'Marquee Moon' , to_date('9-6-2016', 'DD-MM-YYYY'), to_date('23-8-1947', 'DD-MM-YYYY'), '3 minutes 32 seconds'::interval, 9, 14, 13); 
insert into utwory( id_utworu, tytul, data_dodania, data_wydania, dlugosc, id_gatunku, id_albumu, numer_w_albumie) VALUES ( 28, 'Wonderful World' , to_date('9-10-2018', 'DD-MM-YYYY'), to_date('25-3-1960', 'DD-MM-YYYY'), '4 minutes 28 seconds'::interval, 13, 26, 18); 
insert into utwory( id_utworu, tytul, data_dodania, data_wydania, dlugosc, id_gatunku, id_albumu, numer_w_albumie) VALUES ( 27, 'Brown Eyed Handsome Man', to_date('6-8-2019', 'DD-MM-YYYY'), to_date('18-7-2019', 'DD-MM-YYYY'), '2 minutes 41 seconds'::interval, 18, 24, 15); 
insert into utwory( id_utworu, tytul, data_dodania, data_wydania, dlugosc, id_gatunku, id_albumu, numer_w_albumie) VALUES ( 26, 'Another Brick in the Wall Part 2' , to_date('20-2-2019', 'DD-MM-YYYY'), to_date('22-4-1985', 'DD-MM-YYYY'), '2 minutes 40 seconds'::interval, 15, 9, 9); 
insert into utwory( id_utworu, tytul, data_dodania, data_wydania, dlugosc, id_gatunku, id_albumu, numer_w_albumie) VALUES ( 25, 'Fake Plastic Trees' , to_date('14-12-2015', 'DD-MM-YYYY'), to_date('6-11-1937', 'DD-MM-YYYY'), '5 minutes 12 seconds'::interval, 4, 19, 12); 
insert into utwory( id_utworu, tytul, data_dodania, data_wydania, dlugosc, id_gatunku, id_albumu, numer_w_albumie) VALUES ( 24, 'Hit the Road Jack' , to_date('6-10-2015', 'DD-MM-YYYY'), to_date('23-11-1937', 'DD-MM-YYYY'), '3 minutes 45 seconds'::interval, 4, 19, 13); 
insert into utwory( id_utworu, tytul, data_dodania, data_wydania, dlugosc, id_gatunku, id_albumu, numer_w_albumie) VALUES ( 23, 'Pride' , to_date('26-4-2017', 'DD-MM-YYYY'), to_date('16-5-1974', 'DD-MM-YYYY'), '3 minutes 57 seconds'::interval, 6, 10, 18); 
insert into utwory( id_utworu, tytul, data_dodania, data_wydania, dlugosc, id_gatunku, id_albumu, numer_w_albumie) VALUES ( 22, 'Radio Free Europe' , to_date('19-9-2019', 'DD-MM-YYYY'), to_date('24-2-1960', 'DD-MM-YYYY'), '4 minutes 40 seconds'::interval, 13, 26, 19); 
insert into utwory( id_utworu, tytul, data_dodania, data_wydania, dlugosc, id_gatunku, id_albumu, numer_w_albumie) VALUES ( 21, 'Goodbye Yellow Brick Road' , to_date('24-12-2015', 'DD-MM-YYYY'), to_date('15-1-1964', 'DD-MM-YYYY'), '6 minutes 13 seconds'::interval, 12, 1, 15); 
insert into utwory( id_utworu, tytul, data_dodania, data_wydania, dlugosc, id_gatunku, id_albumu, numer_w_albumie) VALUES ( 20, 'Tell It Like It Is' , to_date('19-1-2015', 'DD-MM-YYYY'), to_date('20-11-1937', 'DD-MM-YYYY'), '2 minutes 36 seconds'::interval, 4, 19, 14); 
insert into utwory( id_utworu, tytul, data_dodania, data_wydania, dlugosc, id_gatunku, id_albumu, numer_w_albumie) VALUES ( 19, 'Bitter Sweet Symphony' , to_date('8-5-2018', 'DD-MM-YYYY'), to_date('28-5-1974', 'DD-MM-YYYY'), '3 minutes 18 seconds'::interval, 6, 10, 19); 
insert into utwory( id_utworu, tytul, data_dodania, data_wydania, dlugosc, id_gatunku, id_albumu, numer_w_albumie) VALUES ( 18, 'Whipping Post' , to_date('18-11-2016', 'DD-MM-YYYY'), to_date('25-7-1950', 'DD-MM-YYYY'), '2 minutes 54 seconds'::interval, 10, 11, 18); 
insert into utwory( id_utworu, tytul, data_dodania, data_wydania, dlugosc, id_gatunku, id_albumu, numer_w_albumie) VALUES ( 17, 'Ticket to Ride' , to_date('15-2-2018', 'DD-MM-YYYY'), to_date('5-2-1933', 'DD-MM-YYYY'), '3 minutes 13 seconds'::interval, 6, 13, 14); 
insert into utwory( id_utworu, tytul, data_dodania, data_wydania, dlugosc, id_gatunku, id_albumu, numer_w_albumie) VALUES ( 16, 'Ohio' , to_date('14-9-2016', 'DD-MM-YYYY'), to_date('8-3-1960', 'DD-MM-YYYY'), '2 minutes 38 seconds'::interval, 13, 26, 20); 
insert into utwory( id_utworu, tytul, data_dodania, data_wydania, dlugosc, id_gatunku, id_albumu, numer_w_albumie) VALUES ( 15, 'I Know You Got Soul', to_date('21-7-2019', 'DD-MM-YYYY'), to_date('5-6-2019', 'DD-MM-YYYY'), '2 minutes 43 seconds'::interval, 18, 24, 16); 
insert into utwory( id_utworu, tytul, data_dodania, data_wydania, dlugosc, id_gatunku, id_albumu, numer_w_albumie) VALUES ( 14, 'Tiny Dancer' , to_date('25-4-2018', 'DD-MM-YYYY'), to_date('10-7-1939', 'DD-MM-YYYY'), '2 minutes 42 seconds'::interval, 17, 18, 14); 
insert into utwory( id_utworu, tytul, data_dodania, data_wydania, dlugosc, id_gatunku, id_albumu, numer_w_albumie) VALUES ( 13, 'Roxanne' , to_date('11-11-2016', 'DD-MM-YYYY'), to_date('4-8-1950', 'DD-MM-YYYY'), '2 minutes 50 seconds'::interval, 10, 11, 19); 
insert into utwory( id_utworu, tytul, data_dodania, data_wydania, dlugosc, id_gatunku, id_albumu, numer_w_albumie) VALUES ( 12, 'Just My Imagination' , to_date('5-1-2016', 'DD-MM-YYYY'), to_date('22-2-1933', 'DD-MM-YYYY'), '6 minutes 5 seconds'::interval, 6, 13, 15); 
insert into utwory( id_utworu, tytul, data_dodania, data_wydania, dlugosc, id_gatunku, id_albumu, numer_w_albumie) VALUES ( 11, 'Baby I Need Your Loving', to_date('18-8-2018', 'DD-MM-YYYY'), to_date('23-7-2018', 'DD-MM-YYYY'), '6 minutes 11 seconds'::interval, 14, 25, 14); 
insert into utwory( id_utworu, tytul, data_dodania, data_wydania, dlugosc, id_gatunku, id_albumu, numer_w_albumie) VALUES ( 10, 'Band of Gold' , to_date('18-12-2018', 'DD-MM-YYYY'), to_date('8-1-1939', 'DD-MM-YYYY'), '3 minutes 50 seconds'::interval, 15, 21, 13); 
insert into utwory( id_utworu, tytul, data_dodania, data_wydania, dlugosc, id_gatunku, id_albumu, numer_w_albumie) VALUES ( 9, 'O-o-h Child' , to_date('19-5-2015', 'DD-MM-YYYY'), to_date('26-11-1984', 'DD-MM-YYYY'), '2 minutes 59 seconds'::interval, 14, 15, 14); 
insert into utwory( id_utworu, tytul, data_dodania, data_wydania, dlugosc, id_gatunku, id_albumu, numer_w_albumie) VALUES ( 8, 'Summer in the City' , to_date('12-8-2019', 'DD-MM-YYYY'), to_date('13-12-1937', 'DD-MM-YYYY'), '3 minutes 40 seconds'::interval, 4, 19, 15); 
insert into utwory( id_utworu, tytul, data_dodania, data_wydania, dlugosc, id_gatunku, id_albumu, numer_w_albumie) VALUES ( 7, 'Cannot Help Falling in Love' , to_date('26-1-2016', 'DD-MM-YYYY'), to_date('20-11-1947', 'DD-MM-YYYY'), '3 minutes 14 seconds'::interval, 15, 8, 27); 
insert into utwory( id_utworu, tytul, data_dodania, data_wydania, dlugosc, id_gatunku, id_albumu, numer_w_albumie) VALUES ( 6, 'Remember' , to_date('23-5-2016', 'DD-MM-YYYY'), to_date('19-8-1998', 'DD-MM-YYYY'), '4 minutes 13 seconds'::interval, 18, 17, 12); 
insert into utwory( id_utworu, tytul, data_dodania, data_wydania, dlugosc, id_gatunku, id_albumu, numer_w_albumie) VALUES ( 5, 'Thirteen' , to_date('16-4-2017', 'DD-MM-YYYY'), to_date('8-4-1985', 'DD-MM-YYYY'), '5 minutes 31 seconds'::interval, 15, 9, 10); 
insert into utwory( id_utworu, tytul, data_dodania, data_wydania, dlugosc, id_gatunku, id_albumu, numer_w_albumie) VALUES ( 4, 'The Reaper' , to_date('27-9-2019', 'DD-MM-YYYY'), to_date('12-11-1937', 'DD-MM-YYYY'), '4 minutes 15 seconds'::interval, 4, 19, 16); 
insert into utwory( id_utworu, tytul, data_dodania, data_wydania, dlugosc, id_gatunku, id_albumu, numer_w_albumie) VALUES ( 3, 'Sweet Home Alabama' , to_date('13-4-2018', 'DD-MM-YYYY'), to_date('16-5-1974', 'DD-MM-YYYY'), '5 minutes 51 seconds'::interval, 6, 10, 20); 
insert into utwory( id_utworu, tytul, data_dodania, data_wydania, dlugosc, id_gatunku, id_albumu, numer_w_albumie) VALUES ( 2, 'Enter Sandman' , to_date('13-12-2019', 'DD-MM-YYYY'), to_date('25-6-1990', 'DD-MM-YYYY'), '2 minutes 31 seconds'::interval, 1, 6, 13); 
insert into utwory( id_utworu, tytul, data_dodania, data_wydania, dlugosc, id_gatunku, id_albumu, numer_w_albumie) VALUES ( 1, 'Kicks', to_date('17-7-2019', 'DD-MM-YYYY'), to_date('20-6-2019', 'DD-MM-YYYY'), '2 minutes 36 seconds'::interval, 18, 24, 17); 
insert into utwory  ( id_utworu, tytul, data_wydania, data_dodania, dlugosc, id_gatunku) VALUES ( 401, 'Tonight is the Night' , to_date('28-1-1915', 'DD-MM-YYYY'),to_date('9-7-2016', 'DD-MM-YYYY'), '4 minutes 36 seconds'::interval, 14);
insert into utwory  ( id_utworu, tytul, data_wydania, data_dodania, dlugosc, id_gatunku) VALUES ( 402, 'Thank You' , to_date('12-11-1916', 'DD-MM-YYYY'),to_date('23-2-2017', 'DD-MM-YYYY'), '5 minutes 40 seconds'::interval, 1);
insert into utwory  ( id_utworu, tytul, data_wydania, data_dodania, dlugosc, id_gatunku) VALUES ( 403, 'Comon Everybody' , to_date('28-8-1901', 'DD-MM-YYYY'),to_date('24-7-2019', 'DD-MM-YYYY'), '3 minutes 15 seconds'::interval, 20);
insert into utwory  ( id_utworu, tytul, data_wydania, data_dodania, dlugosc, id_gatunku) VALUES ( 404, 'Visions of Johanna' , to_date('20-8-1949', 'DD-MM-YYYY'),to_date('18-8-2017', 'DD-MM-YYYY'), '5 minutes 33 seconds'::interval, 4);
insert into utwory  ( id_utworu, tytul, data_wydania, data_dodania, dlugosc, id_gatunku) VALUES ( 405, 'We have Only Just Begun' , to_date('14-7-1907', 'DD-MM-YYYY'),to_date('6-2-2016', 'DD-MM-YYYY'), '5 minutes 50 seconds'::interval, 17);
insert into utwory  ( id_utworu, tytul, data_wydania, data_dodania, dlugosc, id_gatunku) VALUES ( 406, 'I Believe I Can Fly' , to_date('22-4-1905', 'DD-MM-YYYY'),to_date('12-3-2017', 'DD-MM-YYYY'), '2 minutes 33 seconds'::interval, 11);
insert into utwory ( id_utworu, tytul, data_wydania, data_dodania, dlugosc, id_gatunku) VALUES ( 407, 'Kicks' , to_date('16-5-1964', 'DD-MM-YYYY'),to_date('19-4-2015', 'DD-MM-YYYY'), '3 minutes 17 seconds'::interval, 20);
insert into utwory  ( id_utworu, tytul, data_wydania, data_dodania, dlugosc, id_gatunku) VALUES ( 408, 'Sweet Emotion' , to_date('9-5-1904', 'DD-MM-YYYY'),to_date('19-5-2019', 'DD-MM-YYYY'), '2 minutes 3 seconds'::interval, 5);
insert into utwory  ( id_utworu, tytul, data_wydania, data_dodania, dlugosc, id_gatunku) VALUES ( 409, 'Crossroads' , to_date('11-10-1987', 'DD-MM-YYYY'),to_date('16-1-2018', 'DD-MM-YYYY'), '6 minutes 26 seconds'::interval, 11);
insert into utwory  ( id_utworu, tytul, data_wydania, data_dodania, dlugosc, id_gatunku) VALUES ( 410, 'Monkey Gone to Heaven' , to_date('10-7-1901', 'DD-MM-YYYY'),to_date('19-9-2015', 'DD-MM-YYYY'), '4 minutes 38 seconds'::interval, 1);
insert into utwory  ( id_utworu, tytul, data_wydania, data_dodania, dlugosc, id_gatunku) VALUES ( 411, 'I Feel Love' , to_date('26-10-2012', 'DD-MM-YYYY'),to_date('11-7-2017', 'DD-MM-YYYY'), '5 minutes 6 seconds'::interval, 17);
insert into utwory  ( id_utworu, tytul, data_wydania, data_dodania, dlugosc, id_gatunku) VALUES ( 412, 'Ode to Billie Joe' , to_date('19-4-1964', 'DD-MM-YYYY'),to_date('26-6-2017', 'DD-MM-YYYY'), '3 minutes 35 seconds'::interval, 2);
insert into utwory  ( id_utworu, tytul, data_wydania, data_dodania, dlugosc, id_gatunku) VALUES ( 413, 'The Girl Cannot Help It' , to_date('21-1-1951', 'DD-MM-YYYY'),to_date('25-11-2016', 'DD-MM-YYYY'), '3 minutes 12 seconds'::interval, 6);
insert into utwory  ( id_utworu, tytul, data_wydania, data_dodania, dlugosc, id_gatunku) VALUES ( 414, 'Young Blood' , to_date('14-4-1943', 'DD-MM-YYYY'),to_date('5-2-2018', 'DD-MM-YYYY'), '6 minutes 49 seconds'::interval, 15);
insert into utwory  ( id_utworu, tytul, data_wydania, data_dodania, dlugosc, id_gatunku) VALUES ( 415, 'I Cannot Help Myself' , to_date('5-11-1906', 'DD-MM-YYYY'),to_date('25-5-2018', 'DD-MM-YYYY'), '3 minutes 44 seconds'::interval, 1);
insert into utwory  ( id_utworu, tytul, data_wydania, data_dodania, dlugosc, id_gatunku) VALUES ( 416, 'The Boys of Summer' , to_date('6-2-1931', 'DD-MM-YYYY'),to_date('26-4-2018', 'DD-MM-YYYY'), '2 minutes 32 seconds'::interval, 6);
insert into utwory  ( id_utworu, tytul, data_wydania, data_dodania, dlugosc, id_gatunku) VALUES ( 417, 'Fuck tha Police' , to_date('28-7-1930', 'DD-MM-YYYY'),to_date('17-5-2015', 'DD-MM-YYYY'), '5 minutes 9 seconds'::interval, 5);
insert into utwory  ( id_utworu, tytul, data_wydania, data_dodania, dlugosc, id_gatunku) VALUES ( 418, 'Suite: Judy Blue Eyes' , to_date('25-10-1907', 'DD-MM-YYYY'),to_date('25-6-2015', 'DD-MM-YYYY'), '4 minutes 1 seconds'::interval, 6);
insert into utwory  ( id_utworu, tytul, data_wydania, data_dodania, dlugosc, id_gatunku) VALUES ( 419, 'Nuthing But a G Thang' , to_date('9-3-1900', 'DD-MM-YYYY'),to_date('19-4-2016', 'DD-MM-YYYY'), '4 minutes 23 seconds'::interval, 4);
insert into utwory  ( id_utworu, tytul, data_wydania, data_dodania, dlugosc, id_gatunku) VALUES ( 420, 'It is Your Thing' , to_date('20-6-1973', 'DD-MM-YYYY'),to_date('15-5-2016', 'DD-MM-YYYY'), '6 minutes 54 seconds'::interval, 15);
insert into utwory  ( id_utworu, tytul, data_wydania, data_dodania, dlugosc, id_gatunku) VALUES ( 421, 'Piano Man' , to_date('8-2-1903', 'DD-MM-YYYY'),to_date('12-7-2018', 'DD-MM-YYYY'), '3 minutes 31 seconds'::interval, 8);
insert into utwory  ( id_utworu, tytul, data_wydania, data_dodania, dlugosc, id_gatunku) VALUES ( 422, 'Lola' , to_date('15-10-2018', 'DD-MM-YYYY'),to_date('1-11-2018', 'DD-MM-YYYY'), '3 minutes 24 seconds'::interval, 4);
insert into utwory  ( id_utworu, tytul, data_wydania, data_dodania, dlugosc, id_gatunku) VALUES ( 423, 'Blue Suede Shoes' , to_date('10-3-1913', 'DD-MM-YYYY'),to_date('22-5-2016', 'DD-MM-YYYY'), '5 minutes 39 seconds'::interval, 14);
insert into utwory  ( id_utworu, tytul, data_wydania, data_dodania, dlugosc, id_gatunku) VALUES ( 424, 'Tumbling Dice' , to_date('8-2-1942', 'DD-MM-YYYY'),to_date('10-5-2016', 'DD-MM-YYYY'), '6 minutes 19 seconds'::interval, 20);
insert into utwory  ( id_utworu, tytul, data_wydania, data_dodania, dlugosc, id_gatunku) VALUES ( 425, 'William, It Was Really Nothing' , to_date('23-4-1935', 'DD-MM-YYYY'),to_date('17-6-2018', 'DD-MM-YYYY'), '2 minutes 29 seconds'::interval, 10);
insert into utwory ( id_utworu, tytul, data_wydania, data_dodania, dlugosc, id_gatunku) VALUES ( 426, 'Smoke on the Water' , to_date('21-3-1969', 'DD-MM-YYYY'),to_date('5-12-2018', 'DD-MM-YYYY'), '4 minutes 39 seconds'::interval, 3);
insert into utwory  ( id_utworu, tytul, data_wydania, data_dodania, dlugosc, id_gatunku) VALUES ( 427, 'New Year and Day' , to_date('20-10-1980', 'DD-MM-YYYY'),to_date('18-3-2017', 'DD-MM-YYYY'), '3 minutes 28 seconds'::interval, 2);
insert into utwory  ( id_utworu, tytul, data_wydania, data_dodania, dlugosc, id_gatunku) VALUES ( 428, 'Devil With a Blue Dress On' , to_date('5-9-2001', 'DD-MM-YYYY'),to_date('6-12-2018', 'DD-MM-YYYY'), '4 minutes 39 seconds'::interval, 12);
insert into utwory  ( id_utworu, tytul, data_wydania, data_dodania, dlugosc, id_gatunku) VALUES ( 429, 'Everybody Needs Somebody to Love' , to_date('26-5-1973', 'DD-MM-YYYY'),to_date('23-6-2019', 'DD-MM-YYYY'), '3 minutes 35 seconds'::interval, 16);
insert into utwory ( id_utworu, tytul, data_wydania, data_dodania, dlugosc, id_gatunku) VALUES ( 430, 'White Man in Hammersmith Palais' , to_date('1-7-1976', 'DD-MM-YYYY'),to_date('3-11-2015', 'DD-MM-YYYY'), '6 minutes 21 seconds'::interval, 5);
insert into utwory  ( id_utworu, tytul, data_wydania, data_dodania, dlugosc, id_gatunku) VALUES ( 431, 'It is a Shame' , to_date('4-11-1916', 'DD-MM-YYYY'),to_date('14-6-2016', 'DD-MM-YYYY'), '4 minutes 20 seconds'::interval, 12);
insert into utwory  ( id_utworu, tytul, data_wydania, data_dodania, dlugosc, id_gatunku) VALUES ( 432, 'Midnight Train to Georgia' , to_date('24-11-1947', 'DD-MM-YYYY'),to_date('26-11-2017', 'DD-MM-YYYY'), '4 minutes 2 seconds'::interval, 13);
insert into utwory  ( id_utworu, tytul, data_wydania, data_dodania, dlugosc, id_gatunku) VALUES ( 433, 'Ramble On' , to_date('2-1-1974', 'DD-MM-YYYY'),to_date('18-3-2017', 'DD-MM-YYYY'), '2 minutes 50 seconds'::interval, 5);
insert into utwory  ( id_utworu, tytul, data_wydania, data_dodania, dlugosc, id_gatunku) VALUES ( 434, 'Mustang Sally' , to_date('4-2-2005', 'DD-MM-YYYY'),to_date('14-8-2015', 'DD-MM-YYYY'), '4 minutes 30 seconds'::interval, 13);
insert into utwory  ( id_utworu, tytul, data_wydania, data_dodania, dlugosc, id_gatunku) VALUES ( 435, 'Beast of Burden' , to_date('6-8-1916', 'DD-MM-YYYY'),to_date('3-11-2015', 'DD-MM-YYYY'), '2 minutes 40 seconds'::interval, 13);
insert into utwory ( id_utworu, tytul, data_wydania, data_dodania, dlugosc, id_gatunku) VALUES ( 436, 'Alone Again Or' , to_date('12-4-1913', 'DD-MM-YYYY'),to_date('14-3-2018', 'DD-MM-YYYY'), '4 minutes 6 seconds'::interval, 17);
insert into utwory  ( id_utworu, tytul, data_wydania, data_dodania, dlugosc, id_gatunku) VALUES ( 437, 'Love Me Tender' , to_date('5-11-2006', 'DD-MM-YYYY'),to_date('21-12-2019', 'DD-MM-YYYY'), '6 minutes 12 seconds'::interval, 7);
insert into utwory ( id_utworu, tytul, data_wydania, data_dodania, dlugosc, id_gatunku) VALUES ( 438, 'I Wanna Be Your Dog' , to_date('19-3-1909', 'DD-MM-YYYY'),to_date('6-4-2017', 'DD-MM-YYYY'), '2 minutes 59 seconds'::interval, 14);
insert into utwory ( id_utworu, tytul, data_wydania, data_dodania, dlugosc, id_gatunku) VALUES ( 439, 'Pink Houses' , to_date('28-11-1978', 'DD-MM-YYYY'),to_date('22-2-2016', 'DD-MM-YYYY'), '3 minutes 50 seconds'::interval, 12);
insert into utwory ( id_utworu, tytul, data_wydania, data_dodania, dlugosc, id_gatunku) VALUES ( 440, 'Push It' , to_date('22-9-1916', 'DD-MM-YYYY'),to_date('4-2-2017', 'DD-MM-YYYY'), '5 minutes 39 seconds'::interval, 7);
insert into utwory  ( id_utworu, tytul, data_wydania, data_dodania, dlugosc, id_gatunku) VALUES ( 441, 'Come Go With Me' , to_date('12-7-1907', 'DD-MM-YYYY'),to_date('21-8-2016', 'DD-MM-YYYY'), '5 minutes 32 seconds'::interval, 19);
insert into utwory  ( id_utworu, tytul, data_wydania, data_dodania, dlugosc, id_gatunku) VALUES ( 442, 'Keep a Knockin' , to_date('26-10-2006', 'DD-MM-YYYY'),to_date('9-12-2015', 'DD-MM-YYYY'), '3 minutes 6 seconds'::interval, 19);
insert into utwory  ( id_utworu, tytul, data_wydania, data_dodania, dlugosc, id_gatunku) VALUES ( 443, 'I Shot the Sheriff' , to_date('24-1-1931', 'DD-MM-YYYY'),to_date('25-2-2017', 'DD-MM-YYYY'), '3 minutes 42 seconds'::interval, 15);
insert into utwory  ( id_utworu, tytul, data_wydania, data_dodania, dlugosc, id_gatunku) VALUES ( 444, 'I Got You Babe' , to_date('15-7-1918', 'DD-MM-YYYY'),to_date('13-2-2016', 'DD-MM-YYYY'), '5 minutes 39 seconds'::interval, 16);
insert into utwory  ( id_utworu, tytul, data_wydania, data_dodania, dlugosc, id_gatunku) VALUES ( 445, 'Come As You Are' , to_date('16-6-1953', 'DD-MM-YYYY'),to_date('28-11-2018', 'DD-MM-YYYY'), '3 minutes 46 seconds'::interval, 4);
insert into utwory  ( id_utworu, tytul, data_wydania, data_dodania, dlugosc, id_gatunku) VALUES ( 446, 'Pressure Drop' , to_date('22-3-1916', 'DD-MM-YYYY'),to_date('24-3-2018', 'DD-MM-YYYY'), '6 minutes 33 seconds'::interval, 11);
insert into utwory  ( id_utworu, tytul, data_wydania, data_dodania, dlugosc, id_gatunku) VALUES ( 447, 'Leader of the Pack' , to_date('26-1-1929', 'DD-MM-YYYY'),to_date('18-2-2019', 'DD-MM-YYYY'), '5 minutes 51 seconds'::interval, 8);
insert into utwory  ( id_utworu, tytul, data_wydania, data_dodania, dlugosc, id_gatunku) VALUES ( 448, 'Heroin' , to_date('11-2-1945', 'DD-MM-YYYY'),to_date('20-2-2016', 'DD-MM-YYYY'), '6 minutes 29 seconds'::interval, 19);
insert into utwory  ( id_utworu, tytul, data_wydania, data_dodania, dlugosc, id_gatunku) VALUES ( 449, 'Penny Lane' , to_date('14-11-1987', 'DD-MM-YYYY'),to_date('24-10-2016', 'DD-MM-YYYY'), '4 minutes 25 seconds'::interval, 8);
insert into utwory  ( id_utworu, tytul, data_wydania, data_dodania, dlugosc, id_gatunku) VALUES ( 450, 'By the Time I Get to Phoenix' , to_date('13-3-1935', 'DD-MM-YYYY'),to_date('19-9-2017', 'DD-MM-YYYY'), '2 minutes 28 seconds'::interval, 8);
insert into utwory  ( id_utworu, tytul, data_wydania, data_dodania, dlugosc, id_gatunku) VALUES ( 451, 'The Twist' , to_date('13-4-1935', 'DD-MM-YYYY'),to_date('19-1-2019', 'DD-MM-YYYY'), '5 minutes 23 seconds'::interval, 15);
insert into utwory  ( id_utworu, tytul, data_wydania, data_dodania, dlugosc, id_gatunku) VALUES ( 452, 'Cupid' , to_date('20-1-1907', 'DD-MM-YYYY'),to_date('19-6-2018', 'DD-MM-YYYY'), '2 minutes 46 seconds'::interval, 5);
insert into utwory  ( id_utworu, tytul, data_wydania, data_dodania, dlugosc, id_gatunku) VALUES ( 453, 'Paradise City' , to_date('1-9-1941', 'DD-MM-YYYY'),to_date('23-5-2018', 'DD-MM-YYYY'), '5 minutes 9 seconds'::interval, 17);
insert into utwory  ( id_utworu, tytul, data_wydania, data_dodania, dlugosc, id_gatunku) VALUES ( 454, 'My Sweet Lord' , to_date('15-8-1928', 'DD-MM-YYYY'),to_date('4-2-2016', 'DD-MM-YYYY'), '6 minutes 13 seconds'::interval, 8);
insert into utwory  ( id_utworu, tytul, data_wydania, data_dodania, dlugosc, id_gatunku) VALUES ( 455, 'All Apologies' , to_date('14-7-1900', 'DD-MM-YYYY'),to_date('12-1-2017', 'DD-MM-YYYY'), '5 minutes 45 seconds'::interval, 17);
insert into utwory  ( id_utworu, tytul, data_wydania, data_dodania, dlugosc, id_gatunku) VALUES ( 456, 'Stagger Lee' , to_date('19-4-1998', 'DD-MM-YYYY'),to_date('13-2-2015', 'DD-MM-YYYY'), '6 minutes 29 seconds'::interval, 8);
insert into utwory  ( id_utworu, tytul, data_wydania, data_dodania, dlugosc, id_gatunku) VALUES ( 457, 'Sheena Is a Punk Rocker' , to_date('12-10-1940', 'DD-MM-YYYY'),to_date('23-1-2015', 'DD-MM-YYYY'), '4 minutes 31 seconds'::interval, 4);
insert into utwory  ( id_utworu, tytul, data_wydania, data_dodania, dlugosc, id_gatunku) VALUES ( 458, 'Soul Man' , to_date('14-1-1902', 'DD-MM-YYYY'),to_date('26-11-2015', 'DD-MM-YYYY'), '2 minutes 18 seconds'::interval, 11);
insert into utwory  ( id_utworu, tytul, data_wydania, data_dodania, dlugosc, id_gatunku) VALUES ( 459, 'Rolling Stone' , to_date('27-6-1956', 'DD-MM-YYYY'),to_date('3-3-2015', 'DD-MM-YYYY'), '3 minutes 24 seconds'::interval, 11);
insert into utwory  ( id_utworu, tytul, data_wydania, data_dodania, dlugosc, id_gatunku) VALUES ( 460, 'One Fine Day' , to_date('23-2-2014', 'DD-MM-YYYY'),to_date('25-3-2014', 'DD-MM-YYYY'), '4 minutes 30 seconds'::interval, 1);
insert into utwory  ( id_utworu, tytul, data_wydania, data_dodania, dlugosc, id_gatunku) VALUES ( 461, 'Kiss' , to_date('14-3-1934', 'DD-MM-YYYY'),to_date('19-1-2016', 'DD-MM-YYYY'), '4 minutes 9 seconds'::interval, 8);
insert into utwory  ( id_utworu, tytul, data_wydania, data_dodania, dlugosc, id_gatunku) VALUES ( 462, 'Respect Yourself' , to_date('14-10-1978', 'DD-MM-YYYY'),to_date('3-7-2015', 'DD-MM-YYYY'), '2 minutes 27 seconds'::interval, 9);
insert into utwory  ( id_utworu, tytul, data_wydania, data_dodania, dlugosc, id_gatunku) VALUES ( 463, 'Rain' , to_date('24-6-1924', 'DD-MM-YYYY'),to_date('22-10-2018', 'DD-MM-YYYY'), '3 minutes 32 seconds'::interval, 16);
insert into utwory  ( id_utworu, tytul, data_wydania, data_dodania, dlugosc, id_gatunku) VALUES ( 464, 'Standing in the Shadows of Love' , to_date('12-9-1921', 'DD-MM-YYYY'),to_date('13-1-2015', 'DD-MM-YYYY'), '3 minutes 39 seconds'::interval, 20);
insert into utwory  ( id_utworu, tytul, data_wydania, data_dodania, dlugosc, id_gatunku) VALUES ( 465, 'Surrender' , to_date('24-3-2012', 'DD-MM-YYYY'),to_date('24-8-2017', 'DD-MM-YYYY'), '4 minutes 44 seconds'::interval, 9);
insert into utwory  ( id_utworu, tytul, data_wydania, data_dodania, dlugosc, id_gatunku) VALUES ( 466, 'Runaway' , to_date('2-1-1943', 'DD-MM-YYYY'),to_date('21-8-2016', 'DD-MM-YYYY'), '5 minutes 31 seconds'::interval, 15);
insert into utwory  ( id_utworu, tytul, data_wydania, data_dodania, dlugosc, id_gatunku) VALUES ( 467, 'Welcome to the Jungle' , to_date('13-10-1953', 'DD-MM-YYYY'),to_date('28-5-2015', 'DD-MM-YYYY'), '5 minutes 13 seconds'::interval, 18);
insert into utwory  ( id_utworu, tytul, data_wydania, data_dodania, dlugosc, id_gatunku) VALUES ( 468, 'Search and Destroy' , to_date('26-3-1990', 'DD-MM-YYYY'),to_date('16-7-2019', 'DD-MM-YYYY'), '6 minutes 52 seconds'::interval, 9);
insert into utwory  ( id_utworu, tytul, data_wydania, data_dodania, dlugosc, id_gatunku) VALUES ( 469, 'It is Too Late' , to_date('25-3-1906', 'DD-MM-YYYY'),to_date('23-4-2018', 'DD-MM-YYYY'), '5 minutes 0 seconds'::interval, 17);
insert into utwory  ( id_utworu, tytul, data_wydania, data_dodania, dlugosc, id_gatunku) VALUES ( 470, 'Free Man in Paris' , to_date('28-7-2012', 'DD-MM-YYYY'),to_date('21-3-2017', 'DD-MM-YYYY'), '4 minutes 40 seconds'::interval, 6);
insert into utwory  ( id_utworu, tytul, data_wydania, data_dodania, dlugosc, id_gatunku) VALUES ( 471, 'On the Road Again' , to_date('10-11-1939', 'DD-MM-YYYY'),to_date('2-12-2015', 'DD-MM-YYYY'), '4 minutes 21 seconds'::interval, 10);
insert into utwory  ( id_utworu, tytul, data_wydania, data_dodania, dlugosc, id_gatunku) VALUES ( 472, 'Where Did Our Love Go' , to_date('10-9-1970', 'DD-MM-YYYY'),to_date('14-1-2018', 'DD-MM-YYYY'), '4 minutes 57 seconds'::interval, 16);
insert into utwory  ( id_utworu, tytul, data_wydania, data_dodania, dlugosc, id_gatunku) VALUES ( 473, 'Do Right Woman, Do Right Man' , to_date('9-3-2017', 'DD-MM-YYYY'),to_date('4-4-2017', 'DD-MM-YYYY'), '4 minutes 30 seconds'::interval, 4);
insert into utwory  ( id_utworu, tytul, data_wydania, data_dodania, dlugosc, id_gatunku) VALUES ( 474, 'One Nation Under a Groove' , to_date('11-9-1943', 'DD-MM-YYYY'),to_date('28-8-2018', 'DD-MM-YYYY'), '4 minutes 38 seconds'::interval, 3);
insert into utwory  ( id_utworu, tytul, data_wydania, data_dodania, dlugosc, id_gatunku) VALUES ( 475, 'Sabotage' , to_date('26-4-1976', 'DD-MM-YYYY'),to_date('1-4-2019', 'DD-MM-YYYY'), '2 minutes 51 seconds'::interval, 12);
insert into utwory  ( id_utworu, tytul, data_wydania, data_dodania, dlugosc, id_gatunku) VALUES ( 476, 'I Want to Know What Love Is' , to_date('6-2-1977', 'DD-MM-YYYY'),to_date('5-1-2018', 'DD-MM-YYYY'), '2 minutes 48 seconds'::interval, 6);
insert into utwory  ( id_utworu, tytul, data_wydania, data_dodania, dlugosc, id_gatunku) VALUES ( 477, 'Super Freak' , to_date('21-1-1985', 'DD-MM-YYYY'),to_date('25-12-2017', 'DD-MM-YYYY'), '2 minutes 50 seconds'::interval, 4);
insert into utwory  ( id_utworu, tytul, data_wydania, data_dodania, dlugosc, id_gatunku) VALUES ( 478, 'White Rabbit' , to_date('8-6-1972', 'DD-MM-YYYY'),to_date('18-2-2017', 'DD-MM-YYYY'), '6 minutes 22 seconds'::interval, 9);
insert into utwory  ( id_utworu, tytul, data_wydania, data_dodania, dlugosc, id_gatunku) VALUES ( 479, 'Lady Marmalade' , to_date('7-6-1916', 'DD-MM-YYYY'),to_date('6-2-2017', 'DD-MM-YYYY'), '5 minutes 50 seconds'::interval, 10);
insert into utwory  ( id_utworu, tytul, data_wydania, data_dodania, dlugosc, id_gatunku) VALUES ( 480, 'Into the Mystic' , to_date('15-2-1968', 'DD-MM-YYYY'),to_date('13-1-2018', 'DD-MM-YYYY'), '5 minutes 6 seconds'::interval, 4);
insert into utwory  ( id_utworu, tytul, data_wydania, data_dodania, dlugosc, id_gatunku) VALUES ( 481, 'Young Americans' , to_date('19-11-1936', 'DD-MM-YYYY'),to_date('15-2-2019', 'DD-MM-YYYY'), '6 minutes 48 seconds'::interval, 7);
insert into utwory  ( id_utworu, tytul, data_wydania, data_dodania, dlugosc, id_gatunku) VALUES ( 482, 'I am Eighteen' , to_date('18-2-1974', 'DD-MM-YYYY'),to_date('19-4-2015', 'DD-MM-YYYY'), '2 minutes 23 seconds'::interval, 9);
insert into utwory  ( id_utworu, tytul, data_wydania, data_dodania, dlugosc, id_gatunku) VALUES ( 483, 'Just Like Heaven' , to_date('18-1-1963', 'DD-MM-YYYY'),to_date('7-9-2019', 'DD-MM-YYYY'), '2 minutes 5 seconds'::interval, 15);
insert into utwory  ( id_utworu, tytul, data_wydania, data_dodania, dlugosc, id_gatunku) VALUES ( 484, 'I Love Rock and Roll' , to_date('19-6-1905', 'DD-MM-YYYY'),to_date('25-3-2016', 'DD-MM-YYYY'), '2 minutes 12 seconds'::interval, 9);
insert into utwory  ( id_utworu, tytul, data_wydania, data_dodania, dlugosc, id_gatunku) VALUES ( 485, 'Graceland' , to_date('12-9-1964', 'DD-MM-YYYY'),to_date('5-6-2015', 'DD-MM-YYYY'), '2 minutes 32 seconds'::interval, 2);
insert into utwory  ( id_utworu, tytul, data_wydania, data_dodania, dlugosc, id_gatunku) VALUES ( 486, 'How Soon Is Now?' , to_date('18-7-1989', 'DD-MM-YYYY'),to_date('19-6-2015', 'DD-MM-YYYY'), '5 minutes 22 seconds'::interval, 1);
insert into utwory  ( id_utworu, tytul, data_wydania, data_dodania, dlugosc, id_gatunku) VALUES ( 487, 'Under the Boardwalk' , to_date('5-7-1911', 'DD-MM-YYYY'),to_date('26-2-2019', 'DD-MM-YYYY'), '5 minutes 59 seconds'::interval, 10);
insert into utwory  ( id_utworu, tytul, data_wydania, data_dodania, dlugosc, id_gatunku) VALUES ( 488, 'Rhiannon' , to_date('10-5-2005', 'DD-MM-YYYY'),to_date('28-3-2018', 'DD-MM-YYYY'), '4 minutes 4 seconds'::interval, 17);
insert into utwory  ( id_utworu, tytul, data_wydania, data_dodania, dlugosc, id_gatunku) VALUES ( 489, 'I Will Survive' , to_date('26-4-1988', 'DD-MM-YYYY'),to_date('22-2-2019', 'DD-MM-YYYY'), '6 minutes 28 seconds'::interval, 13);
insert into utwory  ( id_utworu, tytul, data_wydania, data_dodania, dlugosc, id_gatunku) VALUES ( 490, 'Brown Sugar' , to_date('14-3-1902', 'DD-MM-YYYY'),to_date('19-5-2016', 'DD-MM-YYYY'), '2 minutes 32 seconds'::interval, 3);
insert into utwory ( id_utworu, tytul, data_wydania, data_dodania, dlugosc, id_gatunku) VALUES ( 491, 'You Donnot Have to Say You Love Me' , to_date('26-8-1916', 'DD-MM-YYYY'),to_date('3-12-2018', 'DD-MM-YYYY'), '2 minutes 43 seconds'::interval, 12);
insert into utwory  ( id_utworu, tytul, data_wydania, data_dodania, dlugosc, id_gatunku) VALUES ( 492, 'Running on Empty' , to_date('27-3-1905', 'DD-MM-YYYY'),to_date('26-8-2019', 'DD-MM-YYYY'), '5 minutes 57 seconds'::interval, 9);
insert into utwory  ( id_utworu, tytul, data_wydania, data_dodania, dlugosc, id_gatunku) VALUES ( 493, 'Then He Kissed Me' , to_date('16-6-1902', 'DD-MM-YYYY'),to_date('10-10-2016', 'DD-MM-YYYY'), '6 minutes 16 seconds'::interval, 16);
insert into utwory  ( id_utworu, tytul, data_wydania, data_dodania, dlugosc, id_gatunku) VALUES ( 494, 'Desperado' , to_date('2-3-1923', 'DD-MM-YYYY'),to_date('2-6-2018', 'DD-MM-YYYY'), '3 minutes 32 seconds'::interval, 4);
insert into utwory  ( id_utworu, tytul, data_wydania, data_dodania, dlugosc, id_gatunku) VALUES ( 495, 'Shop Around' , to_date('26-2-1977', 'DD-MM-YYYY'),to_date('9-10-2016', 'DD-MM-YYYY'), '6 minutes 7 seconds'::interval, 8);
insert into utwory  ( id_utworu, tytul, data_wydania, data_dodania, dlugosc, id_gatunku) VALUES ( 496, 'Miss You' , to_date('1-11-1998', 'DD-MM-YYYY'),to_date('27-5-2017', 'DD-MM-YYYY'), '3 minutes 8 seconds'::interval, 19);
insert into utwory  ( id_utworu, tytul, data_wydania, data_dodania, dlugosc, id_gatunku) VALUES ( 497, 'Buddy Holly' , to_date('16-3-2004', 'DD-MM-YYYY'),to_date('10-10-2016', 'DD-MM-YYYY'), '6 minutes 30 seconds'::interval, 3);
insert into utwory  ( id_utworu, tytul, data_wydania, data_dodania, dlugosc, id_gatunku) VALUES ( 498, 'Rainy Night in Georgia' , to_date('28-4-1911', 'DD-MM-YYYY'),to_date('14-7-2017', 'DD-MM-YYYY'), '2 minutes 51 seconds'::interval, 9);
insert into utwory  ( id_utworu, tytul, data_wydania, data_dodania, dlugosc, id_gatunku) VALUES ( 499, 'The Boys Are Back in Town' , to_date('6-11-1945', 'DD-MM-YYYY'),to_date('22-8-2016', 'DD-MM-YYYY'), '5 minutes 2 seconds'::interval, 20);
insert into utwory  ( id_utworu, tytul, data_wydania, data_dodania, dlugosc, id_gatunku) VALUES ( 500, 'More Than a Feeling' , to_date('9-1-1982', 'DD-MM-YYYY'),to_date('22-5-2016', 'DD-MM-YYYY'), '5 minutes 32 seconds'::interval, 8);
insert into autorzy (id_autora, nazwa, czy_zespol) values (0, 'The Beatles', 'T');
insert into autorzy (id_autora, nazwa, czy_zespol) values (1, 'The Rolling Stones', 'T');
insert into autorzy (id_autora, nazwa, czy_zespol) values (2, 'Led Zeppelin', 'T');
insert into autorzy (id_autora, nazwa, czy_zespol) values (3, 'The Doors', 'T');
insert into autorzy (id_autora, nazwa, czy_zespol) values (4, 'Pink Floyd', 'T');
insert into autorzy (id_autora, nazwa, czy_zespol) values (5, 'The Beach Boys', 'T');
insert into autorzy (id_autora, nazwa, czy_zespol) values (6, 'The Who', 'T');
insert into autorzy (id_autora, nazwa, czy_zespol) values (7, 'Simon & Garfunkel', 'T');
insert into autorzy (id_autora, nazwa, czy_zespol) values (8, 'U2', 'T');
insert into autorzy (id_autora, nazwa, czy_zespol) values (9, 'Cream', 'T');
insert into autorzy (id_autora, nazwa, czy_zespol) values (10, 'The Velvet Undergroung', 'T');
insert into autorzy (id_autora, nazwa, czy_zespol) values (11, 'The Kinks', 'T');
insert into autorzy (id_autora, nazwa, czy_zespol) values (12, 'Nirvana', 'T');
insert into autorzy (id_autora, nazwa, czy_zespol) values (13, 'The Band', 'T');
insert into autorzy (id_autora, nazwa, czy_zespol) values (14, 'The Police', 'T');
insert into autorzy (id_autora, nazwa, czy_zespol) values (15, 'Deep Purple', 'T');
insert into autorzy (id_autora, nazwa, czy_zespol) values (16, 'The Clash', 'T');
insert into autorzy (id_autora, nazwa, czy_zespol) values (17, 'AC/DC', 'T');
insert into autorzy (id_autora, nazwa, czy_zespol) values (18, 'Eagles', 'T');
insert into autorzy (id_autora, nazwa, czy_zespol) values (19, 'The Byrds', 'T');
insert into autorzy (id_autora, nazwa, czy_zespol) values (21, 'Janella Murkitt', 'N');
insert into autorzy (id_autora, nazwa, czy_zespol) values (22, 'Glyn Flitcroft', 'N');
insert into autorzy (id_autora, nazwa, czy_zespol) values (23, 'Lewes Tickel', 'N');
insert into autorzy (id_autora, nazwa, czy_zespol) values (24, 'Felita Toten', 'N');
insert into autorzy (id_autora, nazwa, czy_zespol) values (25, 'Hyacintha Bradshaw', 'N');
insert into autorzy (id_autora, nazwa, czy_zespol) values (26, 'Jillayne Duns', 'N');
insert into autorzy (id_autora, nazwa, czy_zespol) values (27, 'Wren Reddish', 'N');
insert into autorzy (id_autora, nazwa, czy_zespol) values (28, 'Sioux Snalham', 'N');
insert into autorzy (id_autora, nazwa, czy_zespol) values (29, 'Caddric Surr', 'N');
insert into autorzy (id_autora, nazwa, czy_zespol) values (30, 'Palm Goghin', 'N');
insert into autorzy (id_autora, nazwa, czy_zespol) values (31, 'Corrine Dennistoun', 'N');
insert into autorzy (id_autora, nazwa, czy_zespol) values (32, 'Emlyn Redborn', 'N');
insert into autorzy (id_autora, nazwa, czy_zespol) values (33, 'Yelena Rizzelli', 'N');
insert into autorzy (id_autora, nazwa, czy_zespol) values (34, 'Buffy Risborough', 'N');
insert into autorzy (id_autora, nazwa, czy_zespol) values (35, 'Chandra Shillam', 'N');
insert into autorzy (id_autora, nazwa, czy_zespol) values (36, 'Huberto Handrik', 'N');
insert into autorzy (id_autora, nazwa, czy_zespol) values (37, 'Tallulah Goosey', 'N');
insert into autorzy (id_autora, nazwa, czy_zespol) values (38, 'Neal Treslove', 'N');
insert into autorzy (id_autora, nazwa, czy_zespol) values (39, 'Ethel Bielefeld', 'N');
insert into autorzy (id_autora, nazwa, czy_zespol) values (40, 'Chaddy Pleming', 'N');
insert into autorzy (id_autora, nazwa, czy_zespol) values (41, 'Temp Jereatt', 'N');
insert into autorzy (id_autora, nazwa, czy_zespol) values (42, 'Eberhard Woodstock', 'N');
insert into autorzy (id_autora, nazwa, czy_zespol) values (43, 'Hollis Daveren', 'N');
insert into autorzy (id_autora, nazwa, czy_zespol) values (44, 'Leese Dutnell', 'N');
insert into autorzy (id_autora, nazwa, czy_zespol) values (45, 'Dimitri Mordy', 'N');
insert into autorzy (id_autora, nazwa, czy_zespol) values (46, 'Ginnie Hastilow', 'N');
insert into autorzy (id_autora, nazwa, czy_zespol) values (47, 'Fredrick Audas', 'N');
insert into autorzy (id_autora, nazwa, czy_zespol) values (48, 'Zoe Wheildon', 'N');
insert into autorzy (id_autora, nazwa, czy_zespol) values (49, 'Maximo Basey', 'N');
insert into autorzy (id_autora, nazwa, czy_zespol) values (50, 'Vick Quinton', 'N');
insert into autorzy (id_autora, nazwa, czy_zespol) values (51, 'Stavro Fernez', 'N');
insert into autorzy (id_autora, nazwa, czy_zespol) values (52, 'Perrine Bendon', 'N');
insert into autorzy (id_autora, nazwa, czy_zespol) values (53, 'Amandie Maddyson', 'N');
insert into autorzy (id_autora, nazwa, czy_zespol) values (54, 'Chaddie O''Fairy', 'N');
insert into autorzy (id_autora, nazwa, czy_zespol) values (55, 'Welch Mazzia', 'N');
insert into autorzy (id_autora, nazwa, czy_zespol) values (56, 'Jacob Twelvetrees', 'N');
insert into autorzy (id_autora, nazwa, czy_zespol) values (57, 'Cordy Dinley', 'N');
insert into autorzy (id_autora, nazwa, czy_zespol) values (58, 'Odella Buglar', 'N');
insert into autorzy (id_autora, nazwa, czy_zespol) values (59, 'Raimondo O''Sheeryne', 'N');
insert into autorzy (id_autora, nazwa, czy_zespol) values (60, 'Carmencita Abbotts', 'N');
insert into autorzy (id_autora, nazwa, czy_zespol) values (61, 'Nari Pratty', 'N');
insert into autorzy (id_autora, nazwa, czy_zespol) values (62, 'Randy Mertgen', 'N');
insert into autorzy (id_autora, nazwa, czy_zespol) values (63, 'Mortimer Towl', 'N');
insert into autorzy (id_autora, nazwa, czy_zespol) values (64, 'Nancie Ludlem', 'N');
insert into autorzy (id_autora, nazwa, czy_zespol) values (65, 'Britte Streater', 'N');
insert into autorzy (id_autora, nazwa, czy_zespol) values (66, 'Jillene Parnby', 'N');
insert into autorzy (id_autora, nazwa, czy_zespol) values (67, 'Humfried Boustead', 'N');
insert into autorzy (id_autora, nazwa, czy_zespol) values (68, 'Early Colwell', 'N');
insert into autorzy (id_autora, nazwa, czy_zespol) values (69, 'Margarete Hairsnape', 'N');
insert into autorzy (id_autora, nazwa, czy_zespol) values (70, 'Fern Jewess', 'N');
insert into autorzy (id_autora, nazwa, czy_zespol) values (71, 'Kevin Fox', 'N');
insert into autorzy (id_autora, nazwa, czy_zespol) values (72, 'Berri Seger', 'N');
insert into autorzy (id_autora, nazwa, czy_zespol) values (73, 'Felix Navarijo', 'N');
insert into autorzy (id_autora, nazwa, czy_zespol) values (74, 'Birch Boater', 'N');
insert into autorzy (id_autora, nazwa, czy_zespol) values (75, 'Titus Lampaert', 'N');
insert into autorzy (id_autora, nazwa, czy_zespol) values (76, 'Alexis Corish', 'N');
insert into autorzy (id_autora, nazwa, czy_zespol) values (77, 'Adan Battson', 'N');
insert into autorzy (id_autora, nazwa, czy_zespol) values (78, 'Liz Camock', 'N');
insert into autorzy (id_autora, nazwa, czy_zespol) values (79, 'Lila Dullingham', 'N');
insert into autorzy (id_autora, nazwa, czy_zespol) values (80, 'Saxe O''Ferris', 'N');
insert into autorzy (id_autora, nazwa, czy_zespol) values (81, 'Sidney Postins', 'N');
insert into autorzy (id_autora, nazwa, czy_zespol) values (82, 'Georgeanna Colaco', 'N');
insert into autorzy (id_autora, nazwa, czy_zespol) values (83, 'Joane Hirche', 'N');
insert into autorzy (id_autora, nazwa, czy_zespol) values (84, 'Carolina Goodman', 'N');
insert into autorzy (id_autora, nazwa, czy_zespol) values (85, 'Vincenty Frude', 'N');
insert into autorzy (id_autora, nazwa, czy_zespol) values (86, 'Dayna Caghan', 'N');
insert into autorzy (id_autora, nazwa, czy_zespol) values (87, 'Terrell Filochov', 'N');
insert into autorzy (id_autora, nazwa, czy_zespol) values (88, 'Tuckie Pauncefoot', 'N');
insert into autorzy (id_autora, nazwa, czy_zespol) values (89, 'Deane Scroggie', 'N');
insert into autorzy (id_autora, nazwa, czy_zespol) values (90, 'Corabel Hartwell', 'N');
insert into autorzy (id_autora, nazwa, czy_zespol) values (91, 'Glen Drysdall', 'N');
insert into autorzy (id_autora, nazwa, czy_zespol) values (92, 'Vonni Blakeman', 'N');
insert into autorzy (id_autora, nazwa, czy_zespol) values (93, 'Hartley McKellar', 'N');
insert into autorzy (id_autora, nazwa, czy_zespol) values (94, 'Jemmie Fadden', 'N');
insert into autorzy (id_autora, nazwa, czy_zespol) values (95, 'Baxy Taffs', 'N');
insert into autorzy (id_autora, nazwa, czy_zespol) values (96, 'Phoebe Inderwick', 'N');
insert into autorzy (id_autora, nazwa, czy_zespol) values (97, 'Margarethe Couve', 'N');
insert into autorzy (id_autora, nazwa, czy_zespol) values (98, 'Blaine Gantlett', 'N');
insert into autorzy (id_autora, nazwa, czy_zespol) values (99, 'Berti Joselevitch', 'N');
insert into autorzy (id_autora, nazwa, czy_zespol) values (100, 'Annis Rapson', 'N');
insert into autorzy_zespoly (id_autorzy_zespoly, id_autora, id_zespolu, data_dolaczenia, data_opuszczenia) values (1, 41, 5, '1930-04-09', '1933-06-05');
insert into autorzy_zespoly (id_autorzy_zespoly, id_autora, id_zespolu, data_dolaczenia, data_opuszczenia) values (2, 50, 7, '1918-06-26', '1975-11-07');
insert into autorzy_zespoly (id_autorzy_zespoly, id_autora, id_zespolu, data_dolaczenia, data_opuszczenia) values (3, 65, 4, '1954-12-02', '1990-05-05');
insert into autorzy_zespoly (id_autorzy_zespoly, id_autora, id_zespolu, data_dolaczenia, data_opuszczenia) values (4, 77, 18, '1900-10-06', null);
insert into autorzy_zespoly (id_autorzy_zespoly, id_autora, id_zespolu, data_dolaczenia, data_opuszczenia) values (5, 38, 6, '1930-07-28', null);
insert into autorzy_zespoly (id_autorzy_zespoly, id_autora, id_zespolu, data_dolaczenia, data_opuszczenia) values (6, 38, 8, '1910-12-08', '1930-05-24');
insert into autorzy_zespoly (id_autorzy_zespoly, id_autora, id_zespolu, data_dolaczenia, data_opuszczenia) values (7, 55, 14, '1905-08-14', null);
insert into autorzy_zespoly (id_autorzy_zespoly, id_autora, id_zespolu, data_dolaczenia, data_opuszczenia) values (8, 78, 13, '1929-01-01', '2020-08-24');
insert into autorzy_zespoly (id_autorzy_zespoly, id_autora, id_zespolu, data_dolaczenia, data_opuszczenia) values (9, 29, 11, '1920-10-14', null);
insert into autorzy_zespoly (id_autorzy_zespoly, id_autora, id_zespolu, data_dolaczenia, data_opuszczenia) values (10, 59, 19, '1921-03-27', null);
insert into autorzy_zespoly (id_autorzy_zespoly, id_autora, id_zespolu, data_dolaczenia, data_opuszczenia) values (11, 21, 1, '1910-04-27', null);
insert into autorzy_zespoly (id_autorzy_zespoly, id_autora, id_zespolu, data_dolaczenia, data_opuszczenia) values (12, 62, 11, '1915-12-05', null);
insert into autorzy_zespoly (id_autorzy_zespoly, id_autora, id_zespolu, data_dolaczenia, data_opuszczenia) values (13, 42, 19, '1902-10-14', null);
insert into autorzy_zespoly (id_autorzy_zespoly, id_autora, id_zespolu, data_dolaczenia, data_opuszczenia) values (14, 87, 7, '1906-06-08', null);
insert into autorzy_zespoly (id_autorzy_zespoly, id_autora, id_zespolu, data_dolaczenia, data_opuszczenia) values (15, 24, 3, '1900-04-02', '1980-06-26');
insert into autorzy_zespoly (id_autorzy_zespoly, id_autora, id_zespolu, data_dolaczenia, data_opuszczenia) values (16, 94, 7, '1900-08-23', null);
insert into autorzy_zespoly (id_autorzy_zespoly, id_autora, id_zespolu, data_dolaczenia, data_opuszczenia) values (17, 70, 11, '1900-05-29', '2011-04-01');
insert into autorzy_zespoly (id_autorzy_zespoly, id_autora, id_zespolu, data_dolaczenia, data_opuszczenia) values (18, 34, 4, '1930-09-04', null);
insert into autorzy_zespoly (id_autorzy_zespoly, id_autora, id_zespolu, data_dolaczenia, data_opuszczenia) values (19, 57, 14, '1907-08-01', '1961-01-18');
insert into autorzy_zespoly (id_autorzy_zespoly, id_autora, id_zespolu, data_dolaczenia, data_opuszczenia) values (20, 82, 9, '1970-08-21', null);
insert into autorzy_zespoly (id_autorzy_zespoly, id_autora, id_zespolu, data_dolaczenia, data_opuszczenia) values (21, 79, 6, '1977-08-09', null);
insert into autorzy_zespoly (id_autorzy_zespoly, id_autora, id_zespolu, data_dolaczenia, data_opuszczenia) values (22, 47, 13, '1917-03-17', null);
insert into autorzy_zespoly (id_autorzy_zespoly, id_autora, id_zespolu, data_dolaczenia, data_opuszczenia) values (23, 68, 18, '1905-06-02', '2008-04-05');
insert into autorzy_zespoly (id_autorzy_zespoly, id_autora, id_zespolu, data_dolaczenia, data_opuszczenia) values (24, 89, 18, '1980-05-17', null);
insert into autorzy_zespoly (id_autorzy_zespoly, id_autora, id_zespolu, data_dolaczenia, data_opuszczenia) values (25, 63, 2, '1905-11-15', null);
insert into autorzy_zespoly (id_autorzy_zespoly, id_autora, id_zespolu, data_dolaczenia, data_opuszczenia) values (26, 31, 0, '1902-03-10', null);
insert into autorzy_zespoly (id_autorzy_zespoly, id_autora, id_zespolu, data_dolaczenia, data_opuszczenia) values (27, 87, 5, '1913-11-07', '1972-05-26');
insert into autorzy_zespoly (id_autorzy_zespoly, id_autora, id_zespolu, data_dolaczenia, data_opuszczenia) values (28, 54, 6, '1907-10-04', null);
insert into autorzy_zespoly (id_autorzy_zespoly, id_autora, id_zespolu, data_dolaczenia, data_opuszczenia) values (29, 71, 3, '1940-12-22', '1997-03-11');
insert into autorzy_zespoly (id_autorzy_zespoly, id_autora, id_zespolu, data_dolaczenia, data_opuszczenia) values (30, 97, 18, '1910-03-17', '1990-12-20');
insert into autorzy_zespoly (id_autorzy_zespoly, id_autora, id_zespolu, data_dolaczenia, data_opuszczenia) values (31, 54, 12, '1905-11-20', null);
insert into autorzy_zespoly (id_autorzy_zespoly, id_autora, id_zespolu, data_dolaczenia, data_opuszczenia) values (32, 94, 5, '1903-11-04', '1978-10-15');
insert into autorzy_zespoly (id_autorzy_zespoly, id_autora, id_zespolu, data_dolaczenia, data_opuszczenia) values (33, 28, 2, '1902-04-04', null);
insert into autorzy_zespoly (id_autorzy_zespoly, id_autora, id_zespolu, data_dolaczenia, data_opuszczenia) values (34, 32, 4, '1906-04-28', null);
insert into autorzy_zespoly (id_autorzy_zespoly, id_autora, id_zespolu, data_dolaczenia, data_opuszczenia) values (35, 30, 2, '1944-09-11', '1946-12-01');
insert into autorzy_zespoly (id_autorzy_zespoly, id_autora, id_zespolu, data_dolaczenia, data_opuszczenia) values (36, 79, 13, '1993-08-17', null);
insert into autorzy_zespoly (id_autorzy_zespoly, id_autora, id_zespolu, data_dolaczenia, data_opuszczenia) values (37, 73, 10, '1903-09-13', '1980-02-04');
insert into autorzy_zespoly (id_autorzy_zespoly, id_autora, id_zespolu, data_dolaczenia, data_opuszczenia) values (38, 44, 5, '1941-08-05', '1952-05-22');
insert into autorzy_zespoly (id_autorzy_zespoly, id_autora, id_zespolu, data_dolaczenia, data_opuszczenia) values (39, 94, 0, '1920-07-15', null);
insert into autorzy_zespoly (id_autorzy_zespoly, id_autora, id_zespolu, data_dolaczenia, data_opuszczenia) values (40, 38, 0, '1902-06-07', null);
insert into autorzy_zespoly (id_autorzy_zespoly, id_autora, id_zespolu, data_dolaczenia, data_opuszczenia) values (41, 79, 9, '1988-03-04', '2011-05-21');
insert into autorzy_zespoly (id_autorzy_zespoly, id_autora, id_zespolu, data_dolaczenia, data_opuszczenia) values (42, 92, 8, '1929-04-27', '1970-06-18');
insert into autorzy_zespoly (id_autorzy_zespoly, id_autora, id_zespolu, data_dolaczenia, data_opuszczenia) values (43, 72, 0, '1927-11-14', null);
insert into autorzy_zespoly (id_autorzy_zespoly, id_autora, id_zespolu, data_dolaczenia, data_opuszczenia) values (44, 77, 1, '2009-10-09', '2020-01-15');
insert into autorzy_zespoly (id_autorzy_zespoly, id_autora, id_zespolu, data_dolaczenia, data_opuszczenia) values (45, 60, 7, '2010-08-11', null);
insert into autorzy_zespoly (id_autorzy_zespoly, id_autora, id_zespolu, data_dolaczenia, data_opuszczenia) values (46, 53, 16, '1996-06-15', '2000-08-06');
insert into autorzy_zespoly (id_autorzy_zespoly, id_autora, id_zespolu, data_dolaczenia, data_opuszczenia) values (47, 64, 4, '1985-08-16', '1990-09-16');
insert into autorzy_zespoly (id_autorzy_zespoly, id_autora, id_zespolu, data_dolaczenia, data_opuszczenia) values (48, 46, 3, '1999-02-01', '2013-12-01');
insert into autorzy_zespoly (id_autorzy_zespoly, id_autora, id_zespolu, data_dolaczenia, data_opuszczenia) values (49, 60, 19, '2019-01-11', '2020-10-15');
insert into autorzy_zespoly (id_autorzy_zespoly, id_autora, id_zespolu, data_dolaczenia, data_opuszczenia) values (50, 58, 15, '1931-02-08', '1935-05-02');
insert into autorzy_zespoly (id_autorzy_zespoly, id_autora, id_zespolu, data_dolaczenia, data_opuszczenia) values (51, 30, 13, '2017-03-22', null);
insert into autorzy_zespoly (id_autorzy_zespoly, id_autora, id_zespolu, data_dolaczenia, data_opuszczenia) values (52, 26, 17, '2008-07-21', null);
insert into autorzy_zespoly (id_autorzy_zespoly, id_autora, id_zespolu, data_dolaczenia, data_opuszczenia) values (53, 72, 9, '1993-12-07', null);
insert into autorzy_zespoly (id_autorzy_zespoly, id_autora, id_zespolu, data_dolaczenia, data_opuszczenia) values (54, 53, 16, '2016-12-17', null);
insert into autorzy_zespoly (id_autorzy_zespoly, id_autora, id_zespolu, data_dolaczenia, data_opuszczenia) values (55, 27, 1, '1949-04-18', '2005-09-21');
insert into autorzy_zespoly (id_autorzy_zespoly, id_autora, id_zespolu, data_dolaczenia, data_opuszczenia) values (56, 98, 10, '1935-06-18', '1955-05-20');
insert into autorzy_zespoly (id_autorzy_zespoly, id_autora, id_zespolu, data_dolaczenia, data_opuszczenia) values (57, 88, 11, '1950-02-14', '1976-02-19');
insert into autorzy_zespoly (id_autorzy_zespoly, id_autora, id_zespolu, data_dolaczenia, data_opuszczenia) values (58, 79, 5, '1963-04-06', '1980-06-19');
insert into autorzy_zespoly (id_autorzy_zespoly, id_autora, id_zespolu, data_dolaczenia, data_opuszczenia) values (59, 42, 9, '2013-10-09', '2020-11-07');
insert into autorzy_zespoly (id_autorzy_zespoly, id_autora, id_zespolu, data_dolaczenia, data_opuszczenia) values (60, 98, 9, '1957-07-14', '1962-04-28');
insert into autorzy_zespoly (id_autorzy_zespoly, id_autora, id_zespolu, data_dolaczenia, data_opuszczenia) values (61, 27, 11, '1955-12-09', '1970-10-12');
insert into autorzy_zespoly (id_autorzy_zespoly, id_autora, id_zespolu, data_dolaczenia, data_opuszczenia) values (62, 30, 11, '2015-10-08', '2020-07-26');
insert into autorzy_zespoly (id_autorzy_zespoly, id_autora, id_zespolu, data_dolaczenia, data_opuszczenia) values (63, 48, 18, '2017-03-10', null);
insert into autorzy_zespoly (id_autorzy_zespoly, id_autora, id_zespolu, data_dolaczenia, data_opuszczenia) values (64, 71, 6, '1992-08-10', null);
insert into autorzy_zespoly (id_autorzy_zespoly, id_autora, id_zespolu, data_dolaczenia, data_opuszczenia) values (65, 60, 19, '1964-07-04', '2018-02-22');
insert into autorzy_zespoly (id_autorzy_zespoly, id_autora, id_zespolu, data_dolaczenia, data_opuszczenia) values (66, 33, 3, '1928-09-16', null);
insert into autorzy_zespoly (id_autorzy_zespoly, id_autora, id_zespolu, data_dolaczenia, data_opuszczenia) values (67, 99, 16, '2019-12-06', null);
insert into autorzy_zespoly (id_autorzy_zespoly, id_autora, id_zespolu, data_dolaczenia, data_opuszczenia) values (68, 91, 8, '1988-12-25', '1990-08-01');
insert into autorzy_zespoly (id_autorzy_zespoly, id_autora, id_zespolu, data_dolaczenia, data_opuszczenia) values (69, 33, 8, '1957-08-28', '1970-07-08');
insert into autorzy_zespoly (id_autorzy_zespoly, id_autora, id_zespolu, data_dolaczenia, data_opuszczenia) values (70, 78, 17, '1940-06-29', '1980-09-19');
insert into autorzy_zespoly (id_autorzy_zespoly, id_autora, id_zespolu, data_dolaczenia, data_opuszczenia) values (71, 76, 10, '1921-08-21', null);
insert into autorzy_zespoly (id_autorzy_zespoly, id_autora, id_zespolu, data_dolaczenia, data_opuszczenia) values (72, 31, 17, '1984-04-28', null);
insert into autorzy_zespoly (id_autorzy_zespoly, id_autora, id_zespolu, data_dolaczenia, data_opuszczenia) values (73, 76, 6, '2017-11-19', '2020-06-17');
insert into autorzy_zespoly (id_autorzy_zespoly, id_autora, id_zespolu, data_dolaczenia, data_opuszczenia) values (74, 63, 0, '1924-03-11', null);
insert into autorzy_zespoly (id_autorzy_zespoly, id_autora, id_zespolu, data_dolaczenia, data_opuszczenia) values (75, 38, 10, '1992-02-05', '2018-11-01');
insert into autorzy_zespoly (id_autorzy_zespoly, id_autora, id_zespolu, data_dolaczenia, data_opuszczenia) values (76, 26, 18, '2010-10-16', '2019-08-03');
insert into autorzy_zespoly (id_autorzy_zespoly, id_autora, id_zespolu, data_dolaczenia, data_opuszczenia) values (77, 56, 11, '1976-09-03', '1988-12-09');
insert into autorzy_zespoly (id_autorzy_zespoly, id_autora, id_zespolu, data_dolaczenia, data_opuszczenia) values (78, 47, 16, '2012-05-08', null);
insert into autorzy_zespoly (id_autorzy_zespoly, id_autora, id_zespolu, data_dolaczenia, data_opuszczenia) values (79, 68, 8, '1971-10-23', '1988-04-15');
insert into autorzy_zespoly (id_autorzy_zespoly, id_autora, id_zespolu, data_dolaczenia, data_opuszczenia) values (80, 50, 12, '1960-01-30', '1984-05-26');
insert into autorzy_zespoly (id_autorzy_zespoly, id_autora, id_zespolu, data_dolaczenia, data_opuszczenia) values (81, 25, 7, '1936-08-26', '1941-12-25');
insert into autorzy_zespoly (id_autorzy_zespoly, id_autora, id_zespolu, data_dolaczenia, data_opuszczenia) values (82, 52, 13, '1911-11-05', null);
insert into autorzy_zespoly (id_autorzy_zespoly, id_autora, id_zespolu, data_dolaczenia, data_opuszczenia) values (83, 64, 18, '1909-08-08', '1971-12-26');
insert into autorzy_zespoly (id_autorzy_zespoly, id_autora, id_zespolu, data_dolaczenia, data_opuszczenia) values (84, 47, 0, '1931-08-22', '1951-05-11');
insert into autorzy_zespoly (id_autorzy_zespoly, id_autora, id_zespolu, data_dolaczenia, data_opuszczenia) values (85, 36, 10, '1935-03-04', '1950-07-24');
insert into autorzy_zespoly (id_autorzy_zespoly, id_autora, id_zespolu, data_dolaczenia, data_opuszczenia) values (86, 96, 5, '1915-08-31', '1971-12-17');
insert into autorzy_zespoly (id_autorzy_zespoly, id_autora, id_zespolu, data_dolaczenia, data_opuszczenia) values (87, 28, 10, '1911-11-19', '1967-11-21');
insert into autorzy_zespoly (id_autorzy_zespoly, id_autora, id_zespolu, data_dolaczenia, data_opuszczenia) values (88, 31, 17, '1903-07-08', '1940-08-31');
insert into autorzy_zespoly (id_autorzy_zespoly, id_autora, id_zespolu, data_dolaczenia, data_opuszczenia) values (89, 61, 4, '1930-09-28', null);
insert into autorzy_zespoly (id_autorzy_zespoly, id_autora, id_zespolu, data_dolaczenia, data_opuszczenia) values (90, 40, 19, '1933-08-23', '1960-04-21');
insert into autorzy_zespoly (id_autorzy_zespoly, id_autora, id_zespolu, data_dolaczenia, data_opuszczenia) values (91, 24, 19, '1937-10-30', null);
insert into autorzy_zespoly (id_autorzy_zespoly, id_autora, id_zespolu, data_dolaczenia, data_opuszczenia) values (92, 65, 3, '1928-10-24', '1966-01-29');
insert into autorzy_zespoly (id_autorzy_zespoly, id_autora, id_zespolu, data_dolaczenia, data_opuszczenia) values (93, 78, 18, '1902-04-19', '1955-08-07');
insert into autorzy_zespoly (id_autorzy_zespoly, id_autora, id_zespolu, data_dolaczenia, data_opuszczenia) values (94, 72, 2, '1906-10-17', '1952-10-05');
insert into autorzy_zespoly (id_autorzy_zespoly, id_autora, id_zespolu, data_dolaczenia, data_opuszczenia) values (95, 64, 1, '1930-02-16', '1967-08-06');
insert into autorzy_zespoly (id_autorzy_zespoly, id_autora, id_zespolu, data_dolaczenia, data_opuszczenia) values (96, 34, 12, '1909-12-20', '1968-01-11');
insert into autorzy_zespoly (id_autorzy_zespoly, id_autora, id_zespolu, data_dolaczenia, data_opuszczenia) values (97, 28, 17, '1906-04-15', '1946-05-24');
insert into autorzy_zespoly (id_autorzy_zespoly, id_autora, id_zespolu, data_dolaczenia, data_opuszczenia) values (98, 32, 10, '1929-08-14', null);
insert into autorzy_zespoly (id_autorzy_zespoly, id_autora, id_zespolu, data_dolaczenia, data_opuszczenia) values (99, 45, 0, '1916-01-25', '1946-07-03');
insert into autorzy_zespoly (id_autorzy_zespoly, id_autora, id_zespolu, data_dolaczenia, data_opuszczenia) values (100, 90, 5, '1920-12-15', '1942-04-28');
insert into autorzy_zespoly (id_autorzy_zespoly, id_autora, id_zespolu, data_dolaczenia, data_opuszczenia) values (101, 58, 4, '1932-02-15', null);
insert into autorzy_zespoly (id_autorzy_zespoly, id_autora, id_zespolu, data_dolaczenia, data_opuszczenia) values (102, 62, 12, '1912-01-07', '1948-04-12');
insert into autorzy_zespoly (id_autorzy_zespoly, id_autora, id_zespolu, data_dolaczenia, data_opuszczenia) values (103, 65, 8, '1918-07-24', '1948-06-17');
insert into autorzy_zespoly (id_autorzy_zespoly, id_autora, id_zespolu, data_dolaczenia, data_opuszczenia) values (104, 32, 0, '1918-12-01', '1983-08-02');
insert into autorzy_zespoly (id_autorzy_zespoly, id_autora, id_zespolu, data_dolaczenia, data_opuszczenia) values (105, 25, 16, '1910-09-04', '1980-02-01');
insert into autorzy_zespoly (id_autorzy_zespoly, id_autora, id_zespolu, data_dolaczenia, data_opuszczenia) values (106, 72, 2, '1935-04-06', null);
insert into autorzy_zespoly (id_autorzy_zespoly, id_autora, id_zespolu, data_dolaczenia, data_opuszczenia) values (107, 71, 0, '1913-11-29', '1953-12-17');
insert into autorzy_zespoly (id_autorzy_zespoly, id_autora, id_zespolu, data_dolaczenia, data_opuszczenia) values (108, 62, 12, '1920-11-20', '1951-07-15');
insert into autorzy_zespoly (id_autorzy_zespoly, id_autora, id_zespolu, data_dolaczenia, data_opuszczenia) values (109, 89, 7, '1900-12-08', '1953-08-25');
insert into autorzy_zespoly (id_autorzy_zespoly, id_autora, id_zespolu, data_dolaczenia, data_opuszczenia) values (110, 84, 3, '1916-03-23', '1947-02-14');
insert into autorzy_zespoly (id_autorzy_zespoly, id_autora, id_zespolu, data_dolaczenia, data_opuszczenia) values (111, 34, 14, '1915-09-21', '1965-02-08');
insert into autorzy_zespoly (id_autorzy_zespoly, id_autora, id_zespolu, data_dolaczenia, data_opuszczenia) values (112, 85, 14, '1916-04-28', '1969-07-15');
insert into autorzy_zespoly (id_autorzy_zespoly, id_autora, id_zespolu, data_dolaczenia, data_opuszczenia) values (113, 35, 1, '1901-10-11', '1975-02-28');
insert into autorzy_zespoly (id_autorzy_zespoly, id_autora, id_zespolu, data_dolaczenia, data_opuszczenia) values (114, 91, 4, '1927-07-22', '1949-01-22');
insert into autorzy_zespoly (id_autorzy_zespoly, id_autora, id_zespolu, data_dolaczenia, data_opuszczenia) values (115, 41, 4, '1909-05-14', '1941-02-20');
insert into autorzy_zespoly (id_autorzy_zespoly, id_autora, id_zespolu, data_dolaczenia, data_opuszczenia) values (116, 76, 16, '1910-08-03', '1970-10-13');
insert into autorzy_zespoly (id_autorzy_zespoly, id_autora, id_zespolu, data_dolaczenia, data_opuszczenia) values (117, 74, 18, '1911-03-15', '1976-01-03');
insert into autorzy_zespoly (id_autorzy_zespoly, id_autora, id_zespolu, data_dolaczenia, data_opuszczenia) values (118, 24, 6, '1919-10-07', null);
insert into autorzy_zespoly (id_autorzy_zespoly, id_autora, id_zespolu, data_dolaczenia, data_opuszczenia) values (119, 34, 12, '1911-02-10', '1959-04-10');
insert into autorzy_zespoly (id_autorzy_zespoly, id_autora, id_zespolu, data_dolaczenia, data_opuszczenia) values (120, 61, 9, '1926-07-16', null);
insert into autorzy_zespoly_role (id_autorzy_zespoly, id_roli) values (74, 8);
insert into autorzy_zespoly_role (id_autorzy_zespoly, id_roli) values (4, 10);
insert into autorzy_zespoly_role (id_autorzy_zespoly, id_roli) values (21, 1);
insert into autorzy_zespoly_role (id_autorzy_zespoly, id_roli) values (70, 8);
insert into autorzy_zespoly_role (id_autorzy_zespoly, id_roli) values (41, 2);
insert into autorzy_zespoly_role (id_autorzy_zespoly, id_roli) values (50, 14);
insert into autorzy_zespoly_role (id_autorzy_zespoly, id_roli) values (3, 11);
insert into autorzy_zespoly_role (id_autorzy_zespoly, id_roli) values (4, 12);
insert into autorzy_zespoly_role (id_autorzy_zespoly, id_roli) values (74, 14);
insert into autorzy_zespoly_role (id_autorzy_zespoly, id_roli) values (59, 4);
insert into autorzy_zespoly_role (id_autorzy_zespoly, id_roli) values (7, 3);
insert into autorzy_zespoly_role (id_autorzy_zespoly, id_roli) values (62, 12);
insert into autorzy_zespoly_role (id_autorzy_zespoly, id_roli) values (49, 2);
insert into autorzy_zespoly_role (id_autorzy_zespoly, id_roli) values (33, 15);
insert into autorzy_zespoly_role (id_autorzy_zespoly, id_roli) values (20, 8);
insert into autorzy_zespoly_role (id_autorzy_zespoly, id_roli) values (61, 15);
insert into autorzy_zespoly_role (id_autorzy_zespoly, id_roli) values (62, 1);
insert into autorzy_zespoly_role (id_autorzy_zespoly, id_roli) values (76, 3);
insert into autorzy_zespoly_role (id_autorzy_zespoly, id_roli) values (39, 13);
insert into autorzy_zespoly_role (id_autorzy_zespoly, id_roli) values (36, 8);
insert into autorzy_zespoly_role (id_autorzy_zespoly, id_roli) values (49, 14);
insert into autorzy_zespoly_role (id_autorzy_zespoly, id_roli) values (53, 13);
insert into autorzy_zespoly_role (id_autorzy_zespoly, id_roli) values (46, 10);
insert into autorzy_zespoly_role (id_autorzy_zespoly, id_roli) values (58, 14);
insert into autorzy_zespoly_role (id_autorzy_zespoly, id_roli) values (25, 15);
insert into autorzy_zespoly_role (id_autorzy_zespoly, id_roli) values (14, 4);
insert into autorzy_zespoly_role (id_autorzy_zespoly, id_roli) values (27, 9);
insert into autorzy_zespoly_role (id_autorzy_zespoly, id_roli) values (2, 6);
insert into autorzy_zespoly_role (id_autorzy_zespoly, id_roli) values (59, 8);
insert into autorzy_zespoly_role (id_autorzy_zespoly, id_roli) values (71, 11);
insert into autorzy_zespoly_role (id_autorzy_zespoly, id_roli) values (13, 13);
insert into autorzy_zespoly_role (id_autorzy_zespoly, id_roli) values (35, 5);
insert into autorzy_zespoly_role (id_autorzy_zespoly, id_roli) values (76, 1);
insert into autorzy_zespoly_role (id_autorzy_zespoly, id_roli) values (66, 11);
insert into autorzy_zespoly_role (id_autorzy_zespoly, id_roli) values (29, 5);
insert into autorzy_zespoly_role (id_autorzy_zespoly, id_roli) values (27, 4);
insert into autorzy_zespoly_role (id_autorzy_zespoly, id_roli) values (63, 5);
insert into autorzy_zespoly_role (id_autorzy_zespoly, id_roli) values (33, 6);
insert into autorzy_zespoly_role (id_autorzy_zespoly, id_roli) values (5, 1);
insert into autorzy_zespoly_role (id_autorzy_zespoly, id_roli) values (6, 6);
insert into autorzy_zespoly_role (id_autorzy_zespoly, id_roli) values (32, 3);
insert into autorzy_zespoly_role (id_autorzy_zespoly, id_roli) values (30, 4);
insert into autorzy_zespoly_role (id_autorzy_zespoly, id_roli) values (80, 13);
insert into autorzy_zespoly_role (id_autorzy_zespoly, id_roli) values (29, 15);
insert into autorzy_zespoly_role (id_autorzy_zespoly, id_roli) values (65, 10);
insert into autorzy_zespoly_role (id_autorzy_zespoly, id_roli) values (73, 13);
insert into autorzy_zespoly_role (id_autorzy_zespoly, id_roli) values (5, 3);
insert into autorzy_zespoly_role (id_autorzy_zespoly, id_roli) values (60, 13);
insert into autorzy_zespoly_role (id_autorzy_zespoly, id_roli) values (37, 3);
insert into autorzy_zespoly_role (id_autorzy_zespoly, id_roli) values (84, 14);
insert into autorzy_zespoly_role (id_autorzy_zespoly, id_roli) values (18, 6);
insert into autorzy_zespoly_role (id_autorzy_zespoly, id_roli) values (9, 3);
insert into autorzy_zespoly_role (id_autorzy_zespoly, id_roli) values (93, 2);
insert into autorzy_zespoly_role (id_autorzy_zespoly, id_roli) values (70, 9);
insert into autorzy_zespoly_role (id_autorzy_zespoly, id_roli) values (100, 6);
insert into autorzy_zespoly_role (id_autorzy_zespoly, id_roli) values (60, 8);
insert into autorzy_zespoly_role (id_autorzy_zespoly, id_roli) values (86, 9);
insert into autorzy_zespoly_role (id_autorzy_zespoly, id_roli) values (74, 7);
insert into autorzy_zespoly_role (id_autorzy_zespoly, id_roli) values (88, 5);
insert into autorzy_zespoly_role (id_autorzy_zespoly, id_roli) values (2, 3);
insert into autorzy_zespoly_role (id_autorzy_zespoly, id_roli) values (23, 1);
insert into autorzy_zespoly_role (id_autorzy_zespoly, id_roli) values (41, 4);
insert into autorzy_zespoly_role (id_autorzy_zespoly, id_roli) values (100, 8);
insert into autorzy_zespoly_role (id_autorzy_zespoly, id_roli) values (57, 13);
insert into autorzy_zespoly_role (id_autorzy_zespoly, id_roli) values (34, 3);
insert into autorzy_zespoly_role (id_autorzy_zespoly, id_roli) values (11, 8);
insert into autorzy_zespoly_role (id_autorzy_zespoly, id_roli) values (62, 7);
insert into autorzy_zespoly_role (id_autorzy_zespoly, id_roli) values (65, 3);
insert into autorzy_zespoly_role (id_autorzy_zespoly, id_roli) values (86, 1);
insert into autorzy_zespoly_role (id_autorzy_zespoly, id_roli) values (74, 9);
insert into autorzy_zespoly_role (id_autorzy_zespoly, id_roli) values (84, 15);
insert into autorzy_zespoly_role (id_autorzy_zespoly, id_roli) values (68, 2);
insert into autorzy_zespoly_role (id_autorzy_zespoly, id_roli) values (92, 8);
insert into autorzy_zespoly_role (id_autorzy_zespoly, id_roli) values (57, 3);
insert into autorzy_zespoly_role (id_autorzy_zespoly, id_roli) values (103, 14);
insert into autorzy_zespoly_role (id_autorzy_zespoly, id_roli) values (71, 14);
insert into autorzy_zespoly_role (id_autorzy_zespoly, id_roli) values (112, 2);
insert into autorzy_zespoly_role (id_autorzy_zespoly, id_roli) values (7, 7);
insert into autorzy_zespoly_role (id_autorzy_zespoly, id_roli) values (10, 5);
insert into autorzy_zespoly_role (id_autorzy_zespoly, id_roli) values (107, 3);
insert into autorzy_zespoly_role (id_autorzy_zespoly, id_roli) values (1, 6);
insert into autorzy_zespoly_role (id_autorzy_zespoly, id_roli) values (5, 5);
insert into autorzy_zespoly_role (id_autorzy_zespoly, id_roli) values (47, 3);
insert into autorzy_zespoly_role (id_autorzy_zespoly, id_roli) values (20, 15);
insert into autorzy_zespoly_role (id_autorzy_zespoly, id_roli) values (120, 13);
insert into autorzy_zespoly_role (id_autorzy_zespoly, id_roli) values (8, 3);
insert into autorzy_zespoly_role (id_autorzy_zespoly, id_roli) values (3, 12);
insert into autorzy_zespoly_role (id_autorzy_zespoly, id_roli) values (84, 1);
insert into autorzy_zespoly_role (id_autorzy_zespoly, id_roli) values (91, 6);
insert into autorzy_zespoly_role (id_autorzy_zespoly, id_roli) values (94, 1);
insert into autorzy_zespoly_role (id_autorzy_zespoly, id_roli) values (50, 8);
insert into autorzy_zespoly_role (id_autorzy_zespoly, id_roli) values (28, 5);
insert into autorzy_zespoly_role (id_autorzy_zespoly, id_roli) values (106, 7);
insert into autorzy_zespoly_role (id_autorzy_zespoly, id_roli) values (81, 7);
insert into autorzy_zespoly_role (id_autorzy_zespoly, id_roli) values (49, 3);
insert into autorzy_zespoly_role (id_autorzy_zespoly, id_roli) values (26, 10);
insert into autorzy_zespoly_role (id_autorzy_zespoly, id_roli) values (62, 4);
insert into autorzy_zespoly_role (id_autorzy_zespoly, id_roli) values (88, 7);
insert into autorzy_zespoly_role (id_autorzy_zespoly, id_roli) values (71, 2);
insert into autorzy_zespoly_role (id_autorzy_zespoly, id_roli) values (45, 11);
insert into autorzy_zespoly_role (id_autorzy_zespoly, id_roli) values (64, 14);
insert into autorzy_zespoly_role (id_autorzy_zespoly, id_roli) values (97, 13);
insert into autorzy_zespoly_role (id_autorzy_zespoly, id_roli) values (40, 8);
insert into autorzy_zespoly_role (id_autorzy_zespoly, id_roli) values (30, 7);
insert into autorzy_zespoly_role (id_autorzy_zespoly, id_roli) values (106, 3);
insert into autorzy_zespoly_role (id_autorzy_zespoly, id_roli) values (72, 1);
insert into autorzy_zespoly_role (id_autorzy_zespoly, id_roli) values (25, 9);
insert into autorzy_zespoly_role (id_autorzy_zespoly, id_roli) values (95, 15);
insert into autorzy_zespoly_role (id_autorzy_zespoly, id_roli) values (48, 6);
insert into autorzy_zespoly_role (id_autorzy_zespoly, id_roli) values (5, 8);
insert into autorzy_zespoly_role (id_autorzy_zespoly, id_roli) values (81, 4);
insert into autorzy_zespoly_role (id_autorzy_zespoly, id_roli) values (4, 8);
insert into autorzy_zespoly_role (id_autorzy_zespoly, id_roli) values (36, 4);
insert into autorzy_zespoly_role (id_autorzy_zespoly, id_roli) values (79, 15);
insert into autorzy_zespoly_role (id_autorzy_zespoly, id_roli) values (43, 13);
insert into autorzy_zespoly_role (id_autorzy_zespoly, id_roli) values (101, 7);
insert into autorzy_zespoly_role (id_autorzy_zespoly, id_roli) values (79, 10);
insert into autorzy_zespoly_role (id_autorzy_zespoly, id_roli) values (22, 10);
insert into autorzy_zespoly_role (id_autorzy_zespoly, id_roli) values (68, 1);
insert into autorzy_zespoly_role (id_autorzy_zespoly, id_roli) values (69, 7);
insert into autorzy_zespoly_role (id_autorzy_zespoly, id_roli) values (68, 9);
insert into autorzy_zespoly_role (id_autorzy_zespoly, id_roli) values (68, 6);
insert into autorzy_zespoly_role (id_autorzy_zespoly, id_roli) values (32, 13);
insert into autorzy_zespoly_role (id_autorzy_zespoly, id_roli) values (91, 7);
insert into autorzy_zespoly_role (id_autorzy_zespoly, id_roli) values (89, 9);
insert into autorzy_zespoly_role (id_autorzy_zespoly, id_roli) values (104, 11);
insert into autorzy_zespoly_role (id_autorzy_zespoly, id_roli) values (56, 10);
insert into autorzy_zespoly_role (id_autorzy_zespoly, id_roli) values (32, 9);
insert into autorzy_zespoly_role (id_autorzy_zespoly, id_roli) values (29, 11);
insert into autorzy_zespoly_role (id_autorzy_zespoly, id_roli) values (72, 7);
insert into autorzy_zespoly_role (id_autorzy_zespoly, id_roli) values (6, 4);
insert into autorzy_zespoly_role (id_autorzy_zespoly, id_roli) values (33, 1);
insert into autorzy_zespoly_role (id_autorzy_zespoly, id_roli) values (14, 11);
insert into autorzy_zespoly_role (id_autorzy_zespoly, id_roli) values (116, 11);
insert into autorzy_zespoly_role (id_autorzy_zespoly, id_roli) values (99, 15);
insert into autorzy_zespoly_role (id_autorzy_zespoly, id_roli) values (71, 15);
insert into autorzy_zespoly_role (id_autorzy_zespoly, id_roli) values (81, 8);
insert into autorzy_zespoly_role (id_autorzy_zespoly, id_roli) values (3, 9);
insert into autorzy_zespoly_role (id_autorzy_zespoly, id_roli) values (42, 13);
insert into autorzy_zespoly_role (id_autorzy_zespoly, id_roli) values (27, 2);
insert into autorzy_zespoly_role (id_autorzy_zespoly, id_roli) values (59, 1);
insert into autorzy_zespoly_role (id_autorzy_zespoly, id_roli) values (43, 10);
insert into autorzy_zespoly_role (id_autorzy_zespoly, id_roli) values (78, 13);
insert into autorzy_zespoly_role (id_autorzy_zespoly, id_roli) values (65, 5);
insert into autorzy_zespoly_role (id_autorzy_zespoly, id_roli) values (107, 9);
insert into autorzy_zespoly_role (id_autorzy_zespoly, id_roli) values (95, 3);
insert into autorzy_zespoly_role (id_autorzy_zespoly, id_roli) values (51, 3);
insert into autorzy_zespoly_role (id_autorzy_zespoly, id_roli) values (59, 7);
insert into autorzy_zespoly_role (id_autorzy_zespoly, id_roli) values (19, 3);
insert into autorzy_zespoly_role (id_autorzy_zespoly, id_roli) values (82, 11);
insert into autorzy_zespoly_role (id_autorzy_zespoly, id_roli) values (37, 1);
insert into autorzy_zespoly_role (id_autorzy_zespoly, id_roli) values (20, 1);
insert into autorzy_zespoly_role (id_autorzy_zespoly, id_roli) values (53, 9);
insert into autorzy_zespoly_role (id_autorzy_zespoly, id_roli) values (37, 13);
insert into autorzy_zespoly_role (id_autorzy_zespoly, id_roli) values (55, 3);
insert into autorzy_zespoly_role (id_autorzy_zespoly, id_roli) values (35, 10);
insert into autorzy_zespoly_role (id_autorzy_zespoly, id_roli) values (82, 10);
insert into autorzy_zespoly_role (id_autorzy_zespoly, id_roli) values (53, 14);
insert into autorzy_zespoly_role (id_autorzy_zespoly, id_roli) values (109, 4);
insert into autorzy_zespoly_role (id_autorzy_zespoly, id_roli) values (114, 15);
insert into autorzy_zespoly_role (id_autorzy_zespoly, id_roli) values (72, 12);
insert into autorzy_zespoly_role (id_autorzy_zespoly, id_roli) values (49, 9);
insert into autorzy_zespoly_role (id_autorzy_zespoly, id_roli) values (25, 10);
insert into autorzy_zespoly_role (id_autorzy_zespoly, id_roli) values (54, 4);
insert into autorzy_zespoly_role (id_autorzy_zespoly, id_roli) values (33, 2);
insert into autorzy_zespoly_role (id_autorzy_zespoly, id_roli) values (35, 6);
insert into autorzy_zespoly_role (id_autorzy_zespoly, id_roli) values (110, 15);
insert into autorzy_zespoly_role (id_autorzy_zespoly, id_roli) values (55, 1);
insert into autorzy_zespoly_role (id_autorzy_zespoly, id_roli) values (70, 4);
insert into autorzy_zespoly_role (id_autorzy_zespoly, id_roli) values (18, 14);
insert into autorzy_zespoly_role (id_autorzy_zespoly, id_roli) values (106, 4);
insert into autorzy_zespoly_role (id_autorzy_zespoly, id_roli) values (11, 13);
insert into autorzy_zespoly_role (id_autorzy_zespoly, id_roli) values (39, 14);
insert into autorzy_zespoly_role (id_autorzy_zespoly, id_roli) values (82, 15);
insert into autorzy_zespoly_role (id_autorzy_zespoly, id_roli) values (110, 1);
insert into autorzy_zespoly_role (id_autorzy_zespoly, id_roli) values (11, 5);
insert into autorzy_zespoly_role (id_autorzy_zespoly, id_roli) values (17, 5);
insert into autorzy_zespoly_role (id_autorzy_zespoly, id_roli) values (45, 7);
insert into autorzy_zespoly_role (id_autorzy_zespoly, id_roli) values (112, 12);
insert into autorzy_zespoly_role (id_autorzy_zespoly, id_roli) values (24, 12);
insert into autorzy_zespoly_role (id_autorzy_zespoly, id_roli) values (117, 13);
insert into autorzy_zespoly_role (id_autorzy_zespoly, id_roli) values (5, 4);
insert into autorzy_zespoly_role (id_autorzy_zespoly, id_roli) values (100, 15);
insert into autorzy_zespoly_role (id_autorzy_zespoly, id_roli) values (19, 12);
insert into autorzy_zespoly_role (id_autorzy_zespoly, id_roli) values (104, 2);
insert into autorzy_zespoly_role (id_autorzy_zespoly, id_roli) values (52, 8);
insert into autorzy_zespoly_role (id_autorzy_zespoly, id_roli) values (111, 9);
insert into autorzy_zespoly_role (id_autorzy_zespoly, id_roli) values (1, 11);
insert into autorzy_zespoly_role (id_autorzy_zespoly, id_roli) values (2, 12);
insert into autorzy_zespoly_role (id_autorzy_zespoly, id_roli) values (3, 3);
insert into autorzy_zespoly_role (id_autorzy_zespoly, id_roli) values (6, 8);
insert into autorzy_zespoly_role (id_autorzy_zespoly, id_roli) values (7, 13);
insert into autorzy_zespoly_role (id_autorzy_zespoly, id_roli) values (8, 8);
insert into autorzy_zespoly_role (id_autorzy_zespoly, id_roli) values (9, 8);
insert into autorzy_zespoly_role (id_autorzy_zespoly, id_roli) values (10, 9);
insert into autorzy_zespoly_role (id_autorzy_zespoly, id_roli) values (11, 12);
insert into autorzy_zespoly_role (id_autorzy_zespoly, id_roli) values (12, 10);
insert into autorzy_zespoly_role (id_autorzy_zespoly, id_roli) values (13, 11);
insert into autorzy_zespoly_role (id_autorzy_zespoly, id_roli) values (14, 9);
insert into autorzy_zespoly_role (id_autorzy_zespoly, id_roli) values (15, 14);
insert into autorzy_zespoly_role (id_autorzy_zespoly, id_roli) values (16, 8);
insert into autorzy_zespoly_role (id_autorzy_zespoly, id_roli) values (17, 14);
insert into autorzy_zespoly_role (id_autorzy_zespoly, id_roli) values (18, 3);
insert into autorzy_zespoly_role (id_autorzy_zespoly, id_roli) values (19, 9);
insert into autorzy_zespoly_role (id_autorzy_zespoly, id_roli) values (20, 6);
insert into autorzy_zespoly_role (id_autorzy_zespoly, id_roli) values (21, 8);
insert into autorzy_zespoly_role (id_autorzy_zespoly, id_roli) values (22, 8);
insert into autorzy_zespoly_role (id_autorzy_zespoly, id_roli) values (23, 15);
insert into autorzy_zespoly_role (id_autorzy_zespoly, id_roli) values (24, 8);
insert into autorzy_zespoly_role (id_autorzy_zespoly, id_roli) values (25, 1);
insert into autorzy_zespoly_role (id_autorzy_zespoly, id_roli) values (26, 12);
insert into autorzy_zespoly_role (id_autorzy_zespoly, id_roli) values (27, 15);
insert into autorzy_zespoly_role (id_autorzy_zespoly, id_roli) values (28, 7);
insert into autorzy_zespoly_role (id_autorzy_zespoly, id_roli) values (30, 3);
insert into autorzy_zespoly_role (id_autorzy_zespoly, id_roli) values (31, 1);
insert into autorzy_zespoly_role (id_autorzy_zespoly, id_roli) values (32, 15);
insert into autorzy_zespoly_role (id_autorzy_zespoly, id_roli) values (34, 7);
insert into autorzy_zespoly_role (id_autorzy_zespoly, id_roli) values (35, 8);
insert into autorzy_zespoly_role (id_autorzy_zespoly, id_roli) values (36, 3);
insert into autorzy_zespoly_role (id_autorzy_zespoly, id_roli) values (38, 7);
insert into autorzy_zespoly_role (id_autorzy_zespoly, id_roli) values (39, 6);
insert into autorzy_zespoly_role (id_autorzy_zespoly, id_roli) values (40, 9);
insert into autorzy_zespoly_role (id_autorzy_zespoly, id_roli) values (41, 10);
insert into autorzy_zespoly_role (id_autorzy_zespoly, id_roli) values (42, 15);
insert into autorzy_zespoly_role (id_autorzy_zespoly, id_roli) values (43, 15);
insert into autorzy_zespoly_role (id_autorzy_zespoly, id_roli) values (44, 4);
insert into autorzy_zespoly_role (id_autorzy_zespoly, id_roli) values (45, 12);
insert into autorzy_zespoly_role (id_autorzy_zespoly, id_roli) values (46, 11);
insert into autorzy_zespoly_role (id_autorzy_zespoly, id_roli) values (47, 6);
insert into autorzy_zespoly_role (id_autorzy_zespoly, id_roli) values (48, 12);
insert into autorzy_zespoly_role (id_autorzy_zespoly, id_roli) values (49, 6);
insert into autorzy_zespoly_role (id_autorzy_zespoly, id_roli) values (50, 9);
insert into autorzy_zespoly_role (id_autorzy_zespoly, id_roli) values (51, 13);
insert into autorzy_zespoly_role (id_autorzy_zespoly, id_roli) values (52, 11);
insert into autorzy_zespoly_role (id_autorzy_zespoly, id_roli) values (53, 5);
insert into autorzy_zespoly_role (id_autorzy_zespoly, id_roli) values (54, 2);
insert into autorzy_zespoly_role (id_autorzy_zespoly, id_roli) values (55, 8);
insert into autorzy_zespoly_role (id_autorzy_zespoly, id_roli) values (56, 8);
insert into autorzy_zespoly_role (id_autorzy_zespoly, id_roli) values (58, 1);
insert into autorzy_zespoly_role (id_autorzy_zespoly, id_roli) values (60, 12);
insert into autorzy_zespoly_role (id_autorzy_zespoly, id_roli) values (61, 14);
insert into autorzy_zespoly_role (id_autorzy_zespoly, id_roli) values (62, 2);
insert into autorzy_zespoly_role (id_autorzy_zespoly, id_roli) values (63, 14);
insert into autorzy_zespoly_role (id_autorzy_zespoly, id_roli) values (64, 13);
insert into autorzy_zespoly_role (id_autorzy_zespoly, id_roli) values (65, 1);
insert into autorzy_zespoly_role (id_autorzy_zespoly, id_roli) values (66, 1);
insert into autorzy_zespoly_role (id_autorzy_zespoly, id_roli) values (67, 4);
insert into autorzy_zespoly_role (id_autorzy_zespoly, id_roli) values (68, 13);
insert into autorzy_zespoly_role (id_autorzy_zespoly, id_roli) values (69, 11);
insert into autorzy_zespoly_role (id_autorzy_zespoly, id_roli) values (71, 7);
insert into autorzy_zespoly_role (id_autorzy_zespoly, id_roli) values (72, 11);
insert into autorzy_zespoly_role (id_autorzy_zespoly, id_roli) values (73, 15);
insert into autorzy_zespoly_role (id_autorzy_zespoly, id_roli) values (74, 4);
insert into autorzy_zespoly_role (id_autorzy_zespoly, id_roli) values (75, 1);
insert into autorzy_zespoly_role (id_autorzy_zespoly, id_roli) values (76, 15);
insert into autorzy_zespoly_role (id_autorzy_zespoly, id_roli) values (77, 7);
insert into autorzy_zespoly_role (id_autorzy_zespoly, id_roli) values (78, 9);
insert into autorzy_zespoly_role (id_autorzy_zespoly, id_roli) values (79, 8);
insert into autorzy_zespoly_role (id_autorzy_zespoly, id_roli) values (80, 15);
insert into utwory_autorzy(id_utwory_autorzy, id_autora, id_utworu) values (0, 10, 400);
insert into utwory_autorzy(id_utwory_autorzy, id_autora, id_utworu) values (1, 10, 399);
insert into utwory_autorzy(id_utwory_autorzy, id_autora, id_utworu) values (2, 11, 398);
insert into utwory_autorzy(id_utwory_autorzy, id_autora, id_utworu) values (3, 10, 397);
insert into utwory_autorzy(id_utwory_autorzy, id_autora, id_utworu) values (4, 14, 396);
insert into utwory_autorzy(id_utwory_autorzy, id_autora, id_utworu) values (5, 17, 395);
insert into utwory_autorzy(id_utwory_autorzy, id_autora, id_utworu) values (6, 19, 394);
insert into utwory_autorzy(id_utwory_autorzy, id_autora, id_utworu) values (7, 3, 393);
insert into utwory_autorzy(id_utwory_autorzy, id_autora, id_utworu) values (8, 7, 392);
insert into utwory_autorzy(id_utwory_autorzy, id_autora, id_utworu) values (9, 14, 391);
insert into utwory_autorzy(id_utwory_autorzy, id_autora, id_utworu) values (10, 19, 390);
insert into utwory_autorzy(id_utwory_autorzy, id_autora, id_utworu) values (11, 10, 389);
insert into utwory_autorzy(id_utwory_autorzy, id_autora, id_utworu) values (12, 6, 388);
insert into utwory_autorzy(id_utwory_autorzy, id_autora, id_utworu) values (13, 56, 387);
insert into utwory_autorzy(id_utwory_autorzy, id_autora, id_utworu) values (715, 77, 387);
insert into utwory_autorzy(id_utwory_autorzy, id_autora, id_utworu) values (714, 90, 387);
insert into utwory_autorzy(id_utwory_autorzy, id_autora, id_utworu) values (14, 2, 386);
insert into utwory_autorzy(id_utwory_autorzy, id_autora, id_utworu) values (15, 2, 385);
insert into utwory_autorzy(id_utwory_autorzy, id_autora, id_utworu) values (16, 2, 384);
insert into utwory_autorzy(id_utwory_autorzy, id_autora, id_utworu) values (17, 10, 383);
insert into utwory_autorzy(id_utwory_autorzy, id_autora, id_utworu) values (18, 2, 382);
insert into utwory_autorzy(id_utwory_autorzy, id_autora, id_utworu) values (19, 19, 381);
insert into utwory_autorzy(id_utwory_autorzy, id_autora, id_utworu) values (20, 0, 380);
insert into utwory_autorzy(id_utwory_autorzy, id_autora, id_utworu) values (21, 7, 379);
insert into utwory_autorzy(id_utwory_autorzy, id_autora, id_utworu) values (22, 7, 378);
insert into utwory_autorzy(id_utwory_autorzy, id_autora, id_utworu) values (23, 56, 377);
insert into utwory_autorzy(id_utwory_autorzy, id_autora, id_utworu) values (716, 77, 377);
insert into utwory_autorzy(id_utwory_autorzy, id_autora, id_utworu) values (717, 90, 377);
insert into utwory_autorzy(id_utwory_autorzy, id_autora, id_utworu) values (24, 19, 376);
insert into utwory_autorzy(id_utwory_autorzy, id_autora, id_utworu) values (25, 19, 375);
insert into utwory_autorzy(id_utwory_autorzy, id_autora, id_utworu) values (26, 0, 374);
insert into utwory_autorzy(id_utwory_autorzy, id_autora, id_utworu) values (27, 10, 373);
insert into utwory_autorzy(id_utwory_autorzy, id_autora, id_utworu) values (28, 14, 372);
insert into utwory_autorzy(id_utwory_autorzy, id_autora, id_utworu) values (29, 19, 371);
insert into utwory_autorzy(id_utwory_autorzy, id_autora, id_utworu) values (30, 10, 370);
insert into utwory_autorzy(id_utwory_autorzy, id_autora, id_utworu) values (31, 6, 369);
insert into utwory_autorzy(id_utwory_autorzy, id_autora, id_utworu) values (32, 2, 368);
insert into utwory_autorzy(id_utwory_autorzy, id_autora, id_utworu) values (33, 2, 367);
insert into utwory_autorzy(id_utwory_autorzy, id_autora, id_utworu) values (34, 12, 366);
insert into utwory_autorzy(id_utwory_autorzy, id_autora, id_utworu) values (35, 6, 365);
insert into utwory_autorzy(id_utwory_autorzy, id_autora, id_utworu) values (36, 6, 364);
insert into utwory_autorzy(id_utwory_autorzy, id_autora, id_utworu) values (37, 10, 363);
insert into utwory_autorzy(id_utwory_autorzy, id_autora, id_utworu) values (38, 12, 362);
insert into utwory_autorzy(id_utwory_autorzy, id_autora, id_utworu) values (39, 10, 361);
insert into utwory_autorzy(id_utwory_autorzy, id_autora, id_utworu) values (40, 19, 360);
insert into utwory_autorzy(id_utwory_autorzy, id_autora, id_utworu) values (41, 6, 359);
insert into utwory_autorzy(id_utwory_autorzy, id_autora, id_utworu) values (42, 2, 358);
insert into utwory_autorzy(id_utwory_autorzy, id_autora, id_utworu) values (43, 2, 357);
insert into utwory_autorzy(id_utwory_autorzy, id_autora, id_utworu) values (44, 10, 356);
insert into utwory_autorzy(id_utwory_autorzy, id_autora, id_utworu) values (45, 17, 355);
insert into utwory_autorzy(id_utwory_autorzy, id_autora, id_utworu) values (46, 2, 354);
insert into utwory_autorzy(id_utwory_autorzy, id_autora, id_utworu) values (47, 2, 353);
insert into utwory_autorzy(id_utwory_autorzy, id_autora, id_utworu) values (48, 2, 352);
insert into utwory_autorzy(id_utwory_autorzy, id_autora, id_utworu) values (49, 10, 351);
insert into utwory_autorzy(id_utwory_autorzy, id_autora, id_utworu) values (50, 6, 350);
insert into utwory_autorzy(id_utwory_autorzy, id_autora, id_utworu) values (51, 2, 349);
insert into utwory_autorzy(id_utwory_autorzy, id_autora, id_utworu) values (52, 16, 348);
insert into utwory_autorzy(id_utwory_autorzy, id_autora, id_utworu) values (53, 0, 347);
insert into utwory_autorzy(id_utwory_autorzy, id_autora, id_utworu) values (54, 10, 346);
insert into utwory_autorzy(id_utwory_autorzy, id_autora, id_utworu) values (55, 2, 345);
insert into utwory_autorzy(id_utwory_autorzy, id_autora, id_utworu) values (56, 6, 344);
insert into utwory_autorzy(id_utwory_autorzy, id_autora, id_utworu) values (57, 10, 343);
insert into utwory_autorzy(id_utwory_autorzy, id_autora, id_utworu) values (58, 10, 342);
insert into utwory_autorzy(id_utwory_autorzy, id_autora, id_utworu) values (59, 2, 341);
insert into utwory_autorzy(id_utwory_autorzy, id_autora, id_utworu) values (60, 10, 340);
insert into utwory_autorzy(id_utwory_autorzy, id_autora, id_utworu) values (61, 6, 339);
insert into utwory_autorzy(id_utwory_autorzy, id_autora, id_utworu) values (62, 2, 338);
insert into utwory_autorzy(id_utwory_autorzy, id_autora, id_utworu) values (63, 17, 337);
insert into utwory_autorzy(id_utwory_autorzy, id_autora, id_utworu) values (64, 6, 336);
insert into utwory_autorzy(id_utwory_autorzy, id_autora, id_utworu) values (65, 0, 335);
insert into utwory_autorzy(id_utwory_autorzy, id_autora, id_utworu) values (66, 7, 334);
insert into utwory_autorzy(id_utwory_autorzy, id_autora, id_utworu) values (67, 14, 333);
insert into utwory_autorzy(id_utwory_autorzy, id_autora, id_utworu) values (68, 56, 332);
insert into utwory_autorzy(id_utwory_autorzy, id_autora, id_utworu) values (718, 77, 332);
insert into utwory_autorzy(id_utwory_autorzy, id_autora, id_utworu) values (719, 90, 332);
insert into utwory_autorzy(id_utwory_autorzy, id_autora, id_utworu) values (69, 10, 331);
insert into utwory_autorzy(id_utwory_autorzy, id_autora, id_utworu) values (70, 19, 330);
insert into utwory_autorzy(id_utwory_autorzy, id_autora, id_utworu) values (71, 7, 329);
insert into utwory_autorzy(id_utwory_autorzy, id_autora, id_utworu) values (72, 19, 328);
insert into utwory_autorzy(id_utwory_autorzy, id_autora, id_utworu) values (73, 56, 327);
insert into utwory_autorzy(id_utwory_autorzy, id_autora, id_utworu) values (720, 77, 327);
insert into utwory_autorzy(id_utwory_autorzy, id_autora, id_utworu) values (721, 90, 327);
insert into utwory_autorzy(id_utwory_autorzy, id_autora, id_utworu) values (74, 2, 326);
insert into utwory_autorzy(id_utwory_autorzy, id_autora, id_utworu) values (75, 4, 325);
insert into utwory_autorzy(id_utwory_autorzy, id_autora, id_utworu) values (76, 3, 324);
insert into utwory_autorzy(id_utwory_autorzy, id_autora, id_utworu) values (77, 3, 323);
insert into utwory_autorzy(id_utwory_autorzy, id_autora, id_utworu) values (78, 19, 322);
insert into utwory_autorzy(id_utwory_autorzy, id_autora, id_utworu) values (79, 6, 321);
insert into utwory_autorzy(id_utwory_autorzy, id_autora, id_utworu) values (80, 6, 320);
insert into utwory_autorzy(id_utwory_autorzy, id_autora, id_utworu) values (81, 4, 319);
insert into utwory_autorzy(id_utwory_autorzy, id_autora, id_utworu) values (82, 6, 318);
insert into utwory_autorzy(id_utwory_autorzy, id_autora, id_utworu) values (83, 6, 317);
insert into utwory_autorzy(id_utwory_autorzy, id_autora, id_utworu) values (84, 16, 316);
insert into utwory_autorzy(id_utwory_autorzy, id_autora, id_utworu) values (85, 12, 315);
insert into utwory_autorzy(id_utwory_autorzy, id_autora, id_utworu) values (86, 12, 314);
insert into utwory_autorzy(id_utwory_autorzy, id_autora, id_utworu) values (87, 10, 313);
insert into utwory_autorzy(id_utwory_autorzy, id_autora, id_utworu) values (88, 17, 312);
insert into utwory_autorzy(id_utwory_autorzy, id_autora, id_utworu) values (89, 2, 311);
insert into utwory_autorzy(id_utwory_autorzy, id_autora, id_utworu) values (90, 6, 310);
insert into utwory_autorzy(id_utwory_autorzy, id_autora, id_utworu) values (91, 11, 309);
insert into utwory_autorzy(id_utwory_autorzy, id_autora, id_utworu) values (92, 3, 308);
insert into utwory_autorzy(id_utwory_autorzy, id_autora, id_utworu) values (93, 2, 307);
insert into utwory_autorzy(id_utwory_autorzy, id_autora, id_utworu) values (94, 14, 306);
insert into utwory_autorzy(id_utwory_autorzy, id_autora, id_utworu) values (95, 19, 305);
insert into utwory_autorzy(id_utwory_autorzy, id_autora, id_utworu) values (96, 11, 304);
insert into utwory_autorzy(id_utwory_autorzy, id_autora, id_utworu) values (97, 6, 303);
insert into utwory_autorzy(id_utwory_autorzy, id_autora, id_utworu) values (98, 0, 302);
insert into utwory_autorzy(id_utwory_autorzy, id_autora, id_utworu) values (99, 13, 301);
insert into utwory_autorzy(id_utwory_autorzy, id_autora, id_utworu) values (100, 12, 300);
insert into utwory_autorzy(id_utwory_autorzy, id_autora, id_utworu) values (101, 10, 299);
insert into utwory_autorzy(id_utwory_autorzy, id_autora, id_utworu) values (102, 17, 298);
insert into utwory_autorzy(id_utwory_autorzy, id_autora, id_utworu) values (103, 2, 297);
insert into utwory_autorzy(id_utwory_autorzy, id_autora, id_utworu) values (104, 56, 296);
insert into utwory_autorzy(id_utwory_autorzy, id_autora, id_utworu) values (722, 77, 296);
insert into utwory_autorzy(id_utwory_autorzy, id_autora, id_utworu) values (723, 91, 296);
insert into utwory_autorzy(id_utwory_autorzy, id_autora, id_utworu) values (105, 6, 295);
insert into utwory_autorzy(id_utwory_autorzy, id_autora, id_utworu) values (106, 10, 294);
insert into utwory_autorzy(id_utwory_autorzy, id_autora, id_utworu) values (107, 10, 293);
insert into utwory_autorzy(id_utwory_autorzy, id_autora, id_utworu) values (108, 19, 292);
insert into utwory_autorzy(id_utwory_autorzy, id_autora, id_utworu) values (109, 10, 291);
insert into utwory_autorzy(id_utwory_autorzy, id_autora, id_utworu) values (110, 2, 290);
insert into utwory_autorzy(id_utwory_autorzy, id_autora, id_utworu) values (111, 56, 289);
insert into utwory_autorzy(id_utwory_autorzy, id_autora, id_utworu) values (724, 77, 289);
insert into utwory_autorzy(id_utwory_autorzy, id_autora, id_utworu) values (725, 90, 289);
insert into utwory_autorzy(id_utwory_autorzy, id_autora, id_utworu) values (112, 6, 288);
insert into utwory_autorzy(id_utwory_autorzy, id_autora, id_utworu) values (113, 0, 287);
insert into utwory_autorzy(id_utwory_autorzy, id_autora, id_utworu) values (114, 2, 286);
insert into utwory_autorzy(id_utwory_autorzy, id_autora, id_utworu) values (115, 17, 285);
insert into utwory_autorzy(id_utwory_autorzy, id_autora, id_utworu) values (116, 12, 284);
insert into utwory_autorzy(id_utwory_autorzy, id_autora, id_utworu) values (117, 19, 283);
insert into utwory_autorzy(id_utwory_autorzy, id_autora, id_utworu) values (118, 16, 282);
insert into utwory_autorzy(id_utwory_autorzy, id_autora, id_utworu) values (119, 13, 281);
insert into utwory_autorzy(id_utwory_autorzy, id_autora, id_utworu) values (120, 13, 280);
insert into utwory_autorzy(id_utwory_autorzy, id_autora, id_utworu) values (121, 14, 279);
insert into utwory_autorzy(id_utwory_autorzy, id_autora, id_utworu) values (122, 17, 278);
insert into utwory_autorzy(id_utwory_autorzy, id_autora, id_utworu) values (123, 19, 277);
insert into utwory_autorzy(id_utwory_autorzy, id_autora, id_utworu) values (124, 14, 276);
insert into utwory_autorzy(id_utwory_autorzy, id_autora, id_utworu) values (125, 6, 275);
insert into utwory_autorzy(id_utwory_autorzy, id_autora, id_utworu) values (126, 19, 274);
insert into utwory_autorzy(id_utwory_autorzy, id_autora, id_utworu) values (127, 6, 273);
insert into utwory_autorzy(id_utwory_autorzy, id_autora, id_utworu) values (128, 10, 272);
insert into utwory_autorzy(id_utwory_autorzy, id_autora, id_utworu) values (129, 19, 271);
insert into utwory_autorzy(id_utwory_autorzy, id_autora, id_utworu) values (130, 56, 270);
insert into utwory_autorzy(id_utwory_autorzy, id_autora, id_utworu) values (726, 77, 270);
insert into utwory_autorzy(id_utwory_autorzy, id_autora, id_utworu) values (727, 90, 270);
insert into utwory_autorzy(id_utwory_autorzy, id_autora, id_utworu) values (131, 6, 269);
insert into utwory_autorzy(id_utwory_autorzy, id_autora, id_utworu) values (132, 3, 268);
insert into utwory_autorzy(id_utwory_autorzy, id_autora, id_utworu) values (133, 6, 267);
insert into utwory_autorzy(id_utwory_autorzy, id_autora, id_utworu) values (134, 10, 266);
insert into utwory_autorzy(id_utwory_autorzy, id_autora, id_utworu) values (135, 14, 265);
insert into utwory_autorzy(id_utwory_autorzy, id_autora, id_utworu) values (136, 4, 264);
insert into utwory_autorzy(id_utwory_autorzy, id_autora, id_utworu) values (137, 10, 263);
insert into utwory_autorzy(id_utwory_autorzy, id_autora, id_utworu) values (138, 10, 262);
insert into utwory_autorzy(id_utwory_autorzy, id_autora, id_utworu) values (139, 3, 261);
insert into utwory_autorzy(id_utwory_autorzy, id_autora, id_utworu) values (140, 17, 260);
insert into utwory_autorzy(id_utwory_autorzy, id_autora, id_utworu) values (141, 0, 259);
insert into utwory_autorzy(id_utwory_autorzy, id_autora, id_utworu) values (142, 16, 258);
insert into utwory_autorzy(id_utwory_autorzy, id_autora, id_utworu) values (143, 10, 257);
insert into utwory_autorzy(id_utwory_autorzy, id_autora, id_utworu) values (144, 10, 256);
insert into utwory_autorzy(id_utwory_autorzy, id_autora, id_utworu) values (145, 2, 255);
insert into utwory_autorzy(id_utwory_autorzy, id_autora, id_utworu) values (146, 19, 254);
insert into utwory_autorzy(id_utwory_autorzy, id_autora, id_utworu) values (147, 0, 253);
insert into utwory_autorzy(id_utwory_autorzy, id_autora, id_utworu) values (148, 6, 252);
insert into utwory_autorzy(id_utwory_autorzy, id_autora, id_utworu) values (149, 13, 251);
insert into utwory_autorzy(id_utwory_autorzy, id_autora, id_utworu) values (150, 17, 250);
insert into utwory_autorzy(id_utwory_autorzy, id_autora, id_utworu) values (151, 11, 249);
insert into utwory_autorzy(id_utwory_autorzy, id_autora, id_utworu) values (152, 10, 248);
insert into utwory_autorzy(id_utwory_autorzy, id_autora, id_utworu) values (153, 2, 247);
insert into utwory_autorzy(id_utwory_autorzy, id_autora, id_utworu) values (154, 7, 246);
insert into utwory_autorzy(id_utwory_autorzy, id_autora, id_utworu) values (155, 6, 245);
insert into utwory_autorzy(id_utwory_autorzy, id_autora, id_utworu) values (156, 16, 244);
insert into utwory_autorzy(id_utwory_autorzy, id_autora, id_utworu) values (157, 2, 243);
insert into utwory_autorzy(id_utwory_autorzy, id_autora, id_utworu) values (158, 3, 242);
insert into utwory_autorzy(id_utwory_autorzy, id_autora, id_utworu) values (159, 6, 241);
insert into utwory_autorzy(id_utwory_autorzy, id_autora, id_utworu) values (160, 3, 240);
insert into utwory_autorzy(id_utwory_autorzy, id_autora, id_utworu) values (161, 6, 239);
insert into utwory_autorzy(id_utwory_autorzy, id_autora, id_utworu) values (162, 2, 238);
insert into utwory_autorzy(id_utwory_autorzy, id_autora, id_utworu) values (163, 6, 237);
insert into utwory_autorzy(id_utwory_autorzy, id_autora, id_utworu) values (164, 11, 236);
insert into utwory_autorzy(id_utwory_autorzy, id_autora, id_utworu) values (165, 10, 235);
insert into utwory_autorzy(id_utwory_autorzy, id_autora, id_utworu) values (166, 6, 234);
insert into utwory_autorzy(id_utwory_autorzy, id_autora, id_utworu) values (167, 2, 233);
insert into utwory_autorzy(id_utwory_autorzy, id_autora, id_utworu) values (168, 2, 232);
insert into utwory_autorzy(id_utwory_autorzy, id_autora, id_utworu) values (169, 10, 231);
insert into utwory_autorzy(id_utwory_autorzy, id_autora, id_utworu) values (170, 12, 230);
insert into utwory_autorzy(id_utwory_autorzy, id_autora, id_utworu) values (171, 6, 229);
insert into utwory_autorzy(id_utwory_autorzy, id_autora, id_utworu) values (172, 2, 228);
insert into utwory_autorzy(id_utwory_autorzy, id_autora, id_utworu) values (173, 0, 227);
insert into utwory_autorzy(id_utwory_autorzy, id_autora, id_utworu) values (174, 2, 226);
insert into utwory_autorzy(id_utwory_autorzy, id_autora, id_utworu) values (175, 4, 225);
insert into utwory_autorzy(id_utwory_autorzy, id_autora, id_utworu) values (176, 7, 224);
insert into utwory_autorzy(id_utwory_autorzy, id_autora, id_utworu) values (177, 10, 223);
insert into utwory_autorzy(id_utwory_autorzy, id_autora, id_utworu) values (178, 7, 222);
insert into utwory_autorzy(id_utwory_autorzy, id_autora, id_utworu) values (179, 14, 221);
insert into utwory_autorzy(id_utwory_autorzy, id_autora, id_utworu) values (728, 56, 220);
insert into utwory_autorzy(id_utwory_autorzy, id_autora, id_utworu) values (729, 77, 220);
insert into utwory_autorzy(id_utwory_autorzy, id_autora, id_utworu) values (180, 90, 220);
insert into utwory_autorzy(id_utwory_autorzy, id_autora, id_utworu) values (181, 14, 219);
insert into utwory_autorzy(id_utwory_autorzy, id_autora, id_utworu) values (182, 16, 218);
insert into utwory_autorzy(id_utwory_autorzy, id_autora, id_utworu) values (183, 17, 217);
insert into utwory_autorzy(id_utwory_autorzy, id_autora, id_utworu) values (184, 11, 216);
insert into utwory_autorzy(id_utwory_autorzy, id_autora, id_utworu) values (185, 16, 215);
insert into utwory_autorzy(id_utwory_autorzy, id_autora, id_utworu) values (186, 12, 214);
insert into utwory_autorzy(id_utwory_autorzy, id_autora, id_utworu) values (187, 12, 213);
insert into utwory_autorzy(id_utwory_autorzy, id_autora, id_utworu) values (188, 6, 212);
insert into utwory_autorzy(id_utwory_autorzy, id_autora, id_utworu) values (189, 11, 211);
insert into utwory_autorzy(id_utwory_autorzy, id_autora, id_utworu) values (190, 56, 210);
insert into utwory_autorzy(id_utwory_autorzy, id_autora, id_utworu) values (730, 77, 210);
insert into utwory_autorzy(id_utwory_autorzy, id_autora, id_utworu) values (191, 16, 209);
insert into utwory_autorzy(id_utwory_autorzy, id_autora, id_utworu) values (192, 10, 208);
insert into utwory_autorzy(id_utwory_autorzy, id_autora, id_utworu) values (193, 7, 207);
insert into utwory_autorzy(id_utwory_autorzy, id_autora, id_utworu) values (194, 7, 206);
insert into utwory_autorzy(id_utwory_autorzy, id_autora, id_utworu) values (195, 14, 205);
insert into utwory_autorzy(id_utwory_autorzy, id_autora, id_utworu) values (196, 0, 204);
insert into utwory_autorzy(id_utwory_autorzy, id_autora, id_utworu) values (197, 2, 203);
insert into utwory_autorzy(id_utwory_autorzy, id_autora, id_utworu) values (198, 2, 202);
insert into utwory_autorzy(id_utwory_autorzy, id_autora, id_utworu) values (199, 10, 201);
insert into utwory_autorzy(id_utwory_autorzy, id_autora, id_utworu) values (200, 10, 200);
insert into utwory_autorzy(id_utwory_autorzy, id_autora, id_utworu) values (201, 7, 199);
insert into utwory_autorzy(id_utwory_autorzy, id_autora, id_utworu) values (202, 10, 198);
insert into utwory_autorzy(id_utwory_autorzy, id_autora, id_utworu) values (203, 13, 197);
insert into utwory_autorzy(id_utwory_autorzy, id_autora, id_utworu) values (204, 10, 196);
insert into utwory_autorzy(id_utwory_autorzy, id_autora, id_utworu) values (205, 17, 195);
insert into utwory_autorzy(id_utwory_autorzy, id_autora, id_utworu) values (206, 10, 194);
insert into utwory_autorzy(id_utwory_autorzy, id_autora, id_utworu) values (207, 2, 193);
insert into utwory_autorzy(id_utwory_autorzy, id_autora, id_utworu) values (208, 10, 192);
insert into utwory_autorzy(id_utwory_autorzy, id_autora, id_utworu) values (209, 10, 191);
insert into utwory_autorzy(id_utwory_autorzy, id_autora, id_utworu) values (210, 10, 190);
insert into utwory_autorzy(id_utwory_autorzy, id_autora, id_utworu) values (211, 14, 189);
insert into utwory_autorzy(id_utwory_autorzy, id_autora, id_utworu) values (212, 10, 188);
insert into utwory_autorzy(id_utwory_autorzy, id_autora, id_utworu) values (213, 2, 187);
insert into utwory_autorzy(id_utwory_autorzy, id_autora, id_utworu) values (214, 2, 186);
insert into utwory_autorzy(id_utwory_autorzy, id_autora, id_utworu) values (215, 11, 185);
insert into utwory_autorzy(id_utwory_autorzy, id_autora, id_utworu) values (216, 10, 184);
insert into utwory_autorzy(id_utwory_autorzy, id_autora, id_utworu) values (217, 2, 183);
insert into utwory_autorzy(id_utwory_autorzy, id_autora, id_utworu) values (218, 14, 182);
insert into utwory_autorzy(id_utwory_autorzy, id_autora, id_utworu) values (219, 4, 181);
insert into utwory_autorzy(id_utwory_autorzy, id_autora, id_utworu) values (220, 7, 180);
insert into utwory_autorzy(id_utwory_autorzy, id_autora, id_utworu) values (221, 2, 179);
insert into utwory_autorzy(id_utwory_autorzy, id_autora, id_utworu) values (222, 17, 178);
insert into utwory_autorzy(id_utwory_autorzy, id_autora, id_utworu) values (223, 13, 177);
insert into utwory_autorzy(id_utwory_autorzy, id_autora, id_utworu) values (224, 16, 176);
insert into utwory_autorzy(id_utwory_autorzy, id_autora, id_utworu) values (225, 10, 175);
insert into utwory_autorzy(id_utwory_autorzy, id_autora, id_utworu) values (226, 6, 174);
insert into utwory_autorzy(id_utwory_autorzy, id_autora, id_utworu) values (227, 17, 173);
insert into utwory_autorzy(id_utwory_autorzy, id_autora, id_utworu) values (228, 10, 172);
insert into utwory_autorzy(id_utwory_autorzy, id_autora, id_utworu) values (229, 3, 171);
insert into utwory_autorzy(id_utwory_autorzy, id_autora, id_utworu) values (230, 19, 170);
insert into utwory_autorzy(id_utwory_autorzy, id_autora, id_utworu) values (231, 4, 169);
insert into utwory_autorzy(id_utwory_autorzy, id_autora, id_utworu) values (232, 2, 168);
insert into utwory_autorzy(id_utwory_autorzy, id_autora, id_utworu) values (233, 0, 167);
insert into utwory_autorzy(id_utwory_autorzy, id_autora, id_utworu) values (234, 6, 166);
insert into utwory_autorzy(id_utwory_autorzy, id_autora, id_utworu) values (235, 10, 165);
insert into utwory_autorzy(id_utwory_autorzy, id_autora, id_utworu) values (236, 6, 164);
insert into utwory_autorzy(id_utwory_autorzy, id_autora, id_utworu) values (237, 3, 163);
insert into utwory_autorzy(id_utwory_autorzy, id_autora, id_utworu) values (238, 11, 162);
insert into utwory_autorzy(id_utwory_autorzy, id_autora, id_utworu) values (239, 13, 161);
insert into utwory_autorzy(id_utwory_autorzy, id_autora, id_utworu) values (240, 14, 160);
insert into utwory_autorzy(id_utwory_autorzy, id_autora, id_utworu) values (241, 2, 159);
insert into utwory_autorzy(id_utwory_autorzy, id_autora, id_utworu) values (242, 6, 158);
insert into utwory_autorzy(id_utwory_autorzy, id_autora, id_utworu) values (243, 14, 157);
insert into utwory_autorzy(id_utwory_autorzy, id_autora, id_utworu) values (244, 0, 156);
insert into utwory_autorzy(id_utwory_autorzy, id_autora, id_utworu) values (245, 2, 155);
insert into utwory_autorzy(id_utwory_autorzy, id_autora, id_utworu) values (246, 10, 154);
insert into utwory_autorzy(id_utwory_autorzy, id_autora, id_utworu) values (247, 10, 153);
insert into utwory_autorzy(id_utwory_autorzy, id_autora, id_utworu) values (248, 13, 152);
insert into utwory_autorzy(id_utwory_autorzy, id_autora, id_utworu) values (249, 16, 151);
insert into utwory_autorzy(id_utwory_autorzy, id_autora, id_utworu) values (250, 2, 150);
insert into utwory_autorzy(id_utwory_autorzy, id_autora, id_utworu) values (251, 2, 149);
insert into utwory_autorzy(id_utwory_autorzy, id_autora, id_utworu) values (252, 6, 148);
insert into utwory_autorzy(id_utwory_autorzy, id_autora, id_utworu) values (253, 10, 147);
insert into utwory_autorzy(id_utwory_autorzy, id_autora, id_utworu) values (254, 19, 146);
insert into utwory_autorzy(id_utwory_autorzy, id_autora, id_utworu) values (255, 19, 145);
insert into utwory_autorzy(id_utwory_autorzy, id_autora, id_utworu) values (256, 11, 144);
insert into utwory_autorzy(id_utwory_autorzy, id_autora, id_utworu) values (257, 17, 143);
insert into utwory_autorzy(id_utwory_autorzy, id_autora, id_utworu) values (258, 14, 142);
insert into utwory_autorzy(id_utwory_autorzy, id_autora, id_utworu) values (259, 6, 141);
insert into utwory_autorzy(id_utwory_autorzy, id_autora, id_utworu) values (260, 2, 140);
insert into utwory_autorzy(id_utwory_autorzy, id_autora, id_utworu) values (261, 2, 139);
insert into utwory_autorzy(id_utwory_autorzy, id_autora, id_utworu) values (262, 6, 138);
insert into utwory_autorzy(id_utwory_autorzy, id_autora, id_utworu) values (263, 7, 137);
insert into utwory_autorzy(id_utwory_autorzy, id_autora, id_utworu) values (264, 4, 136);
insert into utwory_autorzy(id_utwory_autorzy, id_autora, id_utworu) values (265, 56, 135);
insert into utwory_autorzy(id_utwory_autorzy, id_autora, id_utworu) values (731, 77, 135);
insert into utwory_autorzy(id_utwory_autorzy, id_autora, id_utworu) values (732, 91, 135);
insert into utwory_autorzy(id_utwory_autorzy, id_autora, id_utworu) values (266, 0, 134);
insert into utwory_autorzy(id_utwory_autorzy, id_autora, id_utworu) values (267, 19, 133);
insert into utwory_autorzy(id_utwory_autorzy, id_autora, id_utworu) values (268, 13, 132);
insert into utwory_autorzy(id_utwory_autorzy, id_autora, id_utworu) values (269, 14, 131);
insert into utwory_autorzy(id_utwory_autorzy, id_autora, id_utworu) values (270, 0, 130);
insert into utwory_autorzy(id_utwory_autorzy, id_autora, id_utworu) values (271, 10, 129);
insert into utwory_autorzy(id_utwory_autorzy, id_autora, id_utworu) values (272, 13, 128);
insert into utwory_autorzy(id_utwory_autorzy, id_autora, id_utworu) values (273, 2, 127);
insert into utwory_autorzy(id_utwory_autorzy, id_autora, id_utworu) values (274, 7, 126);
insert into utwory_autorzy(id_utwory_autorzy, id_autora, id_utworu) values (275, 6, 125);
insert into utwory_autorzy(id_utwory_autorzy, id_autora, id_utworu) values (276, 4, 124);
insert into utwory_autorzy(id_utwory_autorzy, id_autora, id_utworu) values (277, 10, 123);
insert into utwory_autorzy(id_utwory_autorzy, id_autora, id_utworu) values (278, 17, 122);
insert into utwory_autorzy(id_utwory_autorzy, id_autora, id_utworu) values (279, 7, 121);
insert into utwory_autorzy(id_utwory_autorzy, id_autora, id_utworu) values (280, 6, 120);
insert into utwory_autorzy(id_utwory_autorzy, id_autora, id_utworu) values (281, 6, 119);
insert into utwory_autorzy(id_utwory_autorzy, id_autora, id_utworu) values (282, 4, 118);
insert into utwory_autorzy(id_utwory_autorzy, id_autora, id_utworu) values (283, 17, 117);
insert into utwory_autorzy(id_utwory_autorzy, id_autora, id_utworu) values (284, 6, 116);
insert into utwory_autorzy(id_utwory_autorzy, id_autora, id_utworu) values (285, 6, 115);
insert into utwory_autorzy(id_utwory_autorzy, id_autora, id_utworu) values (286, 10, 114);
insert into utwory_autorzy(id_utwory_autorzy, id_autora, id_utworu) values (287, 13, 113);
insert into utwory_autorzy(id_utwory_autorzy, id_autora, id_utworu) values (288, 2, 112);
insert into utwory_autorzy(id_utwory_autorzy, id_autora, id_utworu) values (289, 3, 111);
insert into utwory_autorzy(id_utwory_autorzy, id_autora, id_utworu) values (290, 0, 110);
insert into utwory_autorzy(id_utwory_autorzy, id_autora, id_utworu) values (291, 0, 109);
insert into utwory_autorzy(id_utwory_autorzy, id_autora, id_utworu) values (292, 19, 108);
insert into utwory_autorzy(id_utwory_autorzy, id_autora, id_utworu) values (293, 10, 107);
insert into utwory_autorzy(id_utwory_autorzy, id_autora, id_utworu) values (294, 4, 106);
insert into utwory_autorzy(id_utwory_autorzy, id_autora, id_utworu) values (295, 7, 105);
insert into utwory_autorzy(id_utwory_autorzy, id_autora, id_utworu) values (296, 10, 104);
insert into utwory_autorzy(id_utwory_autorzy, id_autora, id_utworu) values (297, 14, 103);
insert into utwory_autorzy(id_utwory_autorzy, id_autora, id_utworu) values (298, 14, 102);
insert into utwory_autorzy(id_utwory_autorzy, id_autora, id_utworu) values (299, 16, 101);
insert into utwory_autorzy(id_utwory_autorzy, id_autora, id_utworu) values (300, 13, 100);
insert into utwory_autorzy(id_utwory_autorzy, id_autora, id_utworu) values (301, 17, 99);
insert into utwory_autorzy(id_utwory_autorzy, id_autora, id_utworu) values (302, 4, 98);
insert into utwory_autorzy(id_utwory_autorzy, id_autora, id_utworu) values (303, 10, 97);
insert into utwory_autorzy(id_utwory_autorzy, id_autora, id_utworu) values (304, 56, 96);
insert into utwory_autorzy(id_utwory_autorzy, id_autora, id_utworu) values (733, 77, 96);
insert into utwory_autorzy(id_utwory_autorzy, id_autora, id_utworu) values (734, 35, 96);
insert into utwory_autorzy(id_utwory_autorzy, id_autora, id_utworu) values (305, 17, 95);
insert into utwory_autorzy(id_utwory_autorzy, id_autora, id_utworu) values (306, 17, 94);
insert into utwory_autorzy(id_utwory_autorzy, id_autora, id_utworu) values (307, 14, 93);
insert into utwory_autorzy(id_utwory_autorzy, id_autora, id_utworu) values (308, 6, 92);
insert into utwory_autorzy(id_utwory_autorzy, id_autora, id_utworu) values (309, 10, 91);
insert into utwory_autorzy(id_utwory_autorzy, id_autora, id_utworu) values (310, 6, 90);
insert into utwory_autorzy(id_utwory_autorzy, id_autora, id_utworu) values (311, 12, 89);
insert into utwory_autorzy(id_utwory_autorzy, id_autora, id_utworu) values (312, 13, 88);
insert into utwory_autorzy(id_utwory_autorzy, id_autora, id_utworu) values (313, 6, 87);
insert into utwory_autorzy(id_utwory_autorzy, id_autora, id_utworu) values (314, 2, 86);
insert into utwory_autorzy(id_utwory_autorzy, id_autora, id_utworu) values (315, 19, 85);
insert into utwory_autorzy(id_utwory_autorzy, id_autora, id_utworu) values (316, 7, 84);
insert into utwory_autorzy(id_utwory_autorzy, id_autora, id_utworu) values (317, 2, 83);
insert into utwory_autorzy(id_utwory_autorzy, id_autora, id_utworu) values (318, 10, 82);
insert into utwory_autorzy(id_utwory_autorzy, id_autora, id_utworu) values (319, 19, 81);
insert into utwory_autorzy(id_utwory_autorzy, id_autora, id_utworu) values (320, 2, 80);
insert into utwory_autorzy(id_utwory_autorzy, id_autora, id_utworu) values (321, 6, 79);
insert into utwory_autorzy(id_utwory_autorzy, id_autora, id_utworu) values (322, 2, 78);
insert into utwory_autorzy(id_utwory_autorzy, id_autora, id_utworu) values (323, 2, 77);
insert into utwory_autorzy(id_utwory_autorzy, id_autora, id_utworu) values (324, 16, 76);
insert into utwory_autorzy(id_utwory_autorzy, id_autora, id_utworu) values (325, 13, 75);
insert into utwory_autorzy(id_utwory_autorzy, id_autora, id_utworu) values (326, 19, 74);
insert into utwory_autorzy(id_utwory_autorzy, id_autora, id_utworu) values (327, 6, 73);
insert into utwory_autorzy(id_utwory_autorzy, id_autora, id_utworu) values (328, 7, 72);
insert into utwory_autorzy(id_utwory_autorzy, id_autora, id_utworu) values (329, 6, 71);
insert into utwory_autorzy(id_utwory_autorzy, id_autora, id_utworu) values (330, 14, 70);
insert into utwory_autorzy(id_utwory_autorzy, id_autora, id_utworu) values (331, 10, 69);
insert into utwory_autorzy(id_utwory_autorzy, id_autora, id_utworu) values (332, 17, 68);
insert into utwory_autorzy(id_utwory_autorzy, id_autora, id_utworu) values (333, 6, 67);
insert into utwory_autorzy(id_utwory_autorzy, id_autora, id_utworu) values (334, 16, 66);
insert into utwory_autorzy(id_utwory_autorzy, id_autora, id_utworu) values (335, 10, 65);
insert into utwory_autorzy(id_utwory_autorzy, id_autora, id_utworu) values (336, 7, 64);
insert into utwory_autorzy(id_utwory_autorzy, id_autora, id_utworu) values (337, 14, 63);
insert into utwory_autorzy(id_utwory_autorzy, id_autora, id_utworu) values (338, 7, 62);
insert into utwory_autorzy(id_utwory_autorzy, id_autora, id_utworu) values (339, 17, 61);
insert into utwory_autorzy(id_utwory_autorzy, id_autora, id_utworu) values (340, 7, 60);
insert into utwory_autorzy(id_utwory_autorzy, id_autora, id_utworu) values (341, 19, 59);
insert into utwory_autorzy(id_utwory_autorzy, id_autora, id_utworu) values (342, 2, 58);
insert into utwory_autorzy(id_utwory_autorzy, id_autora, id_utworu) values (343, 2, 57);
insert into utwory_autorzy(id_utwory_autorzy, id_autora, id_utworu) values (344, 3, 56);
insert into utwory_autorzy(id_utwory_autorzy, id_autora, id_utworu) values (345, 3, 55);
insert into utwory_autorzy(id_utwory_autorzy, id_autora, id_utworu) values (346, 11, 54);
insert into utwory_autorzy(id_utwory_autorzy, id_autora, id_utworu) values (347, 10, 53);
insert into utwory_autorzy(id_utwory_autorzy, id_autora, id_utworu) values (348, 11, 52);
insert into utwory_autorzy(id_utwory_autorzy, id_autora, id_utworu) values (349, 17, 51);
insert into utwory_autorzy(id_utwory_autorzy, id_autora, id_utworu) values (350, 17, 50);
insert into utwory_autorzy(id_utwory_autorzy, id_autora, id_utworu) values (351, 6, 49);
insert into utwory_autorzy(id_utwory_autorzy, id_autora, id_utworu) values (352, 10, 48);
insert into utwory_autorzy(id_utwory_autorzy, id_autora, id_utworu) values (353, 10, 47);
insert into utwory_autorzy(id_utwory_autorzy, id_autora, id_utworu) values (354, 2, 46);
insert into utwory_autorzy(id_utwory_autorzy, id_autora, id_utworu) values (355, 11, 45);
insert into utwory_autorzy(id_utwory_autorzy, id_autora, id_utworu) values (356, 56, 44);
insert into utwory_autorzy(id_utwory_autorzy, id_autora, id_utworu) values (735, 77, 44);
insert into utwory_autorzy(id_utwory_autorzy, id_autora, id_utworu) values (357, 0, 43);
insert into utwory_autorzy(id_utwory_autorzy, id_autora, id_utworu) values (358, 12, 42);
insert into utwory_autorzy(id_utwory_autorzy, id_autora, id_utworu) values (359, 6, 41);
insert into utwory_autorzy(id_utwory_autorzy, id_autora, id_utworu) values (360, 10, 40);
insert into utwory_autorzy(id_utwory_autorzy, id_autora, id_utworu) values (361, 16, 39);
insert into utwory_autorzy(id_utwory_autorzy, id_autora, id_utworu) values (362, 12, 38);
insert into utwory_autorzy(id_utwory_autorzy, id_autora, id_utworu) values (363, 6, 37);
insert into utwory_autorzy(id_utwory_autorzy, id_autora, id_utworu) values (364, 2, 36);
insert into utwory_autorzy(id_utwory_autorzy, id_autora, id_utworu) values (365, 14, 35);
insert into utwory_autorzy(id_utwory_autorzy, id_autora, id_utworu) values (366, 10, 34);
insert into utwory_autorzy(id_utwory_autorzy, id_autora, id_utworu) values (367, 16, 33);
insert into utwory_autorzy(id_utwory_autorzy, id_autora, id_utworu) values (368, 16, 32);
insert into utwory_autorzy(id_utwory_autorzy, id_autora, id_utworu) values (369, 56, 31);
insert into utwory_autorzy(id_utwory_autorzy, id_autora, id_utworu) values (370, 17, 30);
insert into utwory_autorzy(id_utwory_autorzy, id_autora, id_utworu) values (371, 14, 29);
insert into utwory_autorzy(id_utwory_autorzy, id_autora, id_utworu) values (372, 6, 28);
insert into utwory_autorzy(id_utwory_autorzy, id_autora, id_utworu) values (373, 19, 27);
insert into utwory_autorzy(id_utwory_autorzy, id_autora, id_utworu) values (374, 6, 26);
insert into utwory_autorzy(id_utwory_autorzy, id_autora, id_utworu) values (375, 4, 25);
insert into utwory_autorzy(id_utwory_autorzy, id_autora, id_utworu) values (376, 4, 24);
insert into utwory_autorzy(id_utwory_autorzy, id_autora, id_utworu) values (377, 2, 23);
insert into utwory_autorzy(id_utwory_autorzy, id_autora, id_utworu) values (378, 6, 22);
insert into utwory_autorzy(id_utwory_autorzy, id_autora, id_utworu) values (379, 7, 21);
insert into utwory_autorzy(id_utwory_autorzy, id_autora, id_utworu) values (380, 4, 20);
insert into utwory_autorzy(id_utwory_autorzy, id_autora, id_utworu) values (381, 2, 19);
insert into utwory_autorzy(id_utwory_autorzy, id_autora, id_utworu) values (382, 10, 18);
insert into utwory_autorzy(id_utwory_autorzy, id_autora, id_utworu) values (383, 11, 17);
insert into utwory_autorzy(id_utwory_autorzy, id_autora, id_utworu) values (384, 6, 16);
insert into utwory_autorzy(id_utwory_autorzy, id_autora, id_utworu) values (385, 19, 15);
insert into utwory_autorzy(id_utwory_autorzy, id_autora, id_utworu) values (386, 10, 14);
insert into utwory_autorzy(id_utwory_autorzy, id_autora, id_utworu) values (387, 10, 13);
insert into utwory_autorzy(id_utwory_autorzy, id_autora, id_utworu) values (388, 11, 12);
insert into utwory_autorzy(id_utwory_autorzy, id_autora, id_utworu) values (389, 56, 11);
insert into utwory_autorzy(id_utwory_autorzy, id_autora, id_utworu) values (736, 77, 11);
insert into utwory_autorzy(id_utwory_autorzy, id_autora, id_utworu) values (390, 19, 10);
insert into utwory_autorzy(id_utwory_autorzy, id_autora, id_utworu) values (391, 3, 9);
insert into utwory_autorzy(id_utwory_autorzy, id_autora, id_utworu) values (392, 4, 8);
insert into utwory_autorzy(id_utwory_autorzy, id_autora, id_utworu) values (393, 6, 7);
insert into utwory_autorzy(id_utwory_autorzy, id_autora, id_utworu) values (394, 14, 6);
insert into utwory_autorzy(id_utwory_autorzy, id_autora, id_utworu) values (395, 6, 5);
insert into utwory_autorzy(id_utwory_autorzy, id_autora, id_utworu) values (396, 4, 4);
insert into utwory_autorzy(id_utwory_autorzy, id_autora, id_utworu) values (397, 2, 3);
insert into utwory_autorzy(id_utwory_autorzy, id_autora, id_utworu) values (398, 17, 2);
insert into utwory_autorzy(id_utwory_autorzy, id_autora, id_utworu) values (399, 19, 1);
insert into utwory_autorzy(id_utwory_autorzy, id_autora, id_utworu) values (400, 11, 401);
insert into utwory_autorzy(id_utwory_autorzy, id_autora, id_utworu) values (402, 63, 402);
insert into utwory_autorzy(id_utwory_autorzy, id_autora, id_utworu) values (403, 51, 402);
insert into utwory_autorzy(id_utwory_autorzy, id_autora, id_utworu) values (401, 95, 402);
insert into utwory_autorzy(id_utwory_autorzy, id_autora, id_utworu) values (404, 9, 403);
insert into utwory_autorzy(id_utwory_autorzy, id_autora, id_utworu) values (405, 0, 404);
insert into utwory_autorzy(id_utwory_autorzy, id_autora, id_utworu) values (407, 39, 405);
insert into utwory_autorzy(id_utwory_autorzy, id_autora, id_utworu) values (408, 35, 405);
insert into utwory_autorzy(id_utwory_autorzy, id_autora, id_utworu) values (409, 87, 405);
insert into utwory_autorzy(id_utwory_autorzy, id_autora, id_utworu) values (410, 83, 405);
insert into utwory_autorzy(id_utwory_autorzy, id_autora, id_utworu) values (406, 77, 405);
insert into utwory_autorzy(id_utwory_autorzy, id_autora, id_utworu) values (412, 72, 406);
insert into utwory_autorzy(id_utwory_autorzy, id_autora, id_utworu) values (411, 58, 406);
insert into utwory_autorzy(id_utwory_autorzy, id_autora, id_utworu) values (414, 58, 407);
insert into utwory_autorzy(id_utwory_autorzy, id_autora, id_utworu) values (415, 43, 407);
insert into utwory_autorzy(id_utwory_autorzy, id_autora, id_utworu) values (413, 59, 407);
insert into utwory_autorzy(id_utwory_autorzy, id_autora, id_utworu) values (417, 28, 408);
insert into utwory_autorzy(id_utwory_autorzy, id_autora, id_utworu) values (418, 72, 408);
insert into utwory_autorzy(id_utwory_autorzy, id_autora, id_utworu) values (419, 43, 408);
insert into utwory_autorzy(id_utwory_autorzy, id_autora, id_utworu) values (420, 52, 408);
insert into utwory_autorzy(id_utwory_autorzy, id_autora, id_utworu) values (416, 58, 408);
insert into utwory_autorzy(id_utwory_autorzy, id_autora, id_utworu) values (422, 77, 409);
insert into utwory_autorzy(id_utwory_autorzy, id_autora, id_utworu) values (423, 73, 409);
insert into utwory_autorzy(id_utwory_autorzy, id_autora, id_utworu) values (421, 45, 409);
insert into utwory_autorzy(id_utwory_autorzy, id_autora, id_utworu) values (425, 58, 410);
insert into utwory_autorzy(id_utwory_autorzy, id_autora, id_utworu) values (426, 68, 410);
insert into utwory_autorzy(id_utwory_autorzy, id_autora, id_utworu) values (424, 93, 410);
insert into utwory_autorzy(id_utwory_autorzy, id_autora, id_utworu) values (427, 15, 411);
insert into utwory_autorzy(id_utwory_autorzy, id_autora, id_utworu) values (429, 29, 412);
insert into utwory_autorzy(id_utwory_autorzy, id_autora, id_utworu) values (428, 58, 412);
insert into utwory_autorzy(id_utwory_autorzy, id_autora, id_utworu) values (431, 28, 413);
insert into utwory_autorzy(id_utwory_autorzy, id_autora, id_utworu) values (432, 21, 413);
insert into utwory_autorzy(id_utwory_autorzy, id_autora, id_utworu) values (433, 25, 413);
insert into utwory_autorzy(id_utwory_autorzy, id_autora, id_utworu) values (430, 33, 413);
insert into utwory_autorzy(id_utwory_autorzy, id_autora, id_utworu) values (435, 24, 414);
insert into utwory_autorzy(id_utwory_autorzy, id_autora, id_utworu) values (436, 49, 414);
insert into utwory_autorzy(id_utwory_autorzy, id_autora, id_utworu) values (437, 34, 414);
insert into utwory_autorzy(id_utwory_autorzy, id_autora, id_utworu) values (438, 26, 414);
insert into utwory_autorzy(id_utwory_autorzy, id_autora, id_utworu) values (439, 98, 414);
insert into utwory_autorzy(id_utwory_autorzy, id_autora, id_utworu) values (434, 22, 414);
insert into utwory_autorzy(id_utwory_autorzy, id_autora, id_utworu) values (441, 75, 415);
insert into utwory_autorzy(id_utwory_autorzy, id_autora, id_utworu) values (442, 32, 415);
insert into utwory_autorzy(id_utwory_autorzy, id_autora, id_utworu) values (443, 31, 415);
insert into utwory_autorzy(id_utwory_autorzy, id_autora, id_utworu) values (440, 73, 415);
insert into utwory_autorzy(id_utwory_autorzy, id_autora, id_utworu) values (445, 41, 416);
insert into utwory_autorzy(id_utwory_autorzy, id_autora, id_utworu) values (446, 81, 416);
insert into utwory_autorzy(id_utwory_autorzy, id_autora, id_utworu) values (447, 83, 416);
insert into utwory_autorzy(id_utwory_autorzy, id_autora, id_utworu) values (444, 51, 416);
insert into utwory_autorzy(id_utwory_autorzy, id_autora, id_utworu) values (449, 94, 417);
insert into utwory_autorzy(id_utwory_autorzy, id_autora, id_utworu) values (450, 68, 417);
insert into utwory_autorzy(id_utwory_autorzy, id_autora, id_utworu) values (451, 25, 417);
insert into utwory_autorzy(id_utwory_autorzy, id_autora, id_utworu) values (448, 24, 417);
insert into utwory_autorzy(id_utwory_autorzy, id_autora, id_utworu) values (453, 45, 418);
insert into utwory_autorzy(id_utwory_autorzy, id_autora, id_utworu) values (454, 76, 418);
insert into utwory_autorzy(id_utwory_autorzy, id_autora, id_utworu) values (455, 42, 418);
insert into utwory_autorzy(id_utwory_autorzy, id_autora, id_utworu) values (456, 25, 418);
insert into utwory_autorzy(id_utwory_autorzy, id_autora, id_utworu) values (452, 54, 418);
insert into utwory_autorzy(id_utwory_autorzy, id_autora, id_utworu) values (461, 24, 419);
insert into utwory_autorzy(id_utwory_autorzy, id_autora, id_utworu) values (459, 58, 419);
insert into utwory_autorzy(id_utwory_autorzy, id_autora, id_utworu) values (460, 94, 419);
insert into utwory_autorzy(id_utwory_autorzy, id_autora, id_utworu) values (457, 70, 419);
insert into utwory_autorzy(id_utwory_autorzy, id_autora, id_utworu) values (463, 67, 420);
insert into utwory_autorzy(id_utwory_autorzy, id_autora, id_utworu) values (464, 77, 420);
insert into utwory_autorzy(id_utwory_autorzy, id_autora, id_utworu) values (466, 47, 420);
insert into utwory_autorzy(id_utwory_autorzy, id_autora, id_utworu) values (462, 48, 420);
insert into utwory_autorzy(id_utwory_autorzy, id_autora, id_utworu) values (468, 26, 421);
insert into utwory_autorzy(id_utwory_autorzy, id_autora, id_utworu) values (467, 76, 421);
insert into utwory_autorzy(id_utwory_autorzy, id_autora, id_utworu) values (470, 36, 422);
insert into utwory_autorzy(id_utwory_autorzy, id_autora, id_utworu) values (471, 27, 422);
insert into utwory_autorzy(id_utwory_autorzy, id_autora, id_utworu) values (469, 60, 422);
insert into utwory_autorzy(id_utwory_autorzy, id_autora, id_utworu) values (472, 1, 423);
insert into utwory_autorzy(id_utwory_autorzy, id_autora, id_utworu) values (474, 24, 424);
insert into utwory_autorzy(id_utwory_autorzy, id_autora, id_utworu) values (473, 36, 424);
insert into utwory_autorzy(id_utwory_autorzy, id_autora, id_utworu) values (476, 51, 425);
insert into utwory_autorzy(id_utwory_autorzy, id_autora, id_utworu) values (477, 68, 425);
insert into utwory_autorzy(id_utwory_autorzy, id_autora, id_utworu) values (478, 74, 425);
insert into utwory_autorzy(id_utwory_autorzy, id_autora, id_utworu) values (479, 43, 425);
insert into utwory_autorzy(id_utwory_autorzy, id_autora, id_utworu) values (475, 38, 425);
insert into utwory_autorzy(id_utwory_autorzy, id_autora, id_utworu) values (480, 2, 426);
insert into utwory_autorzy(id_utwory_autorzy, id_autora, id_utworu) values (482, 93, 427);
insert into utwory_autorzy(id_utwory_autorzy, id_autora, id_utworu) values (483, 76, 427);
insert into utwory_autorzy(id_utwory_autorzy, id_autora, id_utworu) values (484, 60, 427);
insert into utwory_autorzy(id_utwory_autorzy, id_autora, id_utworu) values (486, 89, 427);
insert into utwory_autorzy(id_utwory_autorzy, id_autora, id_utworu) values (481, 25, 427);
insert into utwory_autorzy(id_utwory_autorzy, id_autora, id_utworu) values (488, 51, 428);
insert into utwory_autorzy(id_utwory_autorzy, id_autora, id_utworu) values (489, 52, 428);
insert into utwory_autorzy(id_utwory_autorzy, id_autora, id_utworu) values (490, 68, 428);
insert into utwory_autorzy(id_utwory_autorzy, id_autora, id_utworu) values (491, 48, 428);
insert into utwory_autorzy(id_utwory_autorzy, id_autora, id_utworu) values (487, 80, 428);
insert into utwory_autorzy(id_utwory_autorzy, id_autora, id_utworu) values (493, 70, 429);
insert into utwory_autorzy(id_utwory_autorzy, id_autora, id_utworu) values (494, 75, 429);
insert into utwory_autorzy(id_utwory_autorzy, id_autora, id_utworu) values (495, 82, 429);
insert into utwory_autorzy(id_utwory_autorzy, id_autora, id_utworu) values (496, 26, 429);
insert into utwory_autorzy(id_utwory_autorzy, id_autora, id_utworu) values (497, 48, 429);
insert into utwory_autorzy(id_utwory_autorzy, id_autora, id_utworu) values (492, 93, 429);
insert into utwory_autorzy(id_utwory_autorzy, id_autora, id_utworu) values (499, 88, 430);
insert into utwory_autorzy(id_utwory_autorzy, id_autora, id_utworu) values (500, 69, 430);
insert into utwory_autorzy(id_utwory_autorzy, id_autora, id_utworu) values (498, 25, 430);
insert into utwory_autorzy(id_utwory_autorzy, id_autora, id_utworu) values (502, 62, 431);
insert into utwory_autorzy(id_utwory_autorzy, id_autora, id_utworu) values (503, 76, 431);
insert into utwory_autorzy(id_utwory_autorzy, id_autora, id_utworu) values (504, 37, 431);
insert into utwory_autorzy(id_utwory_autorzy, id_autora, id_utworu) values (501, 25, 431);
insert into utwory_autorzy(id_utwory_autorzy, id_autora, id_utworu) values (505, 2, 432);
insert into utwory_autorzy(id_utwory_autorzy, id_autora, id_utworu) values (507, 45, 433);
insert into utwory_autorzy(id_utwory_autorzy, id_autora, id_utworu) values (506, 36, 433);
insert into utwory_autorzy(id_utwory_autorzy, id_autora, id_utworu) values (509, 22, 434);
insert into utwory_autorzy(id_utwory_autorzy, id_autora, id_utworu) values (510, 52, 434);
insert into utwory_autorzy(id_utwory_autorzy, id_autora, id_utworu) values (508, 21, 434);
insert into utwory_autorzy(id_utwory_autorzy, id_autora, id_utworu) values (511, 7, 435);
insert into utwory_autorzy(id_utwory_autorzy, id_autora, id_utworu) values (512, 12, 436);
insert into utwory_autorzy(id_utwory_autorzy, id_autora, id_utworu) values (514, 95, 437);
insert into utwory_autorzy(id_utwory_autorzy, id_autora, id_utworu) values (515, 98, 437);
insert into utwory_autorzy(id_utwory_autorzy, id_autora, id_utworu) values (513, 60, 437);
insert into utwory_autorzy(id_utwory_autorzy, id_autora, id_utworu) values (517, 40, 438);
insert into utwory_autorzy(id_utwory_autorzy, id_autora, id_utworu) values (516, 72, 438);
insert into utwory_autorzy(id_utwory_autorzy, id_autora, id_utworu) values (518, 5, 439);
insert into utwory_autorzy(id_utwory_autorzy, id_autora, id_utworu) values (520, 50, 440);
insert into utwory_autorzy(id_utwory_autorzy, id_autora, id_utworu) values (519, 60, 440);
insert into utwory_autorzy(id_utwory_autorzy, id_autora, id_utworu) values (522, 26, 441);
insert into utwory_autorzy(id_utwory_autorzy, id_autora, id_utworu) values (523, 66, 441);
insert into utwory_autorzy(id_utwory_autorzy, id_autora, id_utworu) values (524, 51, 441);
insert into utwory_autorzy(id_utwory_autorzy, id_autora, id_utworu) values (525, 37, 441);
insert into utwory_autorzy(id_utwory_autorzy, id_autora, id_utworu) values (521, 57, 441);
insert into utwory_autorzy(id_utwory_autorzy, id_autora, id_utworu) values (527, 68, 442);
insert into utwory_autorzy(id_utwory_autorzy, id_autora, id_utworu) values (528, 50, 442);
insert into utwory_autorzy(id_utwory_autorzy, id_autora, id_utworu) values (529, 85, 442);
insert into utwory_autorzy(id_utwory_autorzy, id_autora, id_utworu) values (530, 53, 442);
insert into utwory_autorzy(id_utwory_autorzy, id_autora, id_utworu) values (531, 67, 442);
insert into utwory_autorzy(id_utwory_autorzy, id_autora, id_utworu) values (526, 70, 442);
insert into utwory_autorzy(id_utwory_autorzy, id_autora, id_utworu) values (533, 58, 443);
insert into utwory_autorzy(id_utwory_autorzy, id_autora, id_utworu) values (534, 60, 443);
insert into utwory_autorzy(id_utwory_autorzy, id_autora, id_utworu) values (535, 63, 443);
insert into utwory_autorzy(id_utwory_autorzy, id_autora, id_utworu) values (536, 92, 443);
insert into utwory_autorzy(id_utwory_autorzy, id_autora, id_utworu) values (537, 52, 443);
insert into utwory_autorzy(id_utwory_autorzy, id_autora, id_utworu) values (532, 36, 443);
insert into utwory_autorzy(id_utwory_autorzy, id_autora, id_utworu) values (539, 74, 444);
insert into utwory_autorzy(id_utwory_autorzy, id_autora, id_utworu) values (540, 47, 444);
insert into utwory_autorzy(id_utwory_autorzy, id_autora, id_utworu) values (541, 98, 444);
insert into utwory_autorzy(id_utwory_autorzy, id_autora, id_utworu) values (543, 45, 445);
insert into utwory_autorzy(id_utwory_autorzy, id_autora, id_utworu) values (544, 69, 445);
insert into utwory_autorzy(id_utwory_autorzy, id_autora, id_utworu) values (545, 93, 445);
insert into utwory_autorzy(id_utwory_autorzy, id_autora, id_utworu) values (546, 94, 445);
insert into utwory_autorzy(id_utwory_autorzy, id_autora, id_utworu) values (547, 64, 445);
insert into utwory_autorzy(id_utwory_autorzy, id_autora, id_utworu) values (542, 88, 445);
insert into utwory_autorzy(id_utwory_autorzy, id_autora, id_utworu) values (549, 81, 446);
insert into utwory_autorzy(id_utwory_autorzy, id_autora, id_utworu) values (550, 54, 446);
insert into utwory_autorzy(id_utwory_autorzy, id_autora, id_utworu) values (548, 37, 446);
insert into utwory_autorzy(id_utwory_autorzy, id_autora, id_utworu) values (552, 96, 447);
insert into utwory_autorzy(id_utwory_autorzy, id_autora, id_utworu) values (553, 63, 447);
insert into utwory_autorzy(id_utwory_autorzy, id_autora, id_utworu) values (554, 50, 447);
insert into utwory_autorzy(id_utwory_autorzy, id_autora, id_utworu) values (555, 83, 447);
insert into utwory_autorzy(id_utwory_autorzy, id_autora, id_utworu) values (551, 51, 447);
insert into utwory_autorzy(id_utwory_autorzy, id_autora, id_utworu) values (557, 85, 448);
insert into utwory_autorzy(id_utwory_autorzy, id_autora, id_utworu) values (556, 80, 448);
insert into utwory_autorzy(id_utwory_autorzy, id_autora, id_utworu) values (559, 89, 449);
insert into utwory_autorzy(id_utwory_autorzy, id_autora, id_utworu) values (560, 43, 449);
insert into utwory_autorzy(id_utwory_autorzy, id_autora, id_utworu) values (561, 92, 449);
insert into utwory_autorzy(id_utwory_autorzy, id_autora, id_utworu) values (562, 32, 449);
insert into utwory_autorzy(id_utwory_autorzy, id_autora, id_utworu) values (563, 36, 449);
insert into utwory_autorzy(id_utwory_autorzy, id_autora, id_utworu) values (558, 95, 449);
insert into utwory_autorzy(id_utwory_autorzy, id_autora, id_utworu) values (565, 65, 450);
insert into utwory_autorzy(id_utwory_autorzy, id_autora, id_utworu) values (566, 71, 450);
insert into utwory_autorzy(id_utwory_autorzy, id_autora, id_utworu) values (567, 97, 450);
insert into utwory_autorzy(id_utwory_autorzy, id_autora, id_utworu) values (564, 55, 450);
insert into utwory_autorzy(id_utwory_autorzy, id_autora, id_utworu) values (568, 99, 451);
insert into utwory_autorzy(id_utwory_autorzy, id_autora, id_utworu) values (570, 63, 452);
insert into utwory_autorzy(id_utwory_autorzy, id_autora, id_utworu) values (572, 38, 452);
insert into utwory_autorzy(id_utwory_autorzy, id_autora, id_utworu) values (573, 56, 452);
insert into utwory_autorzy(id_utwory_autorzy, id_autora, id_utworu) values (569, 44, 452);
insert into utwory_autorzy(id_utwory_autorzy, id_autora, id_utworu) values (575, 47, 453);
insert into utwory_autorzy(id_utwory_autorzy, id_autora, id_utworu) values (576, 55, 453);
insert into utwory_autorzy(id_utwory_autorzy, id_autora, id_utworu) values (577, 52, 453);
insert into utwory_autorzy(id_utwory_autorzy, id_autora, id_utworu) values (578, 83, 453);
insert into utwory_autorzy(id_utwory_autorzy, id_autora, id_utworu) values (574, 86, 453);
insert into utwory_autorzy(id_utwory_autorzy, id_autora, id_utworu) values (580, 44, 454);
insert into utwory_autorzy(id_utwory_autorzy, id_autora, id_utworu) values (579, 70, 454);
insert into utwory_autorzy(id_utwory_autorzy, id_autora, id_utworu) values (582, 29, 455);
insert into utwory_autorzy(id_utwory_autorzy, id_autora, id_utworu) values (583, 26, 455);
insert into utwory_autorzy(id_utwory_autorzy, id_autora, id_utworu) values (581, 73, 455);
insert into utwory_autorzy(id_utwory_autorzy, id_autora, id_utworu) values (585, 51, 456);
insert into utwory_autorzy(id_utwory_autorzy, id_autora, id_utworu) values (587, 80, 456);
insert into utwory_autorzy(id_utwory_autorzy, id_autora, id_utworu) values (588, 33, 456);
insert into utwory_autorzy(id_utwory_autorzy, id_autora, id_utworu) values (584, 88, 456);
insert into utwory_autorzy(id_utwory_autorzy, id_autora, id_utworu) values (591, 90, 457);
insert into utwory_autorzy(id_utwory_autorzy, id_autora, id_utworu) values (592, 67, 457);
insert into utwory_autorzy(id_utwory_autorzy, id_autora, id_utworu) values (593, 85, 457);
insert into utwory_autorzy(id_utwory_autorzy, id_autora, id_utworu) values (594, 32, 457);
insert into utwory_autorzy(id_utwory_autorzy, id_autora, id_utworu) values (590, 37, 457);
insert into utwory_autorzy(id_utwory_autorzy, id_autora, id_utworu) values (596, 93, 458);
insert into utwory_autorzy(id_utwory_autorzy, id_autora, id_utworu) values (597, 83, 458);
insert into utwory_autorzy(id_utwory_autorzy, id_autora, id_utworu) values (595, 97, 458);
insert into utwory_autorzy(id_utwory_autorzy, id_autora, id_utworu) values (599, 52, 459);
insert into utwory_autorzy(id_utwory_autorzy, id_autora, id_utworu) values (600, 75, 459);
insert into utwory_autorzy(id_utwory_autorzy, id_autora, id_utworu) values (601, 99, 459);
insert into utwory_autorzy(id_utwory_autorzy, id_autora, id_utworu) values (598, 55, 459);
insert into utwory_autorzy(id_utwory_autorzy, id_autora, id_utworu) values (603, 86, 460);
insert into utwory_autorzy(id_utwory_autorzy, id_autora, id_utworu) values (604, 95, 460);
insert into utwory_autorzy(id_utwory_autorzy, id_autora, id_utworu) values (605, 43, 460);
insert into utwory_autorzy(id_utwory_autorzy, id_autora, id_utworu) values (606, 70, 460);
insert into utwory_autorzy(id_utwory_autorzy, id_autora, id_utworu) values (602, 79, 460);
insert into utwory_autorzy(id_utwory_autorzy, id_autora, id_utworu) values (608, 33, 461);
insert into utwory_autorzy(id_utwory_autorzy, id_autora, id_utworu) values (609, 47, 461);
insert into utwory_autorzy(id_utwory_autorzy, id_autora, id_utworu) values (610, 98, 461);
insert into utwory_autorzy(id_utwory_autorzy, id_autora, id_utworu) values (611, 24, 461);
insert into utwory_autorzy(id_utwory_autorzy, id_autora, id_utworu) values (607, 31, 461);
insert into utwory_autorzy(id_utwory_autorzy, id_autora, id_utworu) values (613, 97, 462);
insert into utwory_autorzy(id_utwory_autorzy, id_autora, id_utworu) values (614, 92, 462);
insert into utwory_autorzy(id_utwory_autorzy, id_autora, id_utworu) values (612, 72, 462);
insert into utwory_autorzy(id_utwory_autorzy, id_autora, id_utworu) values (616, 81, 463);
insert into utwory_autorzy(id_utwory_autorzy, id_autora, id_utworu) values (617, 23, 463);
insert into utwory_autorzy(id_utwory_autorzy, id_autora, id_utworu) values (618, 42, 463);
insert into utwory_autorzy(id_utwory_autorzy, id_autora, id_utworu) values (619, 37, 463);
insert into utwory_autorzy(id_utwory_autorzy, id_autora, id_utworu) values (615, 45, 463);
insert into utwory_autorzy(id_utwory_autorzy, id_autora, id_utworu) values (620, 2, 464);
insert into utwory_autorzy(id_utwory_autorzy, id_autora, id_utworu) values (621, 6, 465);
insert into utwory_autorzy(id_utwory_autorzy, id_autora, id_utworu) values (623, 39, 466);
insert into utwory_autorzy(id_utwory_autorzy, id_autora, id_utworu) values (622, 42, 466);
insert into utwory_autorzy(id_utwory_autorzy, id_autora, id_utworu) values (625, 33, 467);
insert into utwory_autorzy(id_utwory_autorzy, id_autora, id_utworu) values (626, 65, 467);
insert into utwory_autorzy(id_utwory_autorzy, id_autora, id_utworu) values (624, 84, 467);
insert into utwory_autorzy(id_utwory_autorzy, id_autora, id_utworu) values (627, 2, 468);
insert into utwory_autorzy(id_utwory_autorzy, id_autora, id_utworu) values (629, 51, 469);
insert into utwory_autorzy(id_utwory_autorzy, id_autora, id_utworu) values (628, 25, 469);
insert into utwory_autorzy(id_utwory_autorzy, id_autora, id_utworu) values (631, 33, 470);
insert into utwory_autorzy(id_utwory_autorzy, id_autora, id_utworu) values (633, 51, 471);
insert into utwory_autorzy(id_utwory_autorzy, id_autora, id_utworu) values (634, 64, 471);
insert into utwory_autorzy(id_utwory_autorzy, id_autora, id_utworu) values (632, 71, 471);
insert into utwory_autorzy(id_utwory_autorzy, id_autora, id_utworu) values (636, 56, 472);
insert into utwory_autorzy(id_utwory_autorzy, id_autora, id_utworu) values (637, 21, 472);
insert into utwory_autorzy(id_utwory_autorzy, id_autora, id_utworu) values (638, 80, 472);
insert into utwory_autorzy(id_utwory_autorzy, id_autora, id_utworu) values (639, 82, 472);
insert into utwory_autorzy(id_utwory_autorzy, id_autora, id_utworu) values (635, 94, 472);
insert into utwory_autorzy(id_utwory_autorzy, id_autora, id_utworu) values (640, 9, 473);
insert into utwory_autorzy(id_utwory_autorzy, id_autora, id_utworu) values (642, 21, 474);
insert into utwory_autorzy(id_utwory_autorzy, id_autora, id_utworu) values (643, 34, 474);
insert into utwory_autorzy(id_utwory_autorzy, id_autora, id_utworu) values (644, 54, 474);
insert into utwory_autorzy(id_utwory_autorzy, id_autora, id_utworu) values (641, 33, 474);
insert into utwory_autorzy(id_utwory_autorzy, id_autora, id_utworu) values (646, 51, 475);
insert into utwory_autorzy(id_utwory_autorzy, id_autora, id_utworu) values (647, 45, 475);
insert into utwory_autorzy(id_utwory_autorzy, id_autora, id_utworu) values (648, 23, 475);
insert into utwory_autorzy(id_utwory_autorzy, id_autora, id_utworu) values (649, 72, 475);
insert into utwory_autorzy(id_utwory_autorzy, id_autora, id_utworu) values (645, 28, 475);
insert into utwory_autorzy(id_utwory_autorzy, id_autora, id_utworu) values (651, 50, 476);
insert into utwory_autorzy(id_utwory_autorzy, id_autora, id_utworu) values (652, 74, 476);
insert into utwory_autorzy(id_utwory_autorzy, id_autora, id_utworu) values (653, 25, 476);
insert into utwory_autorzy(id_utwory_autorzy, id_autora, id_utworu) values (650, 52, 476);
insert into utwory_autorzy(id_utwory_autorzy, id_autora, id_utworu) values (654, 15, 477);
insert into utwory_autorzy(id_utwory_autorzy, id_autora, id_utworu) values (656, 43, 478);
insert into utwory_autorzy(id_utwory_autorzy, id_autora, id_utworu) values (657, 69, 478);
insert into utwory_autorzy(id_utwory_autorzy, id_autora, id_utworu) values (655, 64, 478);
insert into utwory_autorzy(id_utwory_autorzy, id_autora, id_utworu) values (658, 17, 479);
insert into utwory_autorzy(id_utwory_autorzy, id_autora, id_utworu) values (660, 50, 480);
insert into utwory_autorzy(id_utwory_autorzy, id_autora, id_utworu) values (659, 29, 480);
insert into utwory_autorzy(id_utwory_autorzy, id_autora, id_utworu) values (662, 55, 481);
insert into utwory_autorzy(id_utwory_autorzy, id_autora, id_utworu) values (663, 31, 481);
insert into utwory_autorzy(id_utwory_autorzy, id_autora, id_utworu) values (664, 90, 481);
insert into utwory_autorzy(id_utwory_autorzy, id_autora, id_utworu) values (661, 44, 481);
insert into utwory_autorzy(id_utwory_autorzy, id_autora, id_utworu) values (665, 4, 482);
insert into utwory_autorzy(id_utwory_autorzy, id_autora, id_utworu) values (666, 13, 483);
insert into utwory_autorzy(id_utwory_autorzy, id_autora, id_utworu) values (667, 10, 484);
insert into utwory_autorzy(id_utwory_autorzy, id_autora, id_utworu) values (668, 6, 485);
insert into utwory_autorzy(id_utwory_autorzy, id_autora, id_utworu) values (670, 37, 486);
insert into utwory_autorzy(id_utwory_autorzy, id_autora, id_utworu) values (671, 31, 486);
insert into utwory_autorzy(id_utwory_autorzy, id_autora, id_utworu) values (669, 65, 486);
insert into utwory_autorzy(id_utwory_autorzy, id_autora, id_utworu) values (673, 95, 487);
insert into utwory_autorzy(id_utwory_autorzy, id_autora, id_utworu) values (672, 35, 487);
insert into utwory_autorzy(id_utwory_autorzy, id_autora, id_utworu) values (675, 88, 488);
insert into utwory_autorzy(id_utwory_autorzy, id_autora, id_utworu) values (676, 67, 488);
insert into utwory_autorzy(id_utwory_autorzy, id_autora, id_utworu) values (677, 97, 488);
insert into utwory_autorzy(id_utwory_autorzy, id_autora, id_utworu) values (680, 79, 489);
insert into utwory_autorzy(id_utwory_autorzy, id_autora, id_utworu) values (681, 42, 489);
insert into utwory_autorzy(id_utwory_autorzy, id_autora, id_utworu) values (682, 87, 489);
insert into utwory_autorzy(id_utwory_autorzy, id_autora, id_utworu) values (683, 81, 489);
insert into utwory_autorzy(id_utwory_autorzy, id_autora, id_utworu) values (678, 23, 489);
insert into utwory_autorzy(id_utwory_autorzy, id_autora, id_utworu) values (684, 8, 490);
insert into utwory_autorzy(id_utwory_autorzy, id_autora, id_utworu) values (686, 47, 491);
insert into utwory_autorzy(id_utwory_autorzy, id_autora, id_utworu) values (687, 57, 491);
insert into utwory_autorzy(id_utwory_autorzy, id_autora, id_utworu) values (688, 59, 491);
insert into utwory_autorzy(id_utwory_autorzy, id_autora, id_utworu) values (685, 91, 491);
insert into utwory_autorzy(id_utwory_autorzy, id_autora, id_utworu) values (689, 19, 492);
insert into utwory_autorzy(id_utwory_autorzy, id_autora, id_utworu) values (691, 44, 493);
insert into utwory_autorzy(id_utwory_autorzy, id_autora, id_utworu) values (692, 88, 493);
insert into utwory_autorzy(id_utwory_autorzy, id_autora, id_utworu) values (693, 84, 493);
insert into utwory_autorzy(id_utwory_autorzy, id_autora, id_utworu) values (694, 56, 493);
insert into utwory_autorzy(id_utwory_autorzy, id_autora, id_utworu) values (690, 29, 493);
insert into utwory_autorzy(id_utwory_autorzy, id_autora, id_utworu) values (696, 67, 494);
insert into utwory_autorzy(id_utwory_autorzy, id_autora, id_utworu) values (697, 96, 494);
insert into utwory_autorzy(id_utwory_autorzy, id_autora, id_utworu) values (698, 39, 494);
insert into utwory_autorzy(id_utwory_autorzy, id_autora, id_utworu) values (699, 58, 494);
insert into utwory_autorzy(id_utwory_autorzy, id_autora, id_utworu) values (695, 21, 494);
insert into utwory_autorzy(id_utwory_autorzy, id_autora, id_utworu) values (700, 6, 495);
insert into utwory_autorzy(id_utwory_autorzy, id_autora, id_utworu) values (702, 50, 496);
insert into utwory_autorzy(id_utwory_autorzy, id_autora, id_utworu) values (701, 52, 496);
insert into utwory_autorzy(id_utwory_autorzy, id_autora, id_utworu) values (704, 48, 497);
insert into utwory_autorzy(id_utwory_autorzy, id_autora, id_utworu) values (703, 82, 497);
insert into utwory_autorzy(id_utwory_autorzy, id_autora, id_utworu) values (705, 7, 498);
insert into utwory_autorzy(id_utwory_autorzy, id_autora, id_utworu) values (707, 30, 499);
insert into utwory_autorzy(id_utwory_autorzy, id_autora, id_utworu) values (708, 92, 499);
insert into utwory_autorzy(id_utwory_autorzy, id_autora, id_utworu) values (709, 59, 499);
insert into utwory_autorzy(id_utwory_autorzy, id_autora, id_utworu) values (710, 73, 499);
insert into utwory_autorzy(id_utwory_autorzy, id_autora, id_utworu) values (711, 27, 499);
insert into utwory_autorzy(id_utwory_autorzy, id_autora, id_utworu) values (706, 88, 499);
insert into utwory_autorzy(id_utwory_autorzy, id_autora, id_utworu) values (713, 82, 500);
insert into utwory_autorzy(id_utwory_autorzy, id_autora, id_utworu) values (712, 89, 500);
insert into utwory_autorzy_role values ( 400, 10);
insert into utwory_autorzy_role values ( 403, 6);
insert into utwory_autorzy_role values ( 404, 1);
insert into utwory_autorzy_role values ( 405, 8);
insert into utwory_autorzy_role values ( 410, 6);
insert into utwory_autorzy_role values ( 412, 13);
insert into utwory_autorzy_role values ( 415, 3);
insert into utwory_autorzy_role values ( 420, 10);
insert into utwory_autorzy_role values ( 423, 8);
insert into utwory_autorzy_role values ( 426, 10);
insert into utwory_autorzy_role values ( 427, 9);
insert into utwory_autorzy_role values ( 429, 8);
insert into utwory_autorzy_role values ( 433, 13);
insert into utwory_autorzy_role values ( 439, 2);
insert into utwory_autorzy_role values ( 443, 7);
insert into utwory_autorzy_role values ( 447, 7);
insert into utwory_autorzy_role values ( 451, 8);
insert into utwory_autorzy_role values ( 456, 4);
insert into utwory_autorzy_role values ( 461, 11);
insert into utwory_autorzy_role values ( 466, 2);
insert into utwory_autorzy_role values ( 468, 12);
insert into utwory_autorzy_role values ( 471, 15);
insert into utwory_autorzy_role values ( 472, 12);
insert into utwory_autorzy_role values ( 474, 6);
insert into utwory_autorzy_role values ( 479, 4);
insert into utwory_autorzy_role values ( 480, 12);
insert into utwory_autorzy_role values ( 486, 5);
insert into utwory_autorzy_role values ( 491, 7);
insert into utwory_autorzy_role values ( 497, 9);
insert into utwory_autorzy_role values ( 500, 10);
insert into utwory_autorzy_role values ( 504, 8);
insert into utwory_autorzy_role values ( 505, 9);
insert into utwory_autorzy_role values ( 507, 10);
insert into utwory_autorzy_role values ( 510, 3);
insert into utwory_autorzy_role values ( 511, 2);
insert into utwory_autorzy_role values ( 512, 9);
insert into utwory_autorzy_role values ( 515, 13);
insert into utwory_autorzy_role values ( 517, 13);
insert into utwory_autorzy_role values ( 518, 2);
insert into utwory_autorzy_role values ( 520, 1);
insert into utwory_autorzy_role values ( 525, 9);
insert into utwory_autorzy_role values ( 531, 8);
insert into utwory_autorzy_role values ( 537, 8);
insert into utwory_autorzy_role values ( 541, 6);
insert into utwory_autorzy_role values ( 547, 15);
insert into utwory_autorzy_role values ( 550, 14);
insert into utwory_autorzy_role values ( 555, 1);
insert into utwory_autorzy_role values ( 557, 2);
insert into utwory_autorzy_role values ( 563, 11);
insert into utwory_autorzy_role values ( 567, 9);
insert into utwory_autorzy_role values ( 568, 15);
insert into utwory_autorzy_role values ( 573, 14);
insert into utwory_autorzy_role values ( 578, 6);
insert into utwory_autorzy_role values ( 580, 2);
insert into utwory_autorzy_role values ( 583, 13);
insert into utwory_autorzy_role values ( 587, 3);
insert into utwory_autorzy_role values ( 594, 4);
insert into utwory_autorzy_role values ( 597, 6);
insert into utwory_autorzy_role values ( 601, 9);
insert into utwory_autorzy_role values ( 606, 12);
insert into utwory_autorzy_role values ( 611, 1);
insert into utwory_autorzy_role values ( 614, 1);
insert into utwory_autorzy_role values ( 619, 11);
insert into utwory_autorzy_role values ( 620, 12);
insert into utwory_autorzy_role values ( 621, 15);
insert into utwory_autorzy_role values ( 623, 3);
insert into utwory_autorzy_role values ( 626, 11);
insert into utwory_autorzy_role values ( 627, 3);
insert into utwory_autorzy_role values ( 629, 8);
insert into utwory_autorzy_role values ( 631, 3);
insert into utwory_autorzy_role values ( 634, 9);
insert into utwory_autorzy_role values ( 639, 6);
insert into utwory_autorzy_role values ( 640, 2);
insert into utwory_autorzy_role values ( 644, 4);
insert into utwory_autorzy_role values ( 649, 15);
insert into utwory_autorzy_role values ( 653, 14);
insert into utwory_autorzy_role values ( 654, 7);
insert into utwory_autorzy_role values ( 657, 9);
insert into utwory_autorzy_role values ( 658, 13);
insert into utwory_autorzy_role values ( 660, 9);
insert into utwory_autorzy_role values ( 664, 2);
insert into utwory_autorzy_role values ( 665, 10);
insert into utwory_autorzy_role values ( 666, 14);
insert into utwory_autorzy_role values ( 667, 1);
insert into utwory_autorzy_role values ( 668, 12);
insert into utwory_autorzy_role values ( 671, 6);
insert into utwory_autorzy_role values ( 673, 10);
insert into utwory_autorzy_role values ( 677, 5);
insert into utwory_autorzy_role values ( 683, 4);
insert into utwory_autorzy_role values ( 684, 15);
insert into utwory_autorzy_role values ( 688, 15);
insert into utwory_autorzy_role values ( 689, 6);
insert into utwory_autorzy_role values ( 694, 6);
insert into utwory_autorzy_role values ( 699, 11);
insert into utwory_autorzy_role values ( 700, 1);
insert into utwory_autorzy_role values ( 702, 11);
insert into utwory_autorzy_role values ( 704, 3);
insert into utwory_autorzy_role values ( 705, 9);
insert into utwory_autorzy_role values ( 711, 12);
insert into utwory_autorzy_role values ( 713, 3);
insert into utwory_autorzy_role  values (524, 11);
insert into utwory_autorzy_role  values (552, 14);
insert into utwory_autorzy_role  values (541, 7);
insert into utwory_autorzy_role  values (653, 8);
insert into utwory_autorzy_role  values (663, 14);
insert into utwory_autorzy_role  values (559, 3);
insert into utwory_autorzy_role  values (414, 9);
insert into utwory_autorzy_role  values (527, 13);
insert into utwory_autorzy_role  values (478, 14);
insert into utwory_autorzy_role  values (431, 6);
insert into utwory_autorzy_role  values (504, 7);
insert into utwory_autorzy_role  values (678, 15);
insert into utwory_autorzy_role  values (516, 3);
insert into utwory_autorzy_role  values (699, 3);
insert into utwory_autorzy_role  values (544, 4);
insert into utwory_autorzy_role  values (707, 7);
insert into utwory_autorzy_role  values (510, 5);
insert into utwory_autorzy_role  values (579, 9);
insert into utwory_autorzy_role  values (599, 2);
insert into utwory_autorzy_role  values (680, 12);
insert into utwory_autorzy_role  values (482, 11);
insert into utwory_autorzy_role  values (714, 3);
insert into utwory_autorzy_role  values (505, 14);
insert into utwory_autorzy_role  values (429, 2);
insert into utwory_autorzy_role  values (669, 14);
insert into utwory_autorzy_role  values (690, 6);
insert into utwory_autorzy_role  values (606, 9);
insert into utwory_autorzy_role  values (594, 11);
insert into utwory_autorzy_role  values (587, 1);
insert into utwory_autorzy_role  values (732, 4);
insert into utwory_autorzy_role  values (539, 11);
insert into utwory_autorzy_role  values (734, 12);
insert into utwory_autorzy_role  values (636, 13);
insert into utwory_autorzy_role  values (498, 12);
insert into utwory_autorzy_role  values (511, 15);
insert into utwory_autorzy_role  values (508, 4);
insert into utwory_autorzy_role  values (727, 2);
insert into utwory_autorzy_role  values (675, 5);
insert into utwory_autorzy_role  values (643, 7);
insert into utwory_autorzy_role  values (654, 2);
insert into utwory_autorzy_role  values (531, 7);
insert into utwory_autorzy_role  values (671, 13);
insert into utwory_autorzy_role  values (697, 10);
insert into utwory_autorzy_role  values (624, 4);
insert into utwory_autorzy_role  values (653, 15);
insert into utwory_autorzy_role  values (550, 10);
insert into utwory_autorzy_role  values (475, 15);
insert into utwory_autorzy_role  values (633, 7);
insert into utwory_autorzy_role  values (593, 8);
insert into utwory_autorzy_role  values (482, 4);
insert into utwory_autorzy_role  values (678, 9);
insert into utwory_autorzy_role  values (682, 3);
insert into utwory_autorzy_role  values (572, 6);
insert into utwory_autorzy_role  values (426, 3);
insert into utwory_autorzy_role  values (518, 12);
insert into utwory_autorzy_role  values (666, 4);
insert into utwory_autorzy_role  values (483, 15);
insert into utwory_autorzy_role  values (694, 15);
insert into utwory_autorzy_role  values (591, 2);
insert into utwory_autorzy_role  values (678, 7);
insert into utwory_autorzy_role  values (671, 4);
insert into utwory_autorzy_role  values (724, 10);
insert into utwory_autorzy_role  values (403, 10);
insert into utwory_autorzy_role  values (522, 3);
insert into utwory_autorzy_role  values (493, 1);
insert into utwory_autorzy_role  values (423, 10);
insert into utwory_autorzy_role  values (558, 12);
insert into utwory_autorzy_role  values (731, 10);
insert into utwory_autorzy_role  values (441, 10);
insert into utwory_autorzy_role  values (486, 9);
insert into utwory_autorzy_role  values (714, 8);
insert into utwory_autorzy_role  values (496, 3);
insert into utwory_autorzy_role  values (466, 10);
insert into utwory_autorzy_role  values (475, 11);
insert into utwory_autorzy_role  values (515, 12);
insert into utwory_autorzy_role  values (714, 5);
insert into utwory_autorzy_role  values (414, 5);
insert into utwory_autorzy_role  values (718, 4);
insert into utwory_autorzy_role  values (516, 8);
insert into utwory_autorzy_role  values (449, 12);
insert into utwory_autorzy_role  values (593, 7);
insert into utwory_autorzy_role  values (521, 15);
insert into utwory_autorzy_role  values (677, 4);
insert into utwory_autorzy_role  values (472, 1);
insert into utwory_autorzy_role  values (546, 13);
insert into utwory_autorzy_role  values (626, 7);
insert into utwory_autorzy_role  values (518, 5);
insert into utwory_autorzy_role  values (469, 7);
insert into utwory_autorzy_role  values (646, 2);
insert into utwory_autorzy_role  values (594, 1);
insert into utwory_autorzy_role  values (446, 10);
insert into utwory_autorzy_role  values (665, 11);
insert into utwory_autorzy_role  values (574, 3);
insert into utwory_autorzy_role  values (602, 11);
insert into utwory_autorzy_role  values (472, 15);
insert into utwory_autorzy_role  values (408, 13);
insert into utwory_autorzy_role  values (731, 3);
insert into utwory_autorzy_role  values (553, 4);
insert into utwory_autorzy_role  values (420, 8);
insert into utwory_autorzy_role  values (702, 5);
insert into utwory_autorzy_role  values (466, 7);
insert into utwory_autorzy_role  values (703, 7);
insert into utwory_autorzy_role  values (459, 4);
insert into utwory_autorzy_role  values (521, 2);
insert into utwory_autorzy_role  values (504, 11);
insert into utwory_autorzy_role  values (521, 5);
insert into utwory_autorzy_role  values (590, 12);
insert into utwory_autorzy_role  values (506, 15);
insert into utwory_autorzy_role  values (624, 9);
insert into utwory_autorzy_role  values (716, 9);
insert into utwory_autorzy_role  values (614, 13);
insert into utwory_autorzy_role  values (448, 12);
insert into utwory_autorzy_role  values (549, 4);
insert into utwory_autorzy_role  values (583, 7);
insert into utwory_autorzy_role  values (665, 14);
insert into utwory_autorzy_role  values (592, 12);
insert into utwory_autorzy_role  values (541, 5);
insert into utwory_autorzy_role  values (504, 5);
insert into utwory_autorzy_role  values (502, 10);
insert into utwory_autorzy_role  values (655, 2);
insert into utwory_autorzy_role  values (735, 9);
insert into utwory_autorzy_role  values (565, 6);
insert into utwory_autorzy_role  values (568, 5);
insert into utwory_autorzy_role  values (700, 6);
insert into utwory_autorzy_role  values (660, 5);
insert into utwory_autorzy_role  values (430, 3);
insert into utwory_autorzy_role  values (498, 10);
insert into utwory_autorzy_role  values (475, 5);
insert into utwory_autorzy_role  values (433, 1);
insert into utwory_autorzy_role  values (425, 7);
insert into utwory_autorzy_role  values (733, 6);
insert into utwory_autorzy_role  values (564, 3);
insert into utwory_autorzy_role  values (639, 4);
insert into utwory_autorzy_role  values (535, 11);
insert into utwory_autorzy_role  values (690, 15);
insert into utwory_autorzy_role  values (644, 2);
insert into utwory_autorzy_role  values (404, 11);
insert into utwory_autorzy_role  values (467, 11);
insert into utwory_autorzy_role  values (620, 14);
insert into utwory_autorzy_role  values (476, 2);
insert into utwory_autorzy_role  values (596, 4);
insert into utwory_autorzy_role  values (511, 4);
insert into utwory_autorzy_role  values (549, 10);
insert into utwory_autorzy_role  values (464, 10);
insert into utwory_autorzy_role  values (644, 5);
insert into utwory_autorzy_role  values (696, 8);
insert into utwory_autorzy_role  values (445, 15);
insert into utwory_autorzy_role  values (650, 9);
insert into utwory_autorzy_role  values (564, 12);
insert into utwory_autorzy_role  values (588, 11);
insert into utwory_autorzy_role  values (540, 2);
insert into utwory_autorzy_role  values (599, 5);
insert into utwory_autorzy_role  values (442, 13);
insert into utwory_autorzy_role  values (542, 1);
insert into utwory_autorzy_role  values (535, 14);
insert into utwory_autorzy_role  values (668, 15);
insert into utwory_autorzy_role  values (667, 6);
insert into utwory_autorzy_role  values (528, 5);
insert into utwory_autorzy_role  values (492, 8);
insert into utwory_autorzy_role  values (581, 12);
insert into utwory_autorzy_role  values (646, 14);
insert into utwory_autorzy_role  values (734, 8);
insert into utwory_autorzy_role  values (634, 8);
insert into utwory_autorzy_role  values (500, 11);
insert into utwory_autorzy_role  values (403, 5);
insert into utwory_autorzy_role  values (723, 6);
insert into utwory_autorzy_role  values (665, 9);
insert into utwory_autorzy_role  values (528, 8);
insert into utwory_autorzy_role  values (415, 12);
insert into utwory_autorzy_role  values (653, 6);
insert into utwory_autorzy_role  values (459, 5);
insert into utwory_autorzy_role  values (587, 8);
insert into utwory_autorzy_role  values (602, 4);
insert into utwory_autorzy_role  values (676, 1);
insert into utwory_autorzy_role  values (612, 5);
insert into utwory_autorzy_role  values (501, 3);
insert into utwory_autorzy_role  values (474, 12);
insert into utwory_autorzy_role  values (603, 5);
insert into utwory_autorzy_role  values (493, 8);
insert into utwory_autorzy_role  values (646, 8);
insert into utwory_autorzy_role  values (572, 13);
insert into utwory_autorzy_role  values (699, 1);
insert into utwory_autorzy_role  values (633, 2);
insert into utwory_autorzy_role  values (655, 8);
insert into utwory_autorzy_role  values (582, 9);
insert into utwory_autorzy_role  values (594, 12);
insert into utwory_autorzy_role  values (681, 2);
insert into utwory_autorzy_role  values (428, 9);
insert into utwory_autorzy_role  values (600, 4);
insert into utwory_autorzy_role  values (590, 10);
insert into utwory_autorzy_role  values (595, 2);
insert into utwory_autorzy_role  values (437, 1);
insert into utwory_autorzy_role  values (678, 10);
insert into utwory_autorzy_role  values (628, 2);
insert into utwory_autorzy_role  values (417, 12);
insert into utwory_autorzy_role  values (566, 13);
insert into utwory_autorzy_role  values (730, 3);
insert into utwory_autorzy_role  values (731, 9);
insert into utwory_autorzy_role  values (494, 5);
insert into uzytkownicy (id_uzytkownika, nazwa, email) values (1, 'lleith0', 'meyree0@narod.ru');
insert into uzytkownicy (id_uzytkownika, nazwa, email) values (2, 'rsone1', 'dleggatt1@yahoo.com');
insert into uzytkownicy (id_uzytkownika, nazwa, email) values (3, 'gohenery2', 'smerigon2@cocolog-nifty.com');
insert into uzytkownicy (id_uzytkownika, nazwa, email) values (4, 'pconnealy3', 'spatek3@nydailynews.com');
insert into uzytkownicy (id_uzytkownika, nazwa, email) values (5, 'sshuard4', 'mwaudby4@people.com.cn');
insert into uzytkownicy (id_uzytkownika, nazwa, email) values (6, 'kdumbrall5', 'dlitherborough5@prnewswire.com');
insert into uzytkownicy (id_uzytkownika, nazwa, email) values (7, 'mparkhouse6', 'acastagnet6@gizmodo.com');
insert into uzytkownicy (id_uzytkownika, nazwa, email) values (8, 'dputtergill7', 'pantrag7@about.me');
insert into uzytkownicy (id_uzytkownika, nazwa, email) values (9, 'mpumphrey8', 'ebarrowcliffe8@sohu.com');
insert into uzytkownicy (id_uzytkownika, nazwa, email) values (10, 'nkerner9', 'ssinnett9@bluehost.com');
insert into uzytkownicy (id_uzytkownika, nazwa, email) values (11, 'lskirvena', 'rlumoxa@icq.com');
insert into uzytkownicy (id_uzytkownika, nazwa, email) values (12, 'kandrellib', 'jelderidgeb@wordpress.com');
insert into uzytkownicy (id_uzytkownika, nazwa, email) values (13, 'rdickonsc', 'fivoshinc@home.pl');
insert into uzytkownicy (id_uzytkownika, nazwa, email) values (14, 'ktruterd', 'aheissd@wiley.com');
insert into uzytkownicy (id_uzytkownika, nazwa, email) values (15, 'lhammane', 'spenddrethe@e-recht24.de');
insert into uzytkownicy (id_uzytkownika, nazwa, email) values (16, 'nhayfieldf', 'lkeanef@cmu.edu');
insert into uzytkownicy (id_uzytkownika, nazwa, email) values (17, 'jpesselg', 'mmcliseg@pinterest.com');
insert into uzytkownicy (id_uzytkownika, nazwa, email) values (18, 'cpideonh', 'mwelfairh@miitbeian.gov.cn');
insert into uzytkownicy (id_uzytkownika, nazwa, email) values (19, 'ajentoni', 'fosminti@apache.org');
insert into uzytkownicy (id_uzytkownika, nazwa, email) values (20, 'ctukej', 'rgerreyj@360.cn');
insert into uzytkownicy (id_uzytkownika, nazwa, email) values (21, 'lwhealk', 'smaffeok@facebook.com');
insert into uzytkownicy (id_uzytkownika, nazwa, email) values (22, 'bgwynethl', 'cbaylessl@ibm.com');
insert into uzytkownicy (id_uzytkownika, nazwa, email) values (23, 'grobelm', 'dambrusm@businessweek.com');
insert into uzytkownicy (id_uzytkownika, nazwa, email) values (24, 'etolhurstn', 'achestnuttn@lycos.com');
insert into uzytkownicy (id_uzytkownika, nazwa, email) values (25, 'tespinelo', 'ameiklejohno@posterous.com');
insert into uzytkownicy (id_uzytkownika, nazwa, email) values (26, 'sriggeyp', 'kvannep@ucoz.ru');
insert into uzytkownicy (id_uzytkownika, nazwa, email) values (27, 'edowdeswellq', 'omorradq@marketwatch.com');
insert into uzytkownicy (id_uzytkownika, nazwa, email) values (28, 'tweblingr', 'ljerdanr@scientificamerican.com');
insert into uzytkownicy (id_uzytkownika, nazwa, email) values (29, 'nmermans', 'dsudys@paypal.com');
insert into uzytkownicy (id_uzytkownika, nazwa, email) values (30, 'tweddeburnt', 'ndiruggerot@answers.com');
insert into uzytkownicy (id_uzytkownika, nazwa, email) values (31, 'dbohleru', 'rrambergu@taobao.com');
insert into uzytkownicy (id_uzytkownika, nazwa, email) values (32, 'eatgerv', 'ebertramv@netvibes.com');
insert into uzytkownicy (id_uzytkownika, nazwa, email) values (33, 'ylowdew', 'ahannerw@hibu.com');
insert into uzytkownicy (id_uzytkownika, nazwa, email) values (34, 'hbecarisx', 'kdudgeonx@examiner.com');
insert into uzytkownicy (id_uzytkownika, nazwa, email) values (35, 'cseamarkey', 'gpattersy@nationalgeographic.com');
insert into uzytkownicy (id_uzytkownika, nazwa, email) values (36, 'atwoohyz', 'hrichardesz@pbs.org');
insert into uzytkownicy (id_uzytkownika, nazwa, email) values (37, 'dscouse10', 'mfolds10@wiley.com');
insert into uzytkownicy (id_uzytkownika, nazwa, email) values (38, 'pvanelli11', 'salthorpe11@stumbleupon.com');
insert into uzytkownicy (id_uzytkownika, nazwa, email) values (39, 'jhoudmont12', 'aherrema12@google.com.br');
insert into uzytkownicy (id_uzytkownika, nazwa, email) values (40, 'kberridge13', 'hcurro13@ow.ly');
insert into uzytkownicy (id_uzytkownika, nazwa, email) values (41, 'upopeley14', 'tjenik14@ucoz.ru');
insert into uzytkownicy (id_uzytkownika, nazwa, email) values (42, 'eleyes15', 'pspleving15@aol.com');
insert into uzytkownicy (id_uzytkownika, nazwa, email) values (43, 'wpetrolli16', 'jrathe16@ftc.gov');
insert into uzytkownicy (id_uzytkownika, nazwa, email) values (44, 'lavrahamian17', 'kpobjoy17@walmart.com');
insert into uzytkownicy (id_uzytkownika, nazwa, email) values (45, 'rnorvel18', 'phussell18@live.com');
insert into uzytkownicy (id_uzytkownika, nazwa, email) values (46, 'cmunnion19', 'rflahive19@soundcloud.com');
insert into uzytkownicy (id_uzytkownika, nazwa, email) values (47, 'mlyttle1a', 'ucolclough1a@issuu.com');
insert into uzytkownicy (id_uzytkownika, nazwa, email) values (48, 'acaulliere1b', 'frubenczyk1b@google.de');
insert into uzytkownicy (id_uzytkownika, nazwa, email) values (49, 'ncordey1c', 'jtrebbett1c@uiuc.edu');
insert into uzytkownicy (id_uzytkownika, nazwa, email) values (50, 'mbloxholm1d', 'dharborow1d@bloglines.com');
insert into uzytkownicy (id_uzytkownika, nazwa, email) values (51, 'gnystrom1e', 'flehuquet1e@apple.com');
insert into uzytkownicy (id_uzytkownika, nazwa, email) values (52, 'mmatussow1f', 'scuniam1f@unesco.org');
insert into uzytkownicy (id_uzytkownika, nazwa, email) values (53, 'nrosentholer1g', 'lbetonia1g@prlog.org');
insert into uzytkownicy (id_uzytkownika, nazwa, email) values (54, 'anares1h', 'openhearow1h@cbsnews.com');
insert into uzytkownicy (id_uzytkownika, nazwa, email) values (55, 'dtaysbil1i', 'ystorrar1i@timesonline.co.uk');
insert into uzytkownicy (id_uzytkownika, nazwa, email) values (56, 'tbaldery1j', 'cmckennan1j@mlb.com');
insert into uzytkownicy (id_uzytkownika, nazwa, email) values (57, 'ndrysdell1k', 'achamberlen1k@geocities.com');
insert into uzytkownicy (id_uzytkownika, nazwa, email) values (58, 'pgossop1l', 'mglencros1l@indiatimes.com');
insert into uzytkownicy (id_uzytkownika, nazwa, email) values (59, 'lsapshed1m', 'ddenkel1m@howstuffworks.com');
insert into uzytkownicy (id_uzytkownika, nazwa, email) values (60, 'rgerbel1n', 'jskentelbery1n@edublogs.org');
insert into uzytkownicy (id_uzytkownika, nazwa, email) values (61, 'shollow1o', 'ereynoldson1o@wiley.com');
insert into uzytkownicy (id_uzytkownika, nazwa, email) values (62, 'gbwye1p', 'agibben1p@bravesites.com');
insert into uzytkownicy (id_uzytkownika, nazwa, email) values (63, 'sfrosdick1q', 'dgotmann1q@tripadvisor.com');
insert into uzytkownicy (id_uzytkownika, nazwa, email) values (64, 'ebampkin1r', 'sgoble1r@huffingtonpost.com');
insert into uzytkownicy (id_uzytkownika, nazwa, email) values (65, 'lbleue1s', 'fvanyakin1s@ehow.com');
insert into uzytkownicy (id_uzytkownika, nazwa, email) values (66, 'hbartlomiej1t', 'msymmons1t@tinyurl.com');
insert into uzytkownicy (id_uzytkownika, nazwa, email) values (67, 'mfrancioli1u', 'edobrowolny1u@abc.net.au');
insert into uzytkownicy (id_uzytkownika, nazwa, email) values (68, 'rslafford1v', 'esepey1v@salon.com');
insert into uzytkownicy (id_uzytkownika, nazwa, email) values (69, 'clemar1w', 'gpasek1w@pagesperso-orange.fr');
insert into uzytkownicy (id_uzytkownika, nazwa, email) values (70, 'gayling1x', 'mbickerton1x@cbc.ca');
insert into uzytkownicy (id_uzytkownika, nazwa, email) values (71, 'jdwyer1y', 'sdoget1y@usnews.com');
insert into uzytkownicy (id_uzytkownika, nazwa, email) values (72, 'dpomroy1z', 'lrosettini1z@qq.com');
insert into uzytkownicy (id_uzytkownika, nazwa, email) values (73, 'vwooton20', 'amcnelly20@wikipedia.org');
insert into uzytkownicy (id_uzytkownika, nazwa, email) values (74, 'jadcocks21', 'cpieterick21@aol.com');
insert into uzytkownicy (id_uzytkownika, nazwa, email) values (75, 'ssteiner22', 'achave22@nps.gov');
insert into uzytkownicy (id_uzytkownika, nazwa, email) values (76, 'sringe23', 'hmacgiany23@ca.gov');
insert into uzytkownicy (id_uzytkownika, nazwa, email) values (77, 'bdelacroux24', 'jalibone24@chronoengine.com');
insert into uzytkownicy (id_uzytkownika, nazwa, email) values (78, 'inelthropp25', 'kclears25@cbc.ca');
insert into uzytkownicy (id_uzytkownika, nazwa, email) values (79, 'ecooke26', 'fkenrack26@epa.gov');
insert into uzytkownicy (id_uzytkownika, nazwa, email) values (80, 'mnoir27', 'apadefield27@yelp.com');
insert into uzytkownicy (id_uzytkownika, nazwa, email) values (81, 'dmorit28', 'afitzroy28@eventbrite.com');
insert into uzytkownicy (id_uzytkownika, nazwa, email) values (82, 'ddoerling29', 'hperrigo29@kickstarter.com');
insert into uzytkownicy (id_uzytkownika, nazwa, email) values (83, 'sjanuary2a', 'choldron2a@geocities.com');
insert into uzytkownicy (id_uzytkownika, nazwa, email) values (84, 'blanceley2b', 'gantonov2b@sun.com');
insert into uzytkownicy (id_uzytkownika, nazwa, email) values (85, 'pfarthin2c', 'tlowin2c@unc.edu');
insert into uzytkownicy (id_uzytkownika, nazwa, email) values (86, 'baries2d', 'bdavies2d@ted.com');
insert into uzytkownicy (id_uzytkownika, nazwa, email) values (87, 'wdezamora2e', 'ltift2e@ycombinator.com');
insert into uzytkownicy (id_uzytkownika, nazwa, email) values (88, 'adewen2f', 'llantuffe2f@zdnet.com');
insert into uzytkownicy (id_uzytkownika, nazwa, email) values (89, 'inevinson2g', 'pwilds2g@is.gd');
insert into uzytkownicy (id_uzytkownika, nazwa, email) values (90, 'irraundl2h', 'amarte2h@eepurl.com');
insert into uzytkownicy (id_uzytkownika, nazwa, email) values (91, 'fbellany2i', 'dstilgoe2i@google.co.uk');
insert into uzytkownicy (id_uzytkownika, nazwa, email) values (92, 'gdibb2j', 'kmoroney2j@sbwire.com');
insert into uzytkownicy (id_uzytkownika, nazwa, email) values (93, 'ebream2k', 'ltinker2k@theatlantic.com');
insert into uzytkownicy (id_uzytkownika, nazwa, email) values (94, 'sdenzey2l', 'tmilborn2l@tumblr.com');
insert into uzytkownicy (id_uzytkownika, nazwa, email) values (95, 'gdutt2m', 'smebes2m@creativecommons.org');
insert into uzytkownicy (id_uzytkownika, nazwa, email) values (96, 'gbellord2n', 'drosso2n@marketwatch.com');
insert into uzytkownicy (id_uzytkownika, nazwa, email) values (97, 'ianstead2o', 'jzohrer2o@cbc.ca');
insert into uzytkownicy (id_uzytkownika, nazwa, email) values (98, 'kbannell2p', 'pbeves2p@craigslist.org');
insert into uzytkownicy (id_uzytkownika, nazwa, email) values (99, 'gcruse2q', 'jhegden2q@sciencedaily.com');
insert into uzytkownicy (id_uzytkownika, nazwa, email) values (100, 'cguyan2r', 'caltree2r@liveinternet.ru');
insert into uzytkownicy (id_uzytkownika, nazwa, email) values (101, 'nwoolam2s', 'tbrenard2s@hugedomains.com');
insert into uzytkownicy (id_uzytkownika, nazwa, email) values (102, 'edodsworth2t', 'cventham2t@ocn.ne.jp');
insert into uzytkownicy (id_uzytkownika, nazwa, email) values (103, 'bquaif2u', 'rstrathe2u@state.gov');
insert into uzytkownicy (id_uzytkownika, nazwa, email) values (104, 'edaglish2v', 'jfruchter2v@storify.com');
insert into uzytkownicy (id_uzytkownika, nazwa, email) values (105, 'hhinners2w', 'hlongea2w@nsw.gov.au');
insert into uzytkownicy (id_uzytkownika, nazwa, email) values (106, 'rlefloch2x', 'ktrevallion2x@webnode.com');
insert into uzytkownicy (id_uzytkownika, nazwa, email) values (107, 'duphill2y', 'larminger2y@dell.com');
insert into uzytkownicy (id_uzytkownika, nazwa, email) values (108, 'ccobby2z', 'sassante2z@wordpress.org');
insert into uzytkownicy (id_uzytkownika, nazwa, email) values (109, 'dgrowy30', 'mroderham30@google.ca');
insert into uzytkownicy (id_uzytkownika, nazwa, email) values (110, 'kbrunelli31', 'shedges31@amazon.co.jp');
insert into uzytkownicy (id_uzytkownika, nazwa, email) values (111, 'jwank32', 'sgorse32@discovery.com');
insert into uzytkownicy (id_uzytkownika, nazwa, email) values (112, 'rsimecek33', 'nsentinella33@fc2.com');
insert into uzytkownicy (id_uzytkownika, nazwa, email) values (113, 'jnott34', 'cchappell34@creativecommons.org');
insert into uzytkownicy (id_uzytkownika, nazwa, email) values (114, 'ldavern35', 'mbrusle35@purevolume.com');
insert into uzytkownicy (id_uzytkownika, nazwa, email) values (115, 'mtinham36', 'chymor36@a8.net');
insert into uzytkownicy (id_uzytkownika, nazwa, email) values (116, 'khetterich37', 'rorth37@cnet.com');
insert into uzytkownicy (id_uzytkownika, nazwa, email) values (117, 'lmathy38', 'bbygrave38@sourceforge.net');
insert into uzytkownicy (id_uzytkownika, nazwa, email) values (118, 'kwinny39', 'emccaster39@infoseek.co.jp');
insert into uzytkownicy (id_uzytkownika, nazwa, email) values (119, 'rmabley3a', 'wemblin3a@icq.com');
insert into uzytkownicy (id_uzytkownika, nazwa, email) values (120, 'kelby3b', 'eobert3b@howstuffworks.com');
insert into uzytkownicy (id_uzytkownika, nazwa, email) values (121, 'htrevillion3c', 'kclint3c@sina.com.cn');
insert into uzytkownicy (id_uzytkownika, nazwa, email) values (122, 'jfranschini3d', 'croggeman3d@princeton.edu');
insert into uzytkownicy (id_uzytkownika, nazwa, email) values (123, 'mtireman3e', 'crussan3e@ted.com');
insert into uzytkownicy (id_uzytkownika, nazwa, email) values (124, 'lfourmy3f', 'ngaskoin3f@kickstarter.com');
insert into uzytkownicy (id_uzytkownika, nazwa, email) values (125, 'jstonehouse3g', 'fbrignell3g@bloglovin.com');
insert into uzytkownicy (id_uzytkownika, nazwa, email) values (126, 'abrodnecke3h', 'ghughill3h@latimes.com');
insert into uzytkownicy (id_uzytkownika, nazwa, email) values (127, 'afinlay3i', 'fbuttrick3i@com.com');
insert into uzytkownicy (id_uzytkownika, nazwa, email) values (128, 'bshevlin3j', 'ovanross3j@ning.com');
insert into uzytkownicy (id_uzytkownika, nazwa, email) values (129, 'kkoppe3k', 'nhaglington3k@nih.gov');
insert into uzytkownicy (id_uzytkownika, nazwa, email) values (130, 'wgoodchild3l', 'drobiot3l@cocolog-nifty.com');
insert into uzytkownicy (id_uzytkownika, nazwa, email) values (131, 'cmushett3m', 'lkops3m@tinypic.com');
insert into uzytkownicy (id_uzytkownika, nazwa, email) values (132, 'cmcphee3n', 'scruikshanks3n@photobucket.com');
insert into uzytkownicy (id_uzytkownika, nazwa, email) values (133, 'avasilic3o', 'adoumerc3o@google.com.au');
insert into uzytkownicy (id_uzytkownika, nazwa, email) values (134, 'ehowitt3p', 'nkenn3p@archive.org');
insert into uzytkownicy (id_uzytkownika, nazwa, email) values (135, 'adummett3q', 'jfursey3q@apache.org');
insert into uzytkownicy (id_uzytkownika, nazwa, email) values (136, 'rmcdonagh3r', 'mbarten3r@yellowpages.com');
insert into uzytkownicy (id_uzytkownika, nazwa, email) values (137, 'avansaltsberg3s', 'ewilloughey3s@blogspot.com');
insert into uzytkownicy (id_uzytkownika, nazwa, email) values (138, 'hlowdiane3t', 'mcockett3t@squidoo.com');
insert into uzytkownicy (id_uzytkownika, nazwa, email) values (139, 'mdunkerk3u', 'rhackin3u@bravesites.com');
insert into uzytkownicy (id_uzytkownika, nazwa, email) values (140, 'lhegel3v', 'pblest3v@yelp.com');
insert into uzytkownicy (id_uzytkownika, nazwa, email) values (141, 'wkidgell3w', 'dgolsthorp3w@free.fr');
insert into uzytkownicy (id_uzytkownika, nazwa, email) values (142, 'cbillie3x', 'wcapron3x@europa.eu');
insert into uzytkownicy (id_uzytkownika, nazwa, email) values (143, 'aceschini3y', 'dprovest3y@slate.com');
insert into uzytkownicy (id_uzytkownika, nazwa, email) values (144, 'gperrygo3z', 'dsuggett3z@google.com.hk');
insert into uzytkownicy (id_uzytkownika, nazwa, email) values (145, 'bmadgwick40', 'snend40@e-recht24.de');
insert into uzytkownicy (id_uzytkownika, nazwa, email) values (146, 'cposner41', 'katcock41@cornell.edu');
insert into uzytkownicy (id_uzytkownika, nazwa, email) values (147, 'cgoley42', 'dcrowcombe42@comsenz.com');
insert into uzytkownicy (id_uzytkownika, nazwa, email) values (148, 'bmccowen43', 'vhulland43@artisteer.com');
insert into uzytkownicy (id_uzytkownika, nazwa, email) values (149, 'ayushankin44', 'dchree44@taobao.com');
insert into uzytkownicy (id_uzytkownika, nazwa, email) values (150, 'pmcwhinnie45', 'lbuer45@alexa.com');
insert into uzytkownicy (id_uzytkownika, nazwa, email) values (151, 'shuxstep46', 'cbrake46@samsung.com');
insert into uzytkownicy (id_uzytkownika, nazwa, email) values (152, 'mcraw47', 'bbath47@wp.com');
insert into uzytkownicy (id_uzytkownika, nazwa, email) values (153, 'ltolle48', 'kmitchel48@pen.io');
insert into uzytkownicy (id_uzytkownika, nazwa, email) values (154, 'bossipenko49', 'rshearman49@timesonline.co.uk');
insert into uzytkownicy (id_uzytkownika, nazwa, email) values (155, 'lcobbledick4a', 'cridsdell4a@drupal.org');
insert into uzytkownicy (id_uzytkownika, nazwa, email) values (156, 'jsoffe4b', 'rshakle4b@senate.gov');
insert into uzytkownicy (id_uzytkownika, nazwa, email) values (157, 'acrasswell4c', 'bgomme4c@diigo.com');
insert into uzytkownicy (id_uzytkownika, nazwa, email) values (158, 'mspraging4d', 'hcoiley4d@unc.edu');
insert into uzytkownicy (id_uzytkownika, nazwa, email) values (159, 'cdines4e', 'rknoles4e@shutterfly.com');
insert into uzytkownicy (id_uzytkownika, nazwa, email) values (160, 'ktremberth4f', 'wgrimwade4f@archive.org');
insert into uzytkownicy (id_uzytkownika, nazwa, email) values (161, 'rlithgow4g', 'tlaverick4g@netvibes.com');
insert into uzytkownicy (id_uzytkownika, nazwa, email) values (162, 'gbumphries4h', 'cpaquet4h@ox.ac.uk');
insert into uzytkownicy (id_uzytkownika, nazwa, email) values (163, 'twalder4i', 'dbaraja4i@scientificamerican.com');
insert into uzytkownicy (id_uzytkownika, nazwa, email) values (164, 'dbischof4j', 'lvasyunkin4j@comcast.net');
insert into uzytkownicy (id_uzytkownika, nazwa, email) values (165, 'jbenedek4k', 'lconibear4k@cbslocal.com');
insert into uzytkownicy (id_uzytkownika, nazwa, email) values (166, 'epoff4l', 'gcottisford4l@sohu.com');
insert into uzytkownicy (id_uzytkownika, nazwa, email) values (167, 'atonna4m', 'pmynett4m@theguardian.com');
insert into uzytkownicy (id_uzytkownika, nazwa, email) values (168, 'ibissiker4n', 'odavison4n@google.pl');
insert into uzytkownicy (id_uzytkownika, nazwa, email) values (169, 'sbaudinet4o', 'fwoffenden4o@topsy.com');
insert into uzytkownicy (id_uzytkownika, nazwa, email) values (170, 'pruslinge4p', 'cpreddy4p@oaic.gov.au');
insert into uzytkownicy (id_uzytkownika, nazwa, email) values (171, 'hlabadini4q', 'nnegus4q@gov.uk');
insert into uzytkownicy (id_uzytkownika, nazwa, email) values (172, 'ggladbach4r', 'rcymper4r@dell.com');
insert into uzytkownicy (id_uzytkownika, nazwa, email) values (173, 'sgut4s', 'hlebreton4s@feedburner.com');
insert into uzytkownicy (id_uzytkownika, nazwa, email) values (174, 'mdagger4t', 'jflacke4t@hostgator.com');
insert into uzytkownicy (id_uzytkownika, nazwa, email) values (175, 'pkennet4u', 'cshackel4u@netvibes.com');
insert into uzytkownicy (id_uzytkownika, nazwa, email) values (176, 'gdeantoni4v', 'kedgington4v@tmall.com');
insert into uzytkownicy (id_uzytkownika, nazwa, email) values (177, 'spopham4w', 'rwheelhouse4w@twitter.com');
insert into uzytkownicy (id_uzytkownika, nazwa, email) values (178, 'lseligson4x', 'kmatzel4x@unblog.fr');
insert into uzytkownicy (id_uzytkownika, nazwa, email) values (179, 'bgrix4y', 'atween4y@sina.com.cn');
insert into uzytkownicy (id_uzytkownika, nazwa, email) values (180, 'pkochel4z', 'amachent4z@e-recht24.de');
insert into uzytkownicy (id_uzytkownika, nazwa, email) values (181, 'shobell50', 'eclulee50@cam.ac.uk');
insert into uzytkownicy (id_uzytkownika, nazwa, email) values (182, 'gdaid51', 'tdeuss51@hc360.com');
insert into uzytkownicy (id_uzytkownika, nazwa, email) values (183, 'tdohmann52', 'rroundtree52@dot.gov');
insert into uzytkownicy (id_uzytkownika, nazwa, email) values (184, 'edudmesh53', 'rnoli53@hatena.ne.jp');
insert into uzytkownicy (id_uzytkownika, nazwa, email) values (185, 'dgyford54', 'mburditt54@bloglines.com');
insert into uzytkownicy (id_uzytkownika, nazwa, email) values (186, 'dpickance55', 'palf55@myspace.com');
insert into uzytkownicy (id_uzytkownika, nazwa, email) values (187, 'kpurdey56', 'bknollesgreen56@wp.com');
insert into uzytkownicy (id_uzytkownika, nazwa, email) values (188, 'glawdham57', 'nmeadley57@cafepress.com');
insert into uzytkownicy (id_uzytkownika, nazwa, email) values (189, 'rklaves58', 'wgrinin58@pbs.org');
insert into uzytkownicy (id_uzytkownika, nazwa, email) values (190, 'cstilgoe59', 'dskeermer59@msn.com');
insert into uzytkownicy (id_uzytkownika, nazwa, email) values (191, 'sbroderick5a', 'tjados5a@buzzfeed.com');
insert into uzytkownicy (id_uzytkownika, nazwa, email) values (192, 'aebi5b', 'mgraffham5b@admin.ch');
insert into uzytkownicy (id_uzytkownika, nazwa, email) values (193, 'rtoupe5c', 'grau5c@aol.com');
insert into uzytkownicy (id_uzytkownika, nazwa, email) values (194, 'aapdell5d', 'vcaslett5d@oakley.com');
insert into uzytkownicy (id_uzytkownika, nazwa, email) values (195, 'wwoolaston5e', 'tdraaisma5e@ameblo.jp');
insert into uzytkownicy (id_uzytkownika, nazwa, email) values (196, 'ljansey5f', 'bminker5f@shop-pro.jp');
insert into uzytkownicy (id_uzytkownika, nazwa, email) values (197, 'fdosdill5g', 'btomicki5g@miitbeian.gov.cn');
insert into uzytkownicy (id_uzytkownika, nazwa, email) values (198, 'ivodden5h', 'lkrysiak5h@cnn.com');
insert into uzytkownicy (id_uzytkownika, nazwa, email) values (199, 'rlys5i', 'lpackwood5i@mozilla.org');
insert into uzytkownicy (id_uzytkownika, nazwa, email) values (200, 'ndonovin5j', 'ddruitt5j@elpais.com');
insert into uzytkownicy (id_uzytkownika, nazwa, email) values (201, 'lcheasman5k', 'opoley5k@desdev.cn');
insert into uzytkownicy (id_uzytkownika, nazwa, email) values (202, 'bgrief5l', 'ngobel5l@cnbc.com');
insert into uzytkownicy (id_uzytkownika, nazwa, email) values (203, 'dmacritchie5m', 'ikermon5m@ameblo.jp');
insert into uzytkownicy (id_uzytkownika, nazwa, email) values (204, 'ddiggles5n', 'mpriestner5n@github.com');
insert into uzytkownicy (id_uzytkownika, nazwa, email) values (205, 'dnaptine5o', 'mmewett5o@msu.edu');
insert into uzytkownicy (id_uzytkownika, nazwa, email) values (206, 'tmattiacci5p', 'ljoule5p@drupal.org');
insert into uzytkownicy (id_uzytkownika, nazwa, email) values (207, 'cboshere5q', 'kdrover5q@fc2.com');
insert into uzytkownicy (id_uzytkownika, nazwa, email) values (208, 'arykert5r', 'cdartnell5r@webs.com');
insert into uzytkownicy (id_uzytkownika, nazwa, email) values (209, 'htelling5s', 'cfitzjohn5s@freewebs.com');
insert into uzytkownicy (id_uzytkownika, nazwa, email) values (210, 'rtorrecilla5t', 'tpearde5t@irs.gov');
insert into uzytkownicy (id_uzytkownika, nazwa, email) values (211, 'gcaramuscia5u', 'ssebley5u@arizona.edu');
insert into uzytkownicy (id_uzytkownika, nazwa, email) values (212, 'avearnals5v', 'bhutley5v@apple.com');
insert into uzytkownicy (id_uzytkownika, nazwa, email) values (213, 'tbustard5w', 'lgoney5w@odnoklassniki.ru');
insert into uzytkownicy (id_uzytkownika, nazwa, email) values (214, 'rdillintone5x', 'smcmahon5x@nps.gov');
insert into uzytkownicy (id_uzytkownika, nazwa, email) values (215, 'dianson5y', 'fnunan5y@freewebs.com');
insert into uzytkownicy (id_uzytkownika, nazwa, email) values (216, 'mbarkhouse5z', 'lmarvel5z@bravesites.com');
insert into uzytkownicy (id_uzytkownika, nazwa, email) values (217, 'cjowett60', 'sfrowen60@issuu.com');
insert into uzytkownicy (id_uzytkownika, nazwa, email) values (218, 'knitti61', 'thampstead61@answers.com');
insert into uzytkownicy (id_uzytkownika, nazwa, email) values (219, 'cridwood62', 'tsinderland62@yahoo.co.jp');
insert into uzytkownicy (id_uzytkownika, nazwa, email) values (220, 'jbenazet63', 'gklagge63@storify.com');
insert into uzytkownicy (id_uzytkownika, nazwa, email) values (221, 'bbilsborrow64', 'rsmiz64@amazonaws.com');
insert into uzytkownicy (id_uzytkownika, nazwa, email) values (222, 'dsiddens65', 'gteare65@unblog.fr');
insert into uzytkownicy (id_uzytkownika, nazwa, email) values (223, 'rkornes66', 'wkirsch66@webnode.com');
insert into uzytkownicy (id_uzytkownika, nazwa, email) values (224, 'ehollyard67', 'bchase67@people.com.cn');
insert into uzytkownicy (id_uzytkownika, nazwa, email) values (225, 'biacopo68', 'nscarasbrick68@bandcamp.com');
insert into uzytkownicy (id_uzytkownika, nazwa, email) values (226, 'wflippen69', 'sfritchley69@mashable.com');
insert into uzytkownicy (id_uzytkownika, nazwa, email) values (227, 'fkilford6a', 'mjakubowsky6a@mit.edu');
insert into uzytkownicy (id_uzytkownika, nazwa, email) values (228, 'sclayhill6b', 'rkops6b@statcounter.com');
insert into uzytkownicy (id_uzytkownika, nazwa, email) values (229, 'mackerman6c', 'godooley6c@furl.net');
insert into uzytkownicy (id_uzytkownika, nazwa, email) values (230, 'sdunseath6d', 'judden6d@jalbum.net');
insert into uzytkownicy (id_uzytkownika, nazwa, email) values (231, 'zvicker6e', 'fcollinette6e@newyorker.com');
insert into uzytkownicy (id_uzytkownika, nazwa, email) values (232, 'aneising6f', 'nburnup6f@istockphoto.com');
insert into uzytkownicy (id_uzytkownika, nazwa, email) values (233, 'ajanda6g', 'lfilimore6g@xinhuanet.com');
insert into uzytkownicy (id_uzytkownika, nazwa, email) values (234, 'cgrout6h', 'ewillmett6h@sphinn.com');
insert into uzytkownicy (id_uzytkownika, nazwa, email) values (235, 'emaseyk6i', 'lbottoner6i@nifty.com');
insert into uzytkownicy (id_uzytkownika, nazwa, email) values (236, 'bscholz6j', 'bpentycost6j@house.gov');
insert into uzytkownicy (id_uzytkownika, nazwa, email) values (237, 'slander6k', 'emeyrick6k@jalbum.net');
insert into uzytkownicy (id_uzytkownika, nazwa, email) values (238, 'jsager6l', 'bmasselin6l@guardian.co.uk');
insert into uzytkownicy (id_uzytkownika, nazwa, email) values (239, 'deisak6m', 'tmackim6m@cbc.ca');
insert into uzytkownicy (id_uzytkownika, nazwa, email) values (240, 'twillshear6n', 'dwoodburn6n@storify.com');
insert into uzytkownicy (id_uzytkownika, nazwa, email) values (241, 'efairlie6o', 'esparshett6o@google.co.uk');
insert into uzytkownicy (id_uzytkownika, nazwa, email) values (242, 'nhasloch6p', 'astenners6p@imgur.com');
insert into uzytkownicy (id_uzytkownika, nazwa, email) values (243, 'ltrask6q', 'dbayne6q@irs.gov');
insert into uzytkownicy (id_uzytkownika, nazwa, email) values (244, 'aridsdole6r', 'rcongreve6r@chronoengine.com');
insert into uzytkownicy (id_uzytkownika, nazwa, email) values (245, 'ltuminini6s', 'mharp6s@123-reg.co.uk');
insert into uzytkownicy (id_uzytkownika, nazwa, email) values (246, 'sbrendish6t', 'dkinchlea6t@mlb.com');
insert into uzytkownicy (id_uzytkownika, nazwa, email) values (247, 'nsautter6u', 'obernardeschi6u@gmpg.org');
insert into uzytkownicy (id_uzytkownika, nazwa, email) values (248, 'streweke6v', 'fcordner6v@nps.gov');
insert into uzytkownicy (id_uzytkownika, nazwa, email) values (249, 'mevins6w', 'kciccotto6w@unesco.org');
insert into uzytkownicy (id_uzytkownika, nazwa, email) values (250, 'ajakolevitch6x', 'teagling6x@dmoz.org');
insert into uzytkownicy (id_uzytkownika, nazwa, email) values (251, 'oantoinet6y', 'ehefford6y@sbwire.com');
insert into uzytkownicy (id_uzytkownika, nazwa, email) values (252, 'dlent6z', 'jjuszczak6z@umn.edu');
insert into uzytkownicy (id_uzytkownika, nazwa, email) values (253, 'halman70', 'astorres70@i2i.jp');
insert into uzytkownicy (id_uzytkownika, nazwa, email) values (254, 'yphilippson71', 'fpasque71@senate.gov');
insert into uzytkownicy (id_uzytkownika, nazwa, email) values (255, 'hprazer72', 'akobpal72@etsy.com');
insert into uzytkownicy (id_uzytkownika, nazwa, email) values (256, 'vlippiett73', 'azecchii73@sohu.com');
insert into uzytkownicy (id_uzytkownika, nazwa, email) values (257, 'hlauxmann74', 'chardaway74@lulu.com');
insert into uzytkownicy (id_uzytkownika, nazwa, email) values (258, 'mscrivner75', 'nandersson75@facebook.com');
insert into uzytkownicy (id_uzytkownika, nazwa, email) values (259, 'hhilhouse76', 'ffrohock76@msn.com');
insert into uzytkownicy (id_uzytkownika, nazwa, email) values (260, 'eschultheiss77', 'rmccuffie77@redcross.org');
insert into uzytkownicy (id_uzytkownika, nazwa, email) values (261, 'eszwandt78', 'lcasado78@seesaa.net');
insert into uzytkownicy (id_uzytkownika, nazwa, email) values (262, 'dgaul79', 'tstook79@marketwatch.com');
insert into uzytkownicy (id_uzytkownika, nazwa, email) values (263, 'oartinstall7a', 'aschafer7a@slashdot.org');
insert into uzytkownicy (id_uzytkownika, nazwa, email) values (264, 'gayers7b', 'dhakonsen7b@craigslist.org');
insert into uzytkownicy (id_uzytkownika, nazwa, email) values (265, 'sgleeson7c', 'gpennicott7c@google.fr');
insert into uzytkownicy (id_uzytkownika, nazwa, email) values (266, 'mcremen7d', 'htrousdell7d@google.com.au');
insert into uzytkownicy (id_uzytkownika, nazwa, email) values (267, 'glarcier7e', 'dbirdsall7e@blogs.com');
insert into uzytkownicy (id_uzytkownika, nazwa, email) values (268, 'dbooty7f', 'edomico7f@uiuc.edu');
insert into uzytkownicy (id_uzytkownika, nazwa, email) values (269, 'lchapelle7g', 'zcettell7g@acquirethisname.com');
insert into uzytkownicy (id_uzytkownika, nazwa, email) values (270, 'ftrahair7h', 'gtwell7h@miibeian.gov.cn');
insert into uzytkownicy (id_uzytkownika, nazwa, email) values (271, 'ncamosso7i', 'rseid7i@webnode.com');
insert into uzytkownicy (id_uzytkownika, nazwa, email) values (272, 'eabendroth7j', 'sbooty7j@usda.gov');
insert into uzytkownicy (id_uzytkownika, nazwa, email) values (273, 'ibovaird7k', 'zmacrory7k@mlb.com');
insert into uzytkownicy (id_uzytkownika, nazwa, email) values (274, 'hrigardeau7l', 'emulhill7l@soup.io');
insert into uzytkownicy (id_uzytkownika, nazwa, email) values (275, 'mzappel7m', 'cvater7m@google.es');
insert into uzytkownicy (id_uzytkownika, nazwa, email) values (276, 'vphinnis7n', 'mmaudson7n@ovh.net');
insert into uzytkownicy (id_uzytkownika, nazwa, email) values (277, 'btorfin7o', 'kpolkinhorn7o@bloglines.com');
insert into uzytkownicy (id_uzytkownika, nazwa, email) values (278, 'gbleier7p', 'jcheater7p@exblog.jp');
insert into uzytkownicy (id_uzytkownika, nazwa, email) values (279, 'vleleu7q', 'lklezmski7q@amazon.com');
insert into uzytkownicy (id_uzytkownika, nazwa, email) values (280, 'tpenrose7r', 'pyukhnevich7r@theguardian.com');
insert into uzytkownicy (id_uzytkownika, nazwa, email) values (281, 'balleburton7s', 'tfewster7s@webnode.com');
insert into uzytkownicy (id_uzytkownika, nazwa, email) values (282, 'fjirousek7t', 'bmichell7t@friendfeed.com');
insert into uzytkownicy (id_uzytkownika, nazwa, email) values (283, 'abonefant7u', 'bfranceschielli7u@nytimes.com');
insert into uzytkownicy (id_uzytkownika, nazwa, email) values (284, 'mlockner7v', 'baitkin7v@mapy.cz');
insert into uzytkownicy (id_uzytkownika, nazwa, email) values (285, 'srivallant7w', 'tlownsbrough7w@slideshare.net');
insert into uzytkownicy (id_uzytkownika, nazwa, email) values (286, 'asadler7x', 'rrentalll7x@paginegialle.it');
insert into uzytkownicy (id_uzytkownika, nazwa, email) values (287, 'clamonby7y', 'rpiche7y@state.tx.us');
insert into uzytkownicy (id_uzytkownika, nazwa, email) values (288, 'rtattersfield7z', 'molivello7z@usda.gov');
insert into uzytkownicy (id_uzytkownika, nazwa, email) values (289, 'mclipsham80', 'sridge80@yelp.com');
insert into uzytkownicy (id_uzytkownika, nazwa, email) values (290, 'bpeplaw81', 'rtoft81@nydailynews.com');
insert into uzytkownicy (id_uzytkownika, nazwa, email) values (291, 'achambers82', 'iburlingham82@deviantart.com');
insert into uzytkownicy (id_uzytkownika, nazwa, email) values (292, 'dwatkiss83', 'kmortel83@smugmug.com');
insert into uzytkownicy (id_uzytkownika, nazwa, email) values (293, 'bcufley84', 'tgowing84@ox.ac.uk');
insert into uzytkownicy (id_uzytkownika, nazwa, email) values (294, 'sleate85', 'nevill85@army.mil');
insert into uzytkownicy (id_uzytkownika, nazwa, email) values (295, 'ghexum86', 'kmcloughlin86@hhs.gov');
insert into uzytkownicy (id_uzytkownika, nazwa, email) values (296, 'ftremmil87', 'fmcpartlin87@amazon.co.uk');
insert into uzytkownicy (id_uzytkownika, nazwa, email) values (297, 'jsimner88', 'tedmondson88@hubpages.com');
insert into uzytkownicy (id_uzytkownika, nazwa, email) values (298, 'kwaite89', 'mrainsdon89@quantcast.com');
insert into uzytkownicy (id_uzytkownika, nazwa, email) values (299, 'barguile8a', 'emanicomb8a@photobucket.com');
insert into uzytkownicy (id_uzytkownika, nazwa, email) values (300, 'aricciardo8b', 'lnaper8b@si.edu');
insert into obserwujacy (id_obserwujacego, id_obserwowanego) values (34, 110);
insert into obserwujacy (id_obserwujacego, id_obserwowanego) values (13, 45);
insert into obserwujacy (id_obserwujacego, id_obserwowanego) values (186, 84);
insert into obserwujacy (id_obserwujacego, id_obserwowanego) values (138, 101);
insert into obserwujacy (id_obserwujacego, id_obserwowanego) values (199, 143);
insert into obserwujacy (id_obserwujacego, id_obserwowanego) values (120, 49);
insert into obserwujacy (id_obserwujacego, id_obserwowanego) values (154, 48);
insert into obserwujacy (id_obserwujacego, id_obserwowanego) values (91, 251);
insert into obserwujacy (id_obserwujacego, id_obserwowanego) values (294, 201);
insert into obserwujacy (id_obserwujacego, id_obserwowanego) values (261, 260);
insert into obserwujacy (id_obserwujacego, id_obserwowanego) values (75, 193);
insert into obserwujacy (id_obserwujacego, id_obserwowanego) values (103, 48);
insert into obserwujacy (id_obserwujacego, id_obserwowanego) values (25, 178);
insert into obserwujacy (id_obserwujacego, id_obserwowanego) values (165, 125);
insert into obserwujacy (id_obserwujacego, id_obserwowanego) values (17, 187);
insert into obserwujacy (id_obserwujacego, id_obserwowanego) values (39, 268);
insert into obserwujacy (id_obserwujacego, id_obserwowanego) values (54, 22);
insert into obserwujacy (id_obserwujacego, id_obserwowanego) values (27, 117);
insert into obserwujacy (id_obserwujacego, id_obserwowanego) values (147, 12);
insert into obserwujacy (id_obserwujacego, id_obserwowanego) values (30, 161);
insert into obserwujacy (id_obserwujacego, id_obserwowanego) values (105, 113);
insert into obserwujacy (id_obserwujacego, id_obserwowanego) values (285, 104);
insert into obserwujacy (id_obserwujacego, id_obserwowanego) values (274, 153);
insert into obserwujacy (id_obserwujacego, id_obserwowanego) values (126, 64);
insert into obserwujacy (id_obserwujacego, id_obserwowanego) values (280, 83);
insert into obserwujacy (id_obserwujacego, id_obserwowanego) values (221, 32);
insert into obserwujacy (id_obserwujacego, id_obserwowanego) values (47, 146);
insert into obserwujacy (id_obserwujacego, id_obserwowanego) values (252, 260);
insert into obserwujacy (id_obserwujacego, id_obserwowanego) values (271, 26);
insert into obserwujacy (id_obserwujacego, id_obserwowanego) values (262, 221);
insert into obserwujacy (id_obserwujacego, id_obserwowanego) values (135, 13);
insert into obserwujacy (id_obserwujacego, id_obserwowanego) values (157, 223);
insert into obserwujacy (id_obserwujacego, id_obserwowanego) values (243, 68);
insert into obserwujacy (id_obserwujacego, id_obserwowanego) values (280, 147);
insert into obserwujacy (id_obserwujacego, id_obserwowanego) values (66, 6);
insert into obserwujacy (id_obserwujacego, id_obserwowanego) values (216, 88);
insert into obserwujacy (id_obserwujacego, id_obserwowanego) values (101, 287);
insert into obserwujacy (id_obserwujacego, id_obserwowanego) values (78, 63);
insert into obserwujacy (id_obserwujacego, id_obserwowanego) values (66, 135);
insert into obserwujacy (id_obserwujacego, id_obserwowanego) values (137, 142);
insert into obserwujacy (id_obserwujacego, id_obserwowanego) values (3, 166);
insert into obserwujacy (id_obserwujacego, id_obserwowanego) values (147, 121);
insert into obserwujacy (id_obserwujacego, id_obserwowanego) values (227, 74);
insert into obserwujacy (id_obserwujacego, id_obserwowanego) values (122, 28);
insert into obserwujacy (id_obserwujacego, id_obserwowanego) values (68, 108);
insert into obserwujacy (id_obserwujacego, id_obserwowanego) values (279, 251);
insert into obserwujacy (id_obserwujacego, id_obserwowanego) values (201, 240);
insert into obserwujacy (id_obserwujacego, id_obserwowanego) values (125, 234);
insert into obserwujacy (id_obserwujacego, id_obserwowanego) values (294, 146);
insert into obserwujacy (id_obserwujacego, id_obserwowanego) values (49, 52);
insert into obserwujacy (id_obserwujacego, id_obserwowanego) values (281, 18);
insert into obserwujacy (id_obserwujacego, id_obserwowanego) values (149, 278);
insert into obserwujacy (id_obserwujacego, id_obserwowanego) values (249, 226);
insert into obserwujacy (id_obserwujacego, id_obserwowanego) values (86, 156);
insert into obserwujacy (id_obserwujacego, id_obserwowanego) values (171, 47);
insert into obserwujacy (id_obserwujacego, id_obserwowanego) values (16, 272);
insert into obserwujacy (id_obserwujacego, id_obserwowanego) values (270, 129);
insert into obserwujacy (id_obserwujacego, id_obserwowanego) values (10, 5);
insert into obserwujacy (id_obserwujacego, id_obserwowanego) values (158, 22);
insert into obserwujacy (id_obserwujacego, id_obserwowanego) values (155, 72);
insert into obserwujacy (id_obserwujacego, id_obserwowanego) values (266, 190);
insert into obserwujacy (id_obserwujacego, id_obserwowanego) values (21, 273);
insert into obserwujacy (id_obserwujacego, id_obserwowanego) values (260, 23);
insert into obserwujacy (id_obserwujacego, id_obserwowanego) values (225, 51);
insert into obserwujacy (id_obserwujacego, id_obserwowanego) values (221, 130);
insert into obserwujacy (id_obserwujacego, id_obserwowanego) values (106, 229);
insert into obserwujacy (id_obserwujacego, id_obserwowanego) values (87, 72);
insert into obserwujacy (id_obserwujacego, id_obserwowanego) values (43, 174);
insert into obserwujacy (id_obserwujacego, id_obserwowanego) values (250, 206);
insert into obserwujacy (id_obserwujacego, id_obserwowanego) values (157, 64);
insert into obserwujacy (id_obserwujacego, id_obserwowanego) values (300, 111);
insert into obserwujacy (id_obserwujacego, id_obserwowanego) values (138, 55);
insert into obserwujacy (id_obserwujacego, id_obserwowanego) values (256, 282);
insert into obserwujacy (id_obserwujacego, id_obserwowanego) values (292, 108);
insert into obserwujacy (id_obserwujacego, id_obserwowanego) values (96, 206);
insert into obserwujacy (id_obserwujacego, id_obserwowanego) values (171, 55);
insert into obserwujacy (id_obserwujacego, id_obserwowanego) values (5, 155);
insert into obserwujacy (id_obserwujacego, id_obserwowanego) values (22, 279);
insert into obserwujacy (id_obserwujacego, id_obserwowanego) values (93, 101);
insert into obserwujacy (id_obserwujacego, id_obserwowanego) values (130, 161);
insert into obserwujacy (id_obserwujacego, id_obserwowanego) values (279, 73);
insert into obserwujacy (id_obserwujacego, id_obserwowanego) values (52, 113);
insert into obserwujacy (id_obserwujacego, id_obserwowanego) values (162, 261);
insert into obserwujacy (id_obserwujacego, id_obserwowanego) values (137, 32);
insert into obserwujacy (id_obserwujacego, id_obserwowanego) values (84, 144);
insert into obserwujacy (id_obserwujacego, id_obserwowanego) values (131, 60);
insert into obserwujacy (id_obserwujacego, id_obserwowanego) values (67, 53);
insert into obserwujacy (id_obserwujacego, id_obserwowanego) values (283, 75);
insert into obserwujacy (id_obserwujacego, id_obserwowanego) values (131, 210);
insert into obserwujacy (id_obserwujacego, id_obserwowanego) values (211, 183);
insert into obserwujacy (id_obserwujacego, id_obserwowanego) values (148, 50);
insert into obserwujacy (id_obserwujacego, id_obserwowanego) values (281, 11);
insert into obserwujacy (id_obserwujacego, id_obserwowanego) values (25, 291);
insert into obserwujacy (id_obserwujacego, id_obserwowanego) values (31, 24);
insert into obserwujacy (id_obserwujacego, id_obserwowanego) values (276, 289);
insert into obserwujacy (id_obserwujacego, id_obserwowanego) values (208, 149);
insert into obserwujacy (id_obserwujacego, id_obserwowanego) values (205, 185);
insert into obserwujacy (id_obserwujacego, id_obserwowanego) values (262, 116);
insert into obserwujacy (id_obserwujacego, id_obserwowanego) values (300, 211);
insert into obserwujacy (id_obserwujacego, id_obserwowanego) values (180, 18);
insert into obserwujacy (id_obserwujacego, id_obserwowanego) values (124, 274);
insert into obserwujacy (id_obserwujacego, id_obserwowanego) values (277, 200);
insert into obserwujacy (id_obserwujacego, id_obserwowanego) values (258, 77);
insert into obserwujacy (id_obserwujacego, id_obserwowanego) values (135, 236);
insert into obserwujacy (id_obserwujacego, id_obserwowanego) values (100, 152);
insert into obserwujacy (id_obserwujacego, id_obserwowanego) values (19, 98);
insert into obserwujacy (id_obserwujacego, id_obserwowanego) values (207, 157);
insert into obserwujacy (id_obserwujacego, id_obserwowanego) values (3, 218);
insert into obserwujacy (id_obserwujacego, id_obserwowanego) values (199, 42);
insert into obserwujacy (id_obserwujacego, id_obserwowanego) values (66, 171);
insert into obserwujacy (id_obserwujacego, id_obserwowanego) values (83, 157);
insert into obserwujacy (id_obserwujacego, id_obserwowanego) values (248, 244);
insert into obserwujacy (id_obserwujacego, id_obserwowanego) values (259, 156);
insert into obserwujacy (id_obserwujacego, id_obserwowanego) values (167, 40);
insert into obserwujacy (id_obserwujacego, id_obserwowanego) values (67, 174);
insert into obserwujacy (id_obserwujacego, id_obserwowanego) values (137, 35);
insert into obserwujacy (id_obserwujacego, id_obserwowanego) values (18, 180);
insert into obserwujacy (id_obserwujacego, id_obserwowanego) values (151, 167);
insert into obserwujacy (id_obserwujacego, id_obserwowanego) values (222, 169);
insert into obserwujacy (id_obserwujacego, id_obserwowanego) values (245, 190);
insert into obserwujacy (id_obserwujacego, id_obserwowanego) values (103, 154);
insert into obserwujacy (id_obserwujacego, id_obserwowanego) values (218, 183);
insert into obserwujacy (id_obserwujacego, id_obserwowanego) values (76, 147);
insert into obserwujacy (id_obserwujacego, id_obserwowanego) values (147, 284);
insert into obserwujacy (id_obserwujacego, id_obserwowanego) values (300, 179);
insert into obserwujacy (id_obserwujacego, id_obserwowanego) values (214, 197);
insert into obserwujacy (id_obserwujacego, id_obserwowanego) values (126, 15);
insert into obserwujacy (id_obserwujacego, id_obserwowanego) values (103, 175);
insert into obserwujacy (id_obserwujacego, id_obserwowanego) values (287, 270);
insert into obserwujacy (id_obserwujacego, id_obserwowanego) values (237, 295);
insert into obserwujacy (id_obserwujacego, id_obserwowanego) values (229, 3);
insert into obserwujacy (id_obserwujacego, id_obserwowanego) values (287, 135);
insert into obserwujacy (id_obserwujacego, id_obserwowanego) values (156, 117);
insert into obserwujacy (id_obserwujacego, id_obserwowanego) values (70, 128);
insert into obserwujacy (id_obserwujacego, id_obserwowanego) values (115, 44);
insert into obserwujacy (id_obserwujacego, id_obserwowanego) values (284, 84);
insert into obserwujacy (id_obserwujacego, id_obserwowanego) values (167, 250);
insert into obserwujacy (id_obserwujacego, id_obserwowanego) values (169, 148);
insert into obserwujacy (id_obserwujacego, id_obserwowanego) values (157, 264);
insert into obserwujacy (id_obserwujacego, id_obserwowanego) values (34, 171);
insert into obserwujacy (id_obserwujacego, id_obserwowanego) values (126, 98);
insert into obserwujacy (id_obserwujacego, id_obserwowanego) values (256, 264);
insert into obserwujacy (id_obserwujacego, id_obserwowanego) values (71, 264);
insert into obserwujacy (id_obserwujacego, id_obserwowanego) values (184, 217);
insert into obserwujacy (id_obserwujacego, id_obserwowanego) values (163, 244);
insert into obserwujacy (id_obserwujacego, id_obserwowanego) values (6, 111);
insert into obserwujacy (id_obserwujacego, id_obserwowanego) values (295, 279);
insert into obserwujacy (id_obserwujacego, id_obserwowanego) values (169, 264);
insert into obserwujacy (id_obserwujacego, id_obserwowanego) values (204, 284);
insert into obserwujacy (id_obserwujacego, id_obserwowanego) values (156, 165);
insert into obserwujacy (id_obserwujacego, id_obserwowanego) values (87, 105);
insert into obserwujacy (id_obserwujacego, id_obserwowanego) values (219, 215);
insert into obserwujacy (id_obserwujacego, id_obserwowanego) values (186, 81);
insert into obserwujacy (id_obserwujacego, id_obserwowanego) values (246, 25);
insert into obserwujacy (id_obserwujacego, id_obserwowanego) values (89, 118);
insert into obserwujacy (id_obserwujacego, id_obserwowanego) values (24, 128);
insert into obserwujacy (id_obserwujacego, id_obserwowanego) values (233, 43);
insert into obserwujacy (id_obserwujacego, id_obserwowanego) values (57, 177);
insert into obserwujacy (id_obserwujacego, id_obserwowanego) values (7, 268);
insert into obserwujacy (id_obserwujacego, id_obserwowanego) values (283, 103);
insert into obserwujacy (id_obserwujacego, id_obserwowanego) values (133, 106);
insert into obserwujacy (id_obserwujacego, id_obserwowanego) values (189, 65);
insert into obserwujacy (id_obserwujacego, id_obserwowanego) values (94, 102);
insert into obserwujacy (id_obserwujacego, id_obserwowanego) values (88, 244);
insert into obserwujacy (id_obserwujacego, id_obserwowanego) values (126, 88);
insert into obserwujacy (id_obserwujacego, id_obserwowanego) values (40, 25);
insert into obserwujacy (id_obserwujacego, id_obserwowanego) values (276, 50);
insert into obserwujacy (id_obserwujacego, id_obserwowanego) values (108, 125);
insert into obserwujacy (id_obserwujacego, id_obserwowanego) values (192, 262);
insert into obserwujacy (id_obserwujacego, id_obserwowanego) values (28, 268);
insert into obserwujacy (id_obserwujacego, id_obserwowanego) values (298, 125);
insert into obserwujacy (id_obserwujacego, id_obserwowanego) values (239, 29);
insert into obserwujacy (id_obserwujacego, id_obserwowanego) values (61, 86);
insert into obserwujacy (id_obserwujacego, id_obserwowanego) values (147, 149);
insert into obserwujacy (id_obserwujacego, id_obserwowanego) values (153, 90);
insert into obserwujacy (id_obserwujacego, id_obserwowanego) values (11, 113);
insert into obserwujacy (id_obserwujacego, id_obserwowanego) values (11, 240);
insert into obserwujacy (id_obserwujacego, id_obserwowanego) values (74, 107);
insert into obserwujacy (id_obserwujacego, id_obserwowanego) values (239, 116);
insert into obserwujacy (id_obserwujacego, id_obserwowanego) values (105, 203);
insert into obserwujacy (id_obserwujacego, id_obserwowanego) values (251, 298);
insert into obserwujacy (id_obserwujacego, id_obserwowanego) values (1, 16);
insert into obserwujacy (id_obserwujacego, id_obserwowanego) values (197, 190);
insert into obserwujacy (id_obserwujacego, id_obserwowanego) values (203, 98);
insert into obserwujacy (id_obserwujacego, id_obserwowanego) values (48, 26);
insert into obserwujacy (id_obserwujacego, id_obserwowanego) values (292, 171);
insert into obserwujacy (id_obserwujacego, id_obserwowanego) values (230, 8);
insert into obserwujacy (id_obserwujacego, id_obserwowanego) values (209, 26);
insert into obserwujacy (id_obserwujacego, id_obserwowanego) values (106, 139);
insert into obserwujacy (id_obserwujacego, id_obserwowanego) values (295, 19);
insert into obserwujacy (id_obserwujacego, id_obserwowanego) values (229, 218);
insert into obserwujacy (id_obserwujacego, id_obserwowanego) values (277, 158);
insert into obserwujacy (id_obserwujacego, id_obserwowanego) values (276, 132);
insert into obserwujacy (id_obserwujacego, id_obserwowanego) values (129, 28);
insert into obserwujacy (id_obserwujacego, id_obserwowanego) values (223, 292);
insert into obserwujacy (id_obserwujacego, id_obserwowanego) values (118, 43);
insert into obserwujacy (id_obserwujacego, id_obserwowanego) values (115, 199);
insert into obserwujacy (id_obserwujacego, id_obserwowanego) values (108, 88);
insert into obserwujacy (id_obserwujacego, id_obserwowanego) values (248, 136);
insert into obserwujacy (id_obserwujacego, id_obserwowanego) values (186, 221);
insert into obserwujacy (id_obserwujacego, id_obserwowanego) values (56, 61);
insert into obserwujacy (id_obserwujacego, id_obserwowanego) values (78, 210);
insert into obserwujacy (id_obserwujacego, id_obserwowanego) values (245, 293);
insert into obserwujacy (id_obserwujacego, id_obserwowanego) values (89, 161);
insert into obserwujacy (id_obserwujacego, id_obserwowanego) values (282, 112);
insert into obserwujacy (id_obserwujacego, id_obserwowanego) values (295, 141);
insert into obserwujacy (id_obserwujacego, id_obserwowanego) values (211, 254);
insert into obserwujacy (id_obserwujacego, id_obserwowanego) values (215, 292);
insert into obserwujacy (id_obserwujacego, id_obserwowanego) values (103, 109);
insert into obserwujacy (id_obserwujacego, id_obserwowanego) values (151, 134);
insert into obserwujacy (id_obserwujacego, id_obserwowanego) values (161, 187);
insert into obserwujacy (id_obserwujacego, id_obserwowanego) values (221, 103);
insert into obserwujacy (id_obserwujacego, id_obserwowanego) values (148, 257);
insert into obserwujacy (id_obserwujacego, id_obserwowanego) values (171, 238);
insert into obserwujacy (id_obserwujacego, id_obserwowanego) values (208, 4);
insert into obserwujacy (id_obserwujacego, id_obserwowanego) values (92, 96);
insert into obserwujacy (id_obserwujacego, id_obserwowanego) values (155, 130);
insert into obserwujacy (id_obserwujacego, id_obserwowanego) values (291, 164);
insert into obserwujacy (id_obserwujacego, id_obserwowanego) values (67, 68);
insert into obserwujacy (id_obserwujacego, id_obserwowanego) values (28, 244);
insert into obserwujacy (id_obserwujacego, id_obserwowanego) values (128, 56);
insert into obserwujacy (id_obserwujacego, id_obserwowanego) values (234, 121);
insert into obserwujacy (id_obserwujacego, id_obserwowanego) values (6, 230);
insert into obserwujacy (id_obserwujacego, id_obserwowanego) values (190, 178);
insert into obserwujacy (id_obserwujacego, id_obserwowanego) values (68, 238);
insert into obserwujacy (id_obserwujacego, id_obserwowanego) values (112, 267);
insert into obserwujacy (id_obserwujacego, id_obserwowanego) values (122, 68);
insert into obserwujacy (id_obserwujacego, id_obserwowanego) values (181, 93);
insert into obserwujacy (id_obserwujacego, id_obserwowanego) values (167, 67);
insert into obserwujacy (id_obserwujacego, id_obserwowanego) values (159, 157);
insert into obserwujacy (id_obserwujacego, id_obserwowanego) values (170, 209);
insert into obserwujacy (id_obserwujacego, id_obserwowanego) values (87, 263);
insert into obserwujacy (id_obserwujacego, id_obserwowanego) values (271, 189);
insert into obserwujacy (id_obserwujacego, id_obserwowanego) values (214, 114);
insert into obserwujacy (id_obserwujacego, id_obserwowanego) values (249, 287);
insert into obserwujacy (id_obserwujacego, id_obserwowanego) values (89, 4);
insert into obserwujacy (id_obserwujacego, id_obserwowanego) values (6, 3);
insert into obserwujacy (id_obserwujacego, id_obserwowanego) values (264, 184);
insert into obserwujacy (id_obserwujacego, id_obserwowanego) values (136, 209);
insert into obserwujacy (id_obserwujacego, id_obserwowanego) values (13, 119);
insert into obserwujacy (id_obserwujacego, id_obserwowanego) values (202, 96);
insert into obserwujacy (id_obserwujacego, id_obserwowanego) values (286, 33);
insert into obserwujacy (id_obserwujacego, id_obserwowanego) values (214, 231);
insert into obserwujacy (id_obserwujacego, id_obserwowanego) values (82, 185);
insert into obserwujacy (id_obserwujacego, id_obserwowanego) values (235, 68);
insert into obserwujacy (id_obserwujacego, id_obserwowanego) values (55, 142);
insert into obserwujacy (id_obserwujacego, id_obserwowanego) values (85, 260);
insert into obserwujacy (id_obserwujacego, id_obserwowanego) values (128, 125);
insert into obserwujacy (id_obserwujacego, id_obserwowanego) values (186, 201);
insert into obserwujacy (id_obserwujacego, id_obserwowanego) values (260, 10);
insert into obserwujacy (id_obserwujacego, id_obserwowanego) values (211, 40);
insert into obserwujacy (id_obserwujacego, id_obserwowanego) values (130, 120);
insert into obserwujacy (id_obserwujacego, id_obserwowanego) values (295, 243);
insert into obserwujacy (id_obserwujacego, id_obserwowanego) values (292, 294);
insert into obserwujacy (id_obserwujacego, id_obserwowanego) values (272, 131);
insert into obserwujacy (id_obserwujacego, id_obserwowanego) values (73, 19);
insert into obserwujacy (id_obserwujacego, id_obserwowanego) values (293, 158);
insert into obserwujacy (id_obserwujacego, id_obserwowanego) values (230, 220);
insert into obserwujacy (id_obserwujacego, id_obserwowanego) values (39, 134);
insert into obserwujacy (id_obserwujacego, id_obserwowanego) values (214, 288);
insert into obserwujacy (id_obserwujacego, id_obserwowanego) values (257, 253);
insert into obserwujacy (id_obserwujacego, id_obserwowanego) values (256, 236);
insert into obserwujacy (id_obserwujacego, id_obserwowanego) values (80, 26);
insert into obserwujacy (id_obserwujacego, id_obserwowanego) values (232, 294);
insert into obserwujacy (id_obserwujacego, id_obserwowanego) values (165, 146);
insert into obserwujacy (id_obserwujacego, id_obserwowanego) values (244, 33);
insert into obserwujacy (id_obserwujacego, id_obserwowanego) values (226, 211);
insert into obserwujacy (id_obserwujacego, id_obserwowanego) values (138, 69);
insert into obserwujacy (id_obserwujacego, id_obserwowanego) values (70, 64);
insert into obserwujacy (id_obserwujacego, id_obserwowanego) values (211, 276);
insert into obserwujacy (id_obserwujacego, id_obserwowanego) values (52, 215);
insert into obserwujacy (id_obserwujacego, id_obserwowanego) values (37, 151);
insert into obserwujacy (id_obserwujacego, id_obserwowanego) values (255, 214);
insert into obserwujacy (id_obserwujacego, id_obserwowanego) values (195, 181);
insert into obserwujacy (id_obserwujacego, id_obserwowanego) values (182, 272);
insert into obserwujacy (id_obserwujacego, id_obserwowanego) values (44, 71);
insert into obserwujacy (id_obserwujacego, id_obserwowanego) values (15, 100);
insert into obserwujacy (id_obserwujacego, id_obserwowanego) values (34, 85);
insert into obserwujacy (id_obserwujacego, id_obserwowanego) values (296, 146);
insert into obserwujacy (id_obserwujacego, id_obserwowanego) values (224, 161);
insert into obserwujacy (id_obserwujacego, id_obserwowanego) values (132, 272);
insert into obserwujacy (id_obserwujacego, id_obserwowanego) values (262, 128);
insert into obserwujacy (id_obserwujacego, id_obserwowanego) values (211, 182);
insert into obserwujacy (id_obserwujacego, id_obserwowanego) values (29, 27);
insert into obserwujacy (id_obserwujacego, id_obserwowanego) values (168, 278);
insert into obserwujacy (id_obserwujacego, id_obserwowanego) values (27, 38);
insert into obserwujacy (id_obserwujacego, id_obserwowanego) values (249, 296);
insert into obserwujacy (id_obserwujacego, id_obserwowanego) values (155, 2);
insert into obserwujacy (id_obserwujacego, id_obserwowanego) values (233, 291);
insert into obserwujacy (id_obserwujacego, id_obserwowanego) values (234, 243);
insert into obserwujacy (id_obserwujacego, id_obserwowanego) values (180, 198);
insert into obserwujacy (id_obserwujacego, id_obserwowanego) values (241, 98);
insert into obserwujacy (id_obserwujacego, id_obserwowanego) values (45, 240);
insert into obserwujacy (id_obserwujacego, id_obserwowanego) values (251, 262);
insert into obserwujacy (id_obserwujacego, id_obserwowanego) values (197, 210);
insert into obserwujacy (id_obserwujacego, id_obserwowanego) values (193, 70);
insert into obserwujacy (id_obserwujacego, id_obserwowanego) values (156, 89);
insert into obserwujacy (id_obserwujacego, id_obserwowanego) values (259, 105);
insert into obserwujacy (id_obserwujacego, id_obserwowanego) values (12, 186);
insert into obserwujacy (id_obserwujacego, id_obserwowanego) values (236, 266);
insert into obserwujacy (id_obserwujacego, id_obserwowanego) values (7, 13);
insert into obserwujacy (id_obserwujacego, id_obserwowanego) values (147, 159);
insert into obserwujacy (id_obserwujacego, id_obserwowanego) values (244, 191);
insert into obserwujacy (id_obserwujacego, id_obserwowanego) values (184, 22);
insert into obserwujacy (id_obserwujacego, id_obserwowanego) values (223, 61);
insert into obserwujacy (id_obserwujacego, id_obserwowanego) values (152, 102);
insert into obserwujacy (id_obserwujacego, id_obserwowanego) values (76, 44);
insert into obserwujacy (id_obserwujacego, id_obserwowanego) values (46, 191);
insert into obserwujacy (id_obserwujacego, id_obserwowanego) values (183, 110);
insert into obserwujacy (id_obserwujacego, id_obserwowanego) values (220, 269);
insert into obserwujacy (id_obserwujacego, id_obserwowanego) values (277, 201);
insert into obserwujacy (id_obserwujacego, id_obserwowanego) values (233, 297);
insert into obserwujacy (id_obserwujacego, id_obserwowanego) values (238, 22);
insert into obserwujacy (id_obserwujacego, id_obserwowanego) values (37, 190);
insert into obserwujacy (id_obserwujacego, id_obserwowanego) values (214, 32);
insert into obserwujacy (id_obserwujacego, id_obserwowanego) values (207, 109);
insert into obserwujacy (id_obserwujacego, id_obserwowanego) values (66, 86);
insert into obserwujacy (id_obserwujacego, id_obserwowanego) values (221, 163);
insert into obserwujacy (id_obserwujacego, id_obserwowanego) values (86, 29);
insert into obserwujacy (id_obserwujacego, id_obserwowanego) values (120, 83);
insert into obserwujacy (id_obserwujacego, id_obserwowanego) values (74, 277);
insert into obserwujacy (id_obserwujacego, id_obserwowanego) values (250, 232);
insert into obserwujacy (id_obserwujacego, id_obserwowanego) values (223, 29);
insert into obserwujacy (id_obserwujacego, id_obserwowanego) values (131, 115);
insert into obserwujacy (id_obserwujacego, id_obserwowanego) values (184, 267);
insert into obserwujacy (id_obserwujacego, id_obserwowanego) values (244, 22);
insert into obserwujacy (id_obserwujacego, id_obserwowanego) values (175, 188);
insert into obserwujacy (id_obserwujacego, id_obserwowanego) values (259, 189);
insert into obserwujacy (id_obserwujacego, id_obserwowanego) values (123, 217);
insert into obserwujacy (id_obserwujacego, id_obserwowanego) values (79, 1);
insert into obserwujacy (id_obserwujacego, id_obserwowanego) values (279, 116);
insert into obserwujacy (id_obserwujacego, id_obserwowanego) values (247, 298);
insert into obserwujacy (id_obserwujacego, id_obserwowanego) values (219, 292);
insert into obserwujacy (id_obserwujacego, id_obserwowanego) values (133, 162);
insert into obserwujacy (id_obserwujacego, id_obserwowanego) values (8, 225);
insert into obserwujacy (id_obserwujacego, id_obserwowanego) values (114, 4);
insert into obserwujacy (id_obserwujacego, id_obserwowanego) values (80, 181);
insert into obserwujacy (id_obserwujacego, id_obserwowanego) values (108, 165);
insert into obserwujacy (id_obserwujacego, id_obserwowanego) values (216, 116);
insert into obserwujacy (id_obserwujacego, id_obserwowanego) values (102, 8);
insert into obserwujacy (id_obserwujacego, id_obserwowanego) values (41, 281);
insert into obserwujacy (id_obserwujacego, id_obserwowanego) values (232, 285);
insert into obserwujacy (id_obserwujacego, id_obserwowanego) values (175, 102);
insert into obserwujacy (id_obserwujacego, id_obserwowanego) values (118, 110);
insert into obserwujacy (id_obserwujacego, id_obserwowanego) values (152, 179);
insert into obserwujacy (id_obserwujacego, id_obserwowanego) values (28, 149);
insert into obserwujacy (id_obserwujacego, id_obserwowanego) values (198, 139);
insert into obserwujacy (id_obserwujacego, id_obserwowanego) values (229, 170);
insert into obserwujacy (id_obserwujacego, id_obserwowanego) values (223, 11);
insert into obserwujacy (id_obserwujacego, id_obserwowanego) values (230, 195);
insert into obserwujacy (id_obserwujacego, id_obserwowanego) values (104, 240);
insert into obserwujacy (id_obserwujacego, id_obserwowanego) values (107, 3);
insert into obserwujacy (id_obserwujacego, id_obserwowanego) values (149, 279);
insert into obserwujacy (id_obserwujacego, id_obserwowanego) values (147, 296);
insert into obserwujacy (id_obserwujacego, id_obserwowanego) values (241, 59);
insert into obserwujacy (id_obserwujacego, id_obserwowanego) values (60, 144);
insert into obserwujacy (id_obserwujacego, id_obserwowanego) values (182, 12);
insert into obserwujacy (id_obserwujacego, id_obserwowanego) values (192, 227);
insert into obserwujacy (id_obserwujacego, id_obserwowanego) values (82, 126);
insert into obserwujacy (id_obserwujacego, id_obserwowanego) values (20, 121);
insert into obserwujacy (id_obserwujacego, id_obserwowanego) values (141, 88);
insert into obserwujacy (id_obserwujacego, id_obserwowanego) values (105, 36);
insert into obserwujacy (id_obserwujacego, id_obserwowanego) values (168, 45);
insert into obserwujacy (id_obserwujacego, id_obserwowanego) values (13, 17);
insert into obserwujacy (id_obserwujacego, id_obserwowanego) values (15, 59);
insert into obserwujacy (id_obserwujacego, id_obserwowanego) values (220, 130);
insert into obserwujacy (id_obserwujacego, id_obserwowanego) values (119, 38);
insert into obserwujacy (id_obserwujacego, id_obserwowanego) values (235, 44);
insert into obserwujacy (id_obserwujacego, id_obserwowanego) values (118, 212);
insert into obserwujacy (id_obserwujacego, id_obserwowanego) values (10, 158);
insert into obserwujacy (id_obserwujacego, id_obserwowanego) values (236, 270);
insert into obserwujacy (id_obserwujacego, id_obserwowanego) values (5, 281);
insert into obserwujacy (id_obserwujacego, id_obserwowanego) values (176, 297);
insert into obserwujacy (id_obserwujacego, id_obserwowanego) values (184, 275);
insert into obserwujacy (id_obserwujacego, id_obserwowanego) values (247, 217);
insert into obserwujacy (id_obserwujacego, id_obserwowanego) values (62, 266);
insert into obserwujacy (id_obserwujacego, id_obserwowanego) values (216, 3);
insert into obserwujacy (id_obserwujacego, id_obserwowanego) values (146, 181);
insert into obserwujacy (id_obserwujacego, id_obserwowanego) values (7, 267);
insert into obserwujacy (id_obserwujacego, id_obserwowanego) values (168, 274);
insert into obserwujacy (id_obserwujacego, id_obserwowanego) values (240, 8);
insert into obserwujacy (id_obserwujacego, id_obserwowanego) values (215, 26);
insert into obserwujacy (id_obserwujacego, id_obserwowanego) values (170, 251);
insert into obserwujacy (id_obserwujacego, id_obserwowanego) values (201, 151);
insert into obserwujacy (id_obserwujacego, id_obserwowanego) values (162, 258);
insert into obserwujacy (id_obserwujacego, id_obserwowanego) values (269, 197);
insert into obserwujacy (id_obserwujacego, id_obserwowanego) values (181, 42);
insert into obserwujacy (id_obserwujacego, id_obserwowanego) values (275, 46);
insert into obserwujacy (id_obserwujacego, id_obserwowanego) values (281, 246);
insert into obserwujacy (id_obserwujacego, id_obserwowanego) values (137, 208);
insert into obserwujacy (id_obserwujacego, id_obserwowanego) values (98, 11);
insert into obserwujacy (id_obserwujacego, id_obserwowanego) values (178, 32);
insert into obserwujacy (id_obserwujacego, id_obserwowanego) values (253, 76);
insert into obserwujacy (id_obserwujacego, id_obserwowanego) values (273, 229);
insert into obserwujacy (id_obserwujacego, id_obserwowanego) values (206, 171);
insert into obserwujacy (id_obserwujacego, id_obserwowanego) values (147, 78);
insert into obserwujacy (id_obserwujacego, id_obserwowanego) values (198, 290);
insert into obserwujacy (id_obserwujacego, id_obserwowanego) values (264, 271);
insert into obserwujacy (id_obserwujacego, id_obserwowanego) values (49, 113);
insert into obserwujacy (id_obserwujacego, id_obserwowanego) values (110, 217);
insert into obserwujacy (id_obserwujacego, id_obserwowanego) values (265, 75);
insert into obserwujacy (id_obserwujacego, id_obserwowanego) values (278, 91);
insert into obserwujacy (id_obserwujacego, id_obserwowanego) values (180, 134);
insert into obserwujacy (id_obserwujacego, id_obserwowanego) values (181, 126);
insert into obserwujacy (id_obserwujacego, id_obserwowanego) values (211, 37);
insert into obserwujacy (id_obserwujacego, id_obserwowanego) values (124, 114);
insert into obserwujacy (id_obserwujacego, id_obserwowanego) values (177, 106);
insert into obserwujacy (id_obserwujacego, id_obserwowanego) values (128, 59);
insert into obserwujacy (id_obserwujacego, id_obserwowanego) values (90, 94);
insert into obserwujacy (id_obserwujacego, id_obserwowanego) values (10, 220);
insert into obserwujacy (id_obserwujacego, id_obserwowanego) values (166, 207);
insert into obserwujacy (id_obserwujacego, id_obserwowanego) values (274, 300);
insert into obserwujacy (id_obserwujacego, id_obserwowanego) values (276, 43);
insert into obserwujacy (id_obserwujacego, id_obserwowanego) values (291, 261);
insert into obserwujacy (id_obserwujacego, id_obserwowanego) values (227, 180);
insert into obserwujacy (id_obserwujacego, id_obserwowanego) values (214, 279);
insert into obserwujacy (id_obserwujacego, id_obserwowanego) values (296, 148);
insert into obserwujacy (id_obserwujacego, id_obserwowanego) values (102, 207);
insert into obserwujacy (id_obserwujacego, id_obserwowanego) values (172, 268);
insert into obserwujacy (id_obserwujacego, id_obserwowanego) values (31, 147);
insert into obserwujacy (id_obserwujacego, id_obserwowanego) values (298, 195);
insert into obserwujacy (id_obserwujacego, id_obserwowanego) values (106, 75);
insert into obserwujacy (id_obserwujacego, id_obserwowanego) values (163, 146);
insert into obserwujacy (id_obserwujacego, id_obserwowanego) values (244, 166);
insert into obserwujacy (id_obserwujacego, id_obserwowanego) values (170, 96);
insert into obserwujacy (id_obserwujacego, id_obserwowanego) values (69, 19);
insert into obserwujacy (id_obserwujacego, id_obserwowanego) values (285, 197);
insert into obserwujacy (id_obserwujacego, id_obserwowanego) values (42, 17);
insert into obserwujacy (id_obserwujacego, id_obserwowanego) values (218, 9);
insert into obserwujacy (id_obserwujacego, id_obserwowanego) values (276, 283);
insert into obserwujacy (id_obserwujacego, id_obserwowanego) values (5, 59);
insert into obserwujacy (id_obserwujacego, id_obserwowanego) values (285, 222);
insert into obserwujacy (id_obserwujacego, id_obserwowanego) values (13, 76);
insert into obserwujacy (id_obserwujacego, id_obserwowanego) values (190, 176);
insert into obserwujacy (id_obserwujacego, id_obserwowanego) values (186, 109);
insert into obserwujacy (id_obserwujacego, id_obserwowanego) values (214, 78);
insert into obserwujacy (id_obserwujacego, id_obserwowanego) values (300, 95);
insert into obserwujacy (id_obserwujacego, id_obserwowanego) values (256, 72);
insert into obserwujacy (id_obserwujacego, id_obserwowanego) values (43, 208);
insert into obserwujacy (id_obserwujacego, id_obserwowanego) values (43, 121);
insert into obserwujacy (id_obserwujacego, id_obserwowanego) values (49, 97);
insert into obserwujacy (id_obserwujacego, id_obserwowanego) values (175, 86);
insert into obserwujacy (id_obserwujacego, id_obserwowanego) values (100, 240);
insert into obserwujacy (id_obserwujacego, id_obserwowanego) values (233, 39);
insert into obserwujacy (id_obserwujacego, id_obserwowanego) values (107, 187);
insert into obserwujacy (id_obserwujacego, id_obserwowanego) values (136, 88);
insert into obserwujacy (id_obserwujacego, id_obserwowanego) values (50, 36);
insert into obserwujacy (id_obserwujacego, id_obserwowanego) values (240, 185);
insert into obserwujacy (id_obserwujacego, id_obserwowanego) values (10, 214);
insert into obserwujacy (id_obserwujacego, id_obserwowanego) values (263, 106);
insert into obserwujacy (id_obserwujacego, id_obserwowanego) values (128, 77);
insert into obserwujacy (id_obserwujacego, id_obserwowanego) values (143, 218);
insert into obserwujacy (id_obserwujacego, id_obserwowanego) values (1, 141);
insert into obserwujacy (id_obserwujacego, id_obserwowanego) values (192, 98);
insert into obserwujacy (id_obserwujacego, id_obserwowanego) values (136, 143);
insert into obserwujacy (id_obserwujacego, id_obserwowanego) values (173, 159);
insert into obserwujacy (id_obserwujacego, id_obserwowanego) values (147, 268);
insert into obserwujacy (id_obserwujacego, id_obserwowanego) values (131, 56);
insert into obserwujacy (id_obserwujacego, id_obserwowanego) values (168, 8);
insert into obserwujacy (id_obserwujacego, id_obserwowanego) values (285, 47);
insert into obserwujacy (id_obserwujacego, id_obserwowanego) values (98, 229);
insert into obserwujacy (id_obserwujacego, id_obserwowanego) values (32, 1);
insert into obserwujacy (id_obserwujacego, id_obserwowanego) values (257, 36);
insert into obserwujacy (id_obserwujacego, id_obserwowanego) values (183, 41);
insert into obserwujacy (id_obserwujacego, id_obserwowanego) values (40, 152);
insert into obserwujacy (id_obserwujacego, id_obserwowanego) values (275, 279);
insert into obserwujacy (id_obserwujacego, id_obserwowanego) values (90, 232);
insert into obserwujacy (id_obserwujacego, id_obserwowanego) values (227, 91);
insert into obserwujacy (id_obserwujacego, id_obserwowanego) values (136, 187);
insert into obserwujacy (id_obserwujacego, id_obserwowanego) values (131, 127);
insert into obserwujacy (id_obserwujacego, id_obserwowanego) values (103, 87);
insert into obserwujacy (id_obserwujacego, id_obserwowanego) values (182, 133);
insert into obserwujacy (id_obserwujacego, id_obserwowanego) values (62, 77);
insert into obserwujacy (id_obserwujacego, id_obserwowanego) values (110, 113);
insert into obserwujacy (id_obserwujacego, id_obserwowanego) values (277, 251);
insert into obserwujacy (id_obserwujacego, id_obserwowanego) values (152, 132);
insert into obserwujacy (id_obserwujacego, id_obserwowanego) values (173, 194);
insert into obserwujacy (id_obserwujacego, id_obserwowanego) values (139, 53);
insert into obserwujacy (id_obserwujacego, id_obserwowanego) values (150, 29);
insert into obserwujacy (id_obserwujacego, id_obserwowanego) values (200, 120);
insert into obserwujacy (id_obserwujacego, id_obserwowanego) values (99, 132);
insert into obserwujacy (id_obserwujacego, id_obserwowanego) values (266, 262);
insert into obserwujacy (id_obserwujacego, id_obserwowanego) values (82, 118);
insert into obserwujacy (id_obserwujacego, id_obserwowanego) values (182, 170);
insert into obserwujacy (id_obserwujacego, id_obserwowanego) values (46, 103);
insert into obserwujacy (id_obserwujacego, id_obserwowanego) values (177, 263);
insert into obserwujacy (id_obserwujacego, id_obserwowanego) values (245, 182);
insert into obserwujacy (id_obserwujacego, id_obserwowanego) values (79, 115);
insert into obserwujacy (id_obserwujacego, id_obserwowanego) values (9, 285);
insert into obserwujacy (id_obserwujacego, id_obserwowanego) values (145, 129);
insert into obserwujacy (id_obserwujacego, id_obserwowanego) values (127, 186);
insert into obserwujacy (id_obserwujacego, id_obserwowanego) values (194, 228);
insert into obserwujacy (id_obserwujacego, id_obserwowanego) values (122, 117);
insert into obserwujacy (id_obserwujacego, id_obserwowanego) values (35, 77);
insert into obserwujacy (id_obserwujacego, id_obserwowanego) values (1, 123);
insert into obserwujacy  values (25, 173);
insert into obserwujacy  values (52, 293);
insert into obserwujacy  values (29, 284);
insert into obserwujacy  values (54, 190);
insert into obserwujacy  values (21, 292);
insert into obserwujacy  values (93, 222);
insert into obserwujacy  values (58, 205);
insert into obserwujacy  values (20, 273);
insert into obserwujacy  values (72, 297);
insert into obserwujacy  values (37, 185);
insert into obserwujacy  values (88, 298);
insert into obserwujacy  values (106, 225);
insert into obserwujacy  values (33, 249);
insert into obserwujacy  values (13, 201);
insert into obserwujacy  values (23, 170);
insert into obserwujacy  values (27, 220);
insert into obserwujacy  values (5, 215);
insert into obserwujacy  values (63, 295);
insert into obserwujacy  values (51, 161);
insert into obserwujacy  values (34, 247);
insert into obserwujacy  values (48, 200);
insert into obserwujacy  values (2, 241);
insert into obserwujacy  values (80, 150);
insert into obserwujacy  values (81, 167);
insert into obserwujacy  values (2, 185);
insert into obserwujacy  values (125, 157);
insert into obserwujacy  values (36, 220);
insert into obserwujacy  values (122, 184);
insert into obserwujacy  values (48, 270);
insert into obserwujacy  values (133, 177);
insert into obserwujacy  values (59, 262);
insert into obserwujacy  values (38, 230);
insert into obserwujacy  values (22, 217);
insert into obserwujacy  values (117, 187);
insert into obserwujacy  values (41, 231);
insert into obserwujacy  values (41, 161);
insert into obserwujacy  values (93, 251);
insert into obserwujacy  values (3, 252);
insert into obserwujacy  values (114, 300);
insert into obserwujacy  values (17, 152);
insert into obserwujacy  values (29, 298);
insert into obserwujacy  values (118, 272);
insert into obserwujacy  values (96, 248);
insert into obserwujacy  values (25, 272);
insert into obserwujacy  values (53, 175);
insert into obserwujacy  values (141, 183);
insert into obserwujacy  values (46, 293);
insert into obserwujacy  values (110, 166);
insert into obserwujacy  values (123, 239);
insert into obserwujacy  values (43, 222);
insert into obserwujacy  values (32, 257);
insert into obserwujacy  values (56, 236);
insert into obserwujacy  values (104, 282);
insert into obserwujacy  values (94, 164);
insert into obserwujacy  values (70, 169);
insert into obserwujacy  values (87, 239);
insert into obserwujacy  values (47, 244);
insert into obserwujacy  values (83, 291);
insert into obserwujacy  values (101, 266);
insert into obserwujacy  values (117, 243);
insert into obserwujacy  values (68, 291);
insert into obserwujacy  values (91, 246);
insert into obserwujacy  values (36, 263);
insert into obserwujacy  values (54, 222);
insert into obserwujacy  values (23, 263);
insert into obserwujacy  values (105, 254);
insert into obserwujacy  values (83, 193);
insert into obserwujacy  values (16, 268);
insert into obserwujacy  values (64, 158);
insert into obserwujacy  values (77, 150);
insert into obserwujacy  values (46, 239);
insert into obserwujacy  values (76, 296);
insert into obserwujacy  values (147, 170);
insert into obserwujacy  values (36, 279);
insert into obserwujacy  values (100, 298);
insert into obserwujacy  values (72, 198);
insert into obserwujacy  values (63, 200);
insert into obserwujacy  values (63, 216);
insert into obserwujacy  values (94, 218);
insert into obserwujacy  values (56, 279);
insert into obserwujacy  values (84, 296);
insert into obserwujacy  values (40, 181);
insert into obserwujacy  values (18, 261);
insert into obserwujacy  values (103, 263);
insert into obserwujacy  values (78, 158);
insert into obserwujacy  values (136, 168);
insert into obserwujacy  values (74, 224);
insert into obserwujacy  values (136, 235);
insert into obserwujacy  values (75, 279);
insert into obserwujacy  values (138, 194);
insert into obserwujacy  values (92, 228);
insert into obserwujacy  values (138, 213);
insert into obserwujacy  values (61, 192);
insert into obserwujacy  values (59, 192);
insert into obserwujacy  values (139, 255);
insert into obserwujacy  values (37, 271);
insert into obserwujacy  values (42, 225);
insert into obserwujacy  values (58, 154);
insert into obserwujacy  values (92, 205);
insert into obserwujacy  values (103, 237);
insert into obserwujacy  values (144, 256);
insert into obserwujacy  values (143, 202);
insert into obserwujacy  values (137, 267);
insert into obserwujacy  values (76, 280);
insert into obserwujacy  values (122, 265);
insert into obserwujacy  values (43, 238);
insert into obserwujacy  values (55, 279);
insert into obserwujacy  values (123, 222);
insert into obserwujacy  values (115, 204);
insert into obserwujacy  values (44, 169);
insert into obserwujacy  values (126, 284);
insert into obserwujacy  values (148, 264);
insert into obserwujacy  values (59, 173);
insert into obserwujacy  values (122, 237);
insert into obserwujacy  values (96, 291);
insert into obserwujacy  values (48, 290);
insert into obserwujacy  values (73, 248);
insert into obserwujacy  values (41, 291);
insert into obserwujacy  values (121, 269);
insert into obserwujacy  values (147, 227);
insert into obserwujacy  values (85, 220);
insert into obserwujacy  values (55, 196);
insert into obserwujacy  values (2, 226);
insert into obserwujacy  values (21, 269);
insert into obserwujacy  values (69, 286);
insert into obserwujacy  values (41, 177);
insert into obserwujacy  values (148, 166);
insert into obserwujacy  values (13, 220);
insert into obserwujacy  values (9, 188);
insert into obserwujacy  values (59, 174);
insert into obserwujacy  values (100, 245);
insert into obserwujacy  values (105, 232);
insert into obserwujacy  values (8, 198);
insert into obserwujacy  values (33, 168);
insert into obserwujacy  values (29, 241);
insert into obserwujacy  values (11, 173);
insert into obserwujacy  values (102, 284);
insert into obserwujacy  values (98, 243);
insert into obserwujacy  values (116, 156);
insert into obserwujacy  values (3, 169);
insert into obserwujacy  values (20, 269);
insert into obserwujacy  values (49, 268);
insert into obserwujacy  values (94, 299);
insert into obserwujacy  values (127, 254);
insert into obserwujacy  values (71, 236);
insert into obserwujacy  values (61, 236);
insert into obserwujacy  values (63, 226);
insert into obserwujacy  values (140, 178);
insert into obserwujacy  values (87, 250);
insert into obserwujacy  values (7, 150);
insert into obserwujacy  values (52, 246);
insert into obserwujacy  values (121, 177);
insert into obserwujacy  values (10, 294);
insert into obserwujacy  values (141, 247);
insert into obserwujacy  values (8, 268);
insert into obserwujacy  values (63, 168);
insert into obserwujacy  values (122, 291);
insert into obserwujacy  values (140, 216);
insert into obserwujacy  values (135, 238);
insert into obserwujacy  values (76, 294);
insert into obserwujacy  values (63, 172);
insert into obserwujacy  values (106, 251);
insert into obserwujacy  values (34, 235);
insert into obserwujacy  values (45, 202);
insert into obserwujacy  values (7, 229);
insert into obserwujacy  values (100, 282);
insert into obserwujacy  values (58, 235);
insert into obserwujacy  values (86, 217);
insert into obserwujacy  values (12, 289);
insert into obserwujacy  values (102, 224);
insert into obserwujacy  values (55, 228);
insert into obserwujacy  values (50, 184);
insert into obserwujacy  values (33, 196);
insert into obserwujacy  values (132, 206);
insert into obserwujacy  values (95, 276);
insert into obserwujacy  values (30, 241);
insert into obserwujacy  values (25, 188);
insert into obserwujacy  values (99, 173);
insert into obserwujacy  values (84, 211);
insert into obserwujacy  values (56, 208);
insert into obserwujacy  values (112, 239);
insert into obserwujacy  values (113, 278);
insert into obserwujacy  values (140, 228);
insert into obserwujacy  values (24, 271);
insert into obserwujacy  values (139, 239);
insert into obserwujacy  values (49, 150);
insert into obserwujacy  values (105, 237);
insert into obserwujacy  values (80, 244);
insert into obserwujacy  values (8, 250);
insert into obserwujacy  values (47, 158);
insert into obserwujacy  values (129, 221);
insert into obserwujacy  values (48, 296);
insert into obserwujacy  values (123, 178);
insert into obserwujacy  values (32, 180);
insert into obserwujacy  values (36, 281);
insert into obserwujacy  values (9, 291);
insert into obserwujacy  values (140, 296);
insert into obserwujacy  values (76, 154);
insert into obserwujacy  values (70, 163);
insert into obserwujacy  values (15, 225);
insert into obserwujacy  values (128, 248);
insert into obserwujacy  values (138, 284);
insert into obserwujacy  values (80, 177);
insert into obserwujacy  values (9, 297);
insert into obserwujacy  values (80, 278);
insert into obserwujacy  values (52, 300);
insert into obserwujacy  values (142, 267);
insert into obserwujacy  values (97, 253);
insert into obserwujacy  values (59, 210);
insert into obserwujacy  values (20, 255);
insert into obserwujacy  values (104, 278);
insert into obserwujacy  values (15, 297);
insert into obserwujacy  values (26, 251);
insert into obserwujacy  values (72, 295);
insert into obserwujacy  values (115, 191);
insert into obserwujacy  values (25, 189);
insert into obserwujacy  values (112, 173);
insert into obserwujacy  values (133, 231);
insert into obserwujacy  values (134, 283);
insert into obserwujacy  values (93, 159);
insert into obserwujacy  values (40, 258);
insert into obserwujacy  values (72, 212);
insert into obserwujacy  values (45, 153);
insert into obserwujacy  values (6, 280);
insert into obserwujacy  values (92, 221);
insert into obserwujacy  values (138, 175);
insert into obserwujacy  values (146, 284);
insert into obserwujacy  values (135, 219);
insert into obserwujacy  values (131, 193);
insert into obserwujacy  values (60, 218);
insert into obserwujacy  values (67, 150);
insert into obserwujacy  values (12, 277);
insert into obserwujacy  values (128, 153);
insert into obserwujacy  values (23, 214);
insert into obserwujacy  values (87, 260);
insert into obserwujacy  values (89, 276);
insert into obserwujacy  values (89, 274);
insert into obserwujacy  values (101, 258);
insert into obserwujacy  values (116, 162);
insert into obserwujacy  values (44, 226);
insert into obserwujacy  values (121, 279);
insert into obserwujacy  values (54, 151);
insert into obserwujacy  values (58, 277);
insert into obserwujacy  values (34, 176);
insert into obserwujacy  values (40, 253);
insert into obserwujacy  values (53, 180);
insert into obserwujacy  values (62, 188);
insert into obserwujacy  values (38, 242);
insert into obserwujacy  values (85, 238);
insert into obserwujacy  values (72, 236);
insert into obserwujacy  values (142, 256);
insert into obserwujacy  values (119, 163);
insert into obserwujacy  values (61, 261);
insert into obserwujacy  values (145, 280);
insert into obserwujacy  values (120, 220);
insert into obserwujacy  values (74, 186);
insert into obserwujacy  values (148, 270);
insert into obserwujacy  values (71, 189);
insert into obserwujacy  values (39, 171);
insert into obserwujacy  values (86, 268);
insert into obserwujacy  values (41, 168);
insert into obserwujacy  values (66, 190);
insert into obserwujacy  values (60, 174);
insert into obserwujacy  values (132, 259);
insert into obserwujacy  values (62, 165);
insert into obserwujacy  values (40, 286);
insert into obserwujacy  values (47, 239);
insert into obserwujacy  values (117, 161);
insert into obserwujacy  values (130, 172);
insert into obserwujacy  values (131, 154);
insert into obserwujacy  values (16, 221);
insert into obserwujacy  values (143, 239);
insert into obserwujacy  values (127, 235);
insert into obserwujacy  values (79, 225);
insert into obserwujacy  values (5, 165);
insert into obserwujacy  values (70, 204);
insert into obserwujacy  values (29, 160);
insert into obserwujacy  values (26, 263);
insert into obserwujacy  values (109, 184);
insert into obserwujacy  values (75, 230);
insert into obserwujacy  values (103, 277);
insert into obserwujacy  values (140, 214);
insert into obserwujacy  values (23, 193);
insert into obserwujacy  values (23, 187);
insert into obserwujacy  values (41, 181);
insert into obserwujacy  values (109, 182);
insert into obserwujacy  values (22, 290);
insert into obserwujacy  values (83, 266);
insert into obserwujacy  values (147, 256);
insert into obserwujacy  values (59, 195);
insert into obserwujacy  values (58, 285);
insert into obserwujacy  values (14, 208);
insert into obserwujacy  values (150, 192);
insert into obserwujacy  values (118, 279);
insert into obserwujacy  values (119, 299);
insert into obserwujacy  values (43, 258);
insert into obserwujacy  values (31, 249);
insert into obserwujacy  values (147, 160);
insert into obserwujacy  values (21, 297);
insert into obserwujacy  values (32, 278);
insert into obserwujacy  values (116, 183);
insert into obserwujacy  values (136, 198);
insert into obserwujacy  values (8, 195);
insert into obserwujacy  values (97, 295);
insert into obserwujacy  values (144, 221);
insert into obserwujacy  values (81, 237);
insert into obserwujacy  values (98, 193);
insert into obserwujacy  values (137, 291);
insert into obserwujacy  values (68, 155);
insert into obserwujacy  values (40, 230);
insert into obserwujacy  values (63, 162);
insert into obserwujacy  values (89, 218);
insert into obserwujacy  values (124, 182);
insert into obserwujacy  values (34, 256);
insert into obserwujacy  values (67, 217);
insert into obserwujacy  values (28, 204);
insert into obserwujacy  values (118, 208);
insert into obserwujacy  values (113, 185);
insert into obserwujacy  values (7, 248);
insert into obserwujacy  values (128, 195);
insert into obserwujacy  values (106, 300);
insert into obserwujacy  values (119, 187);
insert into obserwujacy  values (97, 183);
insert into obserwujacy  values (35, 187);
insert into obserwujacy  values (17, 176);
insert into obserwujacy  values (93, 221);
insert into obserwujacy  values (99, 223);
insert into obserwujacy  values (145, 219);
insert into obserwujacy  values (51, 203);
insert into obserwujacy  values (147, 250);
insert into obserwujacy  values (11, 235);
insert into obserwujacy  values (76, 157);
insert into obserwujacy  values (18, 288);
insert into obserwujacy  values (114, 160);
insert into obserwujacy  values (138, 156);
insert into obserwujacy  values (113, 277);
insert into obserwujacy  values (111, 239);
insert into obserwujacy  values (54, 261);
insert into obserwujacy  values (133, 168);
insert into obserwujacy  values (50, 293);
insert into obserwujacy  values (62, 211);
insert into obserwujacy  values (119, 205);
insert into obserwujacy  values (112, 218);
insert into obserwujacy  values (65, 253);
insert into obserwujacy  values (107, 272);
insert into obserwujacy  values (110, 206);
insert into obserwujacy  values (30, 288);
insert into obserwujacy  values (71, 282);
insert into obserwujacy  values (112, 234);
insert into obserwujacy  values (123, 287);
insert into obserwujacy  values (126, 222);
insert into obserwujacy  values (75, 195);
insert into obserwujacy  values (121, 260);
insert into obserwujacy  values (105, 299);
insert into obserwujacy  values (143, 225);
insert into obserwujacy  values (109, 226);
insert into obserwujacy  values (24, 258);
insert into obserwujacy  values (122, 232);
insert into obserwujacy  values (84, 284);
insert into obserwujacy  values (58, 198);
insert into obserwujacy  values (99, 229);
insert into obserwujacy  values (139, 205);
insert into obserwujacy  values (43, 180);
insert into obserwujacy  values (65, 235);
insert into obserwujacy  values (64, 283);
insert into obserwujacy  values (133, 152);
insert into obserwujacy  values (34, 202);
insert into obserwujacy  values (44, 272);
insert into obserwujacy  values (12, 265);
insert into obserwujacy  values (139, 278);
insert into obserwujacy  values (35, 266);
insert into obserwujacy  values (114, 250);
insert into obserwujacy  values (125, 212);
insert into obserwujacy  values (95, 245);
insert into obserwujacy  values (10, 254);
insert into obserwujacy  values (110, 259);
insert into obserwujacy  values (114, 209);
insert into obserwujacy  values (121, 278);
insert into obserwujacy  values (48, 222);
insert into obserwujacy  values (78, 295);
insert into obserwujacy  values (96, 171);
insert into obserwujacy  values (78, 243);
insert into obserwujacy  values (8, 174);
insert into obserwujacy  values (58, 181);
insert into obserwujacy  values (84, 197);
insert into obserwujacy  values (18, 231);
insert into obserwujacy  values (146, 245);
insert into obserwujacy  values (99, 262);
insert into obserwujacy  values (30, 292);
insert into obserwujacy  values (71, 247);
insert into obserwujacy  values (35, 159);
insert into obserwujacy  values (108, 184);
insert into obserwujacy  values (47, 179);
insert into obserwujacy  values (140, 153);
insert into obserwujacy  values (122, 193);
insert into obserwujacy  values (102, 265);
insert into obserwujacy  values (38, 187);
insert into obserwujacy  values (12, 273);
insert into obserwujacy  values (57, 298);
insert into obserwujacy  values (4, 265);
insert into obserwujacy  values (124, 152);
insert into obserwujacy  values (130, 163);
insert into obserwujacy  values (124, 298);
insert into obserwujacy  values (5, 180);
insert into obserwujacy  values (132, 168);
insert into obserwujacy  values (30, 276);
insert into obserwujacy  values (126, 201);
insert into obserwujacy  values (137, 233);
insert into obserwujacy  values (64, 198);
insert into obserwujacy  values (143, 195);
insert into obserwujacy  values (73, 300);
insert into obserwujacy  values (104, 168);
insert into obserwujacy  values (139, 263);
insert into obserwujacy  values (143, 261);
insert into obserwujacy  values (38, 223);
insert into obserwujacy  values (106, 270);
insert into obserwujacy  values (70, 213);
insert into obserwujacy  values (62, 201);
insert into obserwujacy  values (140, 224);
insert into obserwujacy  values (96, 222);
insert into obserwujacy  values (3, 162);
insert into obserwujacy  values (72, 169);
insert into obserwujacy  values (89, 256);
insert into obserwujacy  values (69, 167);
insert into obserwujacy  values (101, 177);
insert into obserwujacy  values (38, 269);
insert into obserwujacy  values (22, 219);
insert into obserwujacy  values (21, 164);
insert into obserwujacy  values (1, 208);
insert into obserwujacy  values (60, 162);
insert into obserwujacy  values (9, 227);
insert into obserwujacy  values (101, 240);
insert into obserwujacy  values (132, 263);
insert into obserwujacy  values (13, 151);
insert into obserwujacy  values (62, 220);
insert into obserwujacy  values (108, 291);
insert into obserwujacy  values (63, 284);
insert into obserwujacy  values (65, 227);
insert into obserwujacy  values (47, 174);
insert into obserwujacy  values (14, 236);
insert into obserwujacy  values (100, 227);
insert into obserwujacy  values (82, 289);
insert into obserwujacy  values (106, 222);
insert into obserwujacy  values (50, 165);
insert into obserwujacy  values (53, 181);
insert into obserwujacy  values (111, 288);
insert into obserwujacy  values (31, 165);
insert into obserwujacy  values (77, 211);
insert into obserwujacy  values (70, 151);
insert into obserwujacy  values (90, 243);
insert into obserwujacy  values (46, 190);
insert into obserwujacy  values (63, 273);
insert into obserwujacy  values (31, 196);
insert into obserwujacy  values (108, 257);
insert into obserwujacy  values (141, 178);
insert into obserwujacy  values (91, 216);
insert into obserwujacy  values (49, 244);
insert into obserwujacy  values (61, 152);
insert into obserwujacy  values (41, 201);
insert into obserwujacy  values (65, 226);
insert into obserwujacy  values (118, 175);
insert into obserwujacy  values (81, 257);
insert into obserwujacy  values (53, 292);
insert into obserwujacy  values (110, 296);
insert into obserwujacy  values (18, 154);
insert into obserwujacy  values (100, 155);
insert into obserwujacy  values (142, 161);
insert into obserwujacy  values (23, 279);
insert into obserwujacy  values (146, 218);
insert into obserwujacy  values (144, 293);
insert into obserwujacy  values (61, 229);
insert into obserwujacy  values (44, 212);
insert into obserwujacy  values (78, 275);
insert into obserwujacy  values (26, 274);
insert into obserwujacy  values (14, 189);
insert into obserwujacy  values (143, 281);
insert into obserwujacy  values (125, 201);
insert into obserwujacy  values (96, 195);
insert into obserwujacy  values (14, 243);
insert into obserwujacy  values (53, 217);
insert into obserwujacy  values (47, 211);
insert into obserwujacy  values (54, 240);
insert into obserwujacy  values (46, 269);
insert into obserwujacy  values (115, 157);
insert into obserwujacy  values (98, 183);
insert into obserwujacy  values (113, 157);
insert into obserwujacy  values (44, 286);
insert into obserwujacy  values (86, 251);
insert into obserwujacy  values (46, 210);
insert into obserwujacy  values (108, 181);
insert into obserwujacy  values (83, 288);
insert into obserwujacy  values (81, 160);
insert into obserwujacy  values (149, 224);
insert into obserwujacy  values (13, 286);
insert into obserwujacy  values (29, 189);
insert into obserwujacy  values (8, 160);
insert into obserwujacy  values (115, 300);
insert into obserwujacy  values (15, 198);
insert into obserwujacy  values (33, 219);
insert into obserwujacy  values (23, 222);
insert into obserwujacy  values (60, 238);
insert into obserwujacy  values (102, 210);
insert into obserwujacy  values (21, 185);
insert into obserwujacy  values (92, 264);
insert into obserwujacy  values (118, 195);
insert into obserwujacy  values (19, 233);
insert into obserwujacy  values (34, 191);
insert into obserwujacy  values (126, 203);
insert into obserwujacy  values (97, 230);
insert into obserwujacy  values (105, 221);
insert into obserwujacy  values (90, 161);
insert into obserwujacy  values (74, 218);
insert into obserwujacy  values (97, 225);
insert into obserwujacy  values (34, 208);
insert into obserwujacy  values (68, 243);
insert into obserwujacy  values (30, 255);
insert into obserwujacy  values (147, 222);
insert into obserwujacy  values (74, 211);
insert into obserwujacy  values (116, 222);
insert into obserwujacy  values (22, 173);
insert into obserwujacy  values (9, 264);
insert into obserwujacy  values (103, 159);
insert into obserwujacy  values (100, 262);
insert into obserwujacy  values (107, 167);
insert into obserwujacy  values (17, 162);
insert into obserwujacy  values (124, 257);
insert into obserwujacy  values (62, 244);
insert into obserwujacy  values (8, 231);
insert into obserwujacy  values (58, 293);
insert into obserwujacy  values (87, 257);
insert into obserwujacy  values (71, 152);
insert into obserwujacy  values (7, 240);
insert into obserwujacy  values (98, 272);
insert into obserwujacy  values (41, 294);
insert into obserwujacy  values (85, 200);
insert into obserwujacy  values (95, 190);
insert into obserwujacy  values (75, 265);
insert into obserwujacy  values (89, 282);
insert into obserwujacy  values (94, 170);
insert into obserwujacy  values (45, 192);
insert into obserwujacy  values (77, 157);
insert into obserwujacy  values (47, 265);
insert into obserwujacy  values (139, 238);
insert into obserwujacy  values (43, 253);
insert into obserwujacy  values (47, 215);
insert into obserwujacy  values (100, 269);
insert into obserwujacy  values (112, 187);
insert into obserwujacy  values (119, 253);
insert into obserwujacy  values (138, 205);
insert into obserwujacy  values (32, 217);
insert into obserwujacy  values (52, 266);
insert into obserwujacy  values (62, 183);
insert into obserwujacy  values (6, 194);
insert into obserwujacy  values (131, 259);
insert into obserwujacy  values (46, 153);
insert into obserwujacy  values (69, 204);
insert into obserwujacy  values (90, 288);
insert into obserwujacy  values (14, 207);
insert into obserwujacy  values (27, 197);
insert into obserwujacy  values (109, 186);
insert into obserwujacy  values (79, 228);
insert into obserwujacy  values (22, 298);
insert into obserwujacy  values (23, 155);
insert into obserwujacy  values (63, 243);
insert into obserwujacy  values (38, 181);
insert into obserwujacy  values (13, 168);
insert into obserwujacy  values (103, 258);
insert into obserwujacy  values (63, 170);
insert into obserwujacy  values (81, 273);
insert into obserwujacy  values (22, 167);
insert into obserwujacy  values (149, 226);
insert into obserwujacy  values (108, 260);
insert into obserwujacy  values (131, 236);
insert into obserwujacy  values (66, 159);
insert into obserwujacy  values (32, 234);
insert into obserwujacy  values (23, 223);
insert into obserwujacy  values (21, 275);
insert into obserwujacy  values (67, 282);
insert into obserwujacy  values (103, 209);
insert into obserwujacy  values (4, 217);
insert into obserwujacy  values (36, 284);
insert into obserwujacy  values (116, 244);
insert into obserwujacy  values (88, 189);
insert into obserwujacy  values (80, 265);
insert into obserwujacy  values (21, 290);
insert into obserwujacy  values (143, 198);
insert into obserwujacy  values (103, 246);
insert into obserwujacy  values (46, 297);
insert into obserwujacy  values (7, 207);
insert into obserwujacy  values (35, 163);
insert into obserwujacy  values (55, 261);
insert into obserwujacy  values (37, 262);
insert into obserwujacy  values (11, 187);
insert into obserwujacy  values (114, 200);
insert into obserwujacy  values (128, 255);
insert into obserwujacy  values (96, 177);
insert into obserwujacy  values (93, 216);
insert into obserwujacy  values (9, 279);
insert into obserwujacy  values (150, 223);
insert into obserwujacy  values (20, 167);
insert into obserwujacy  values (124, 154);
insert into obserwujacy  values (47, 190);
insert into obserwujacy  values (54, 220);
insert into obserwujacy  values (105, 255);
insert into obserwujacy  values (10, 273);
insert into obserwujacy  values (66, 258);
insert into obserwujacy  values (109, 274);
insert into obserwujacy  values (42, 187);
insert into obserwujacy  values (67, 160);
insert into obserwujacy  values (67, 158);
insert into obserwujacy  values (24, 155);
insert into obserwujacy  values (21, 274);
insert into obserwujacy  values (107, 292);
insert into obserwujacy  values (137, 285);
insert into obserwujacy  values (57, 254);
insert into obserwujacy  values (52, 191);
insert into obserwujacy  values (78, 172);
insert into obserwujacy  values (49, 287);
insert into obserwujacy  values (104, 245);
insert into obserwujacy  values (13, 258);
insert into obserwujacy  values (36, 166);
insert into obserwujacy  values (126, 182);
insert into obserwujacy  values (140, 231);
insert into obserwujacy  values (115, 158);
insert into obserwujacy  values (89, 199);
insert into obserwujacy  values (16, 215);
insert into obserwujacy  values (144, 242);
insert into obserwujacy  values (36, 175);
insert into obserwujacy  values (76, 273);
insert into obserwujacy  values (83, 204);
insert into obserwujacy  values (64, 226);
insert into obserwujacy  values (8, 229);
insert into obserwujacy  values (15, 159);
insert into obserwujacy  values (138, 165);
insert into obserwujacy  values (24, 274);
insert into obserwujacy  values (24, 200);
insert into obserwujacy  values (133, 281);
insert into obserwujacy  values (8, 192);
insert into obserwujacy  values (76, 164);
insert into obserwujacy  values (65, 215);
insert into obserwujacy  values (94, 214);
insert into obserwujacy  values (73, 169);
insert into obserwujacy  values (73, 280);
insert into obserwujacy  values (103, 150);
insert into obserwujacy  values (106, 263);
insert into obserwujacy  values (115, 153);
insert into obserwujacy  values (119, 193);
insert into obserwujacy  values (72, 283);
insert into obserwujacy  values (133, 294);
insert into obserwujacy  values (92, 219);
insert into obserwujacy  values (26, 277);
insert into obserwujacy  values (53, 269);
insert into obserwujacy  values (125, 241);
insert into obserwujacy  values (15, 151);
insert into obserwujacy  values (14, 209);
insert into obserwujacy  values (133, 194);
insert into obserwujacy  values (52, 177);
insert into obserwujacy  values (74, 212);
insert into obserwujacy  values (122, 286);
insert into obserwujacy  values (15, 286);
insert into obserwujacy  values (98, 280);
insert into obserwujacy  values (42, 288);
insert into obserwujacy  values (120, 270);
insert into obserwujacy  values (22, 158);
insert into obserwujacy  values (107, 265);
insert into obserwujacy  values (51, 176);
insert into obserwujacy  values (78, 205);
insert into obserwujacy  values (65, 250);
insert into obserwujacy  values (28, 296);
insert into obserwujacy  values (134, 299);
insert into obserwujacy  values (113, 154);
insert into obserwujacy  values (99, 212);
insert into obserwujacy  values (75, 205);
insert into obserwujacy  values (91, 158);
insert into obserwujacy  values (56, 253);
insert into obserwujacy  values (38, 152);
insert into obserwujacy  values (18, 171);
insert into obserwujacy  values (136, 206);
insert into obserwujacy  values (34, 264);
insert into obserwujacy  values (39, 291);
insert into obserwujacy  values (113, 188);
insert into obserwujacy  values (62, 239);
insert into obserwujacy  values (1, 221);
insert into obserwujacy  values (145, 197);
insert into obserwujacy  values (30, 293);
insert into obserwujacy  values (50, 174);
insert into obserwujacy  values (140, 161);
insert into obserwujacy  values (123, 300);
insert into obserwujacy  values (42, 254);
insert into obserwujacy  values (122, 194);
insert into obserwujacy  values (107, 291);
insert into obserwujacy  values (129, 300);
insert into obserwujacy  values (58, 208);
insert into obserwujacy  values (44, 238);
insert into obserwujacy  values (26, 230);
insert into obserwujacy  values (121, 202);
insert into obserwujacy  values (65, 179);
insert into obserwujacy  values (135, 274);
insert into obserwujacy  values (146, 287);
insert into obserwujacy  values (34, 166);
insert into obserwujacy  values (79, 276);
insert into obserwujacy  values (115, 235);
insert into obserwujacy  values (51, 167);
insert into obserwujacy  values (114, 205);
insert into obserwujacy  values (52, 222);
insert into obserwujacy  values (134, 285);
insert into obserwujacy  values (47, 222);
insert into obserwujacy  values (134, 292);
insert into obserwujacy  values (59, 194);
insert into obserwujacy  values (57, 192);
insert into obserwujacy  values (23, 151);
insert into obserwujacy  values (82, 167);
insert into obserwujacy  values (147, 199);
insert into obserwujacy  values (46, 238);
insert into obserwujacy  values (60, 209);
insert into obserwujacy  values (92, 200);
insert into obserwujacy  values (141, 258);
insert into obserwujacy  values (146, 254);
insert into obserwujacy  values (31, 194);
insert into obserwujacy  values (62, 166);
insert into obserwujacy  values (109, 262);
insert into obserwujacy  values (59, 256);
insert into obserwujacy  values (103, 178);
insert into obserwujacy  values (34, 262);
insert into obserwujacy  values (50, 172);
insert into obserwujacy  values (87, 281);
insert into obserwujacy  values (129, 208);
insert into obserwujacy  values (87, 235);
insert into obserwujacy  values (39, 230);
insert into obserwujacy  values (38, 167);
insert into obserwujacy  values (64, 262);
insert into obserwujacy  values (90, 208);
insert into obserwujacy  values (95, 277);
insert into obserwujacy  values (25, 261);
insert into obserwujacy  values (27, 267);
insert into obserwujacy  values (124, 175);
insert into obserwujacy  values (60, 161);
insert into obserwujacy  values (75, 258);
insert into obserwujacy  values (28, 272);
insert into obserwujacy  values (96, 172);
insert into obserwujacy  values (147, 228);
insert into obserwujacy  values (23, 253);
insert into obserwujacy  values (147, 249);
insert into obserwujacy  values (137, 271);
insert into obserwujacy  values (67, 196);
insert into obserwujacy  values (150, 174);
insert into obserwujacy  values (94, 195);
insert into obserwujacy  values (76, 151);
insert into obserwujacy  values (61, 170);
insert into obserwujacy  values (63, 268);
insert into obserwujacy  values (65, 162);
insert into obserwujacy  values (136, 217);
insert into obserwujacy  values (134, 212);
insert into obserwujacy  values (135, 287);
insert into obserwujacy  values (108, 245);
insert into obserwujacy  values (114, 235);
insert into obserwujacy  values (35, 253);
insert into obserwujacy  values (76, 253);
insert into obserwujacy  values (74, 235);
insert into obserwujacy  values (142, 187);
insert into obserwujacy  values (15, 221);
insert into obserwujacy  values (24, 180);
insert into obserwujacy  values (81, 270);
insert into obserwujacy  values (136, 277);
insert into obserwujacy  values (70, 177);
insert into obserwujacy  values (142, 299);
insert into obserwujacy  values (83, 208);
insert into obserwujacy  values (45, 297);
insert into obserwujacy  values (145, 251);
insert into obserwujacy  values (57, 175);
insert into obserwujacy  values (97, 210);
insert into obserwujacy  values (47, 282);
insert into obserwujacy  values (43, 166);
insert into obserwujacy  values (77, 272);
insert into obserwujacy  values (94, 254);
insert into obserwujacy  values (75, 219);
insert into obserwujacy  values (15, 223);
insert into obserwujacy  values (65, 189);
insert into obserwujacy  values (64, 156);
insert into obserwujacy  values (108, 223);
insert into obserwujacy  values (82, 226);
insert into obserwujacy  values (85, 288);
insert into obserwujacy  values (19, 300);
insert into obserwujacy  values (110, 295);
insert into obserwujacy  values (127, 288);
insert into obserwujacy  values (17, 185);
insert into obserwujacy  values (136, 255);
insert into obserwujacy  values (3, 212);
insert into obserwujacy  values (82, 282);
insert into obserwujacy  values (113, 174);
insert into obserwujacy  values (126, 297);
insert into obserwujacy  values (146, 232);
insert into obserwujacy  values (102, 157);
insert into obserwujacy  values (7, 220);
insert into obserwujacy  values (68, 159);
insert into obserwujacy  values (30, 217);
insert into obserwujacy  values (98, 248);
insert into obserwujacy  values (18, 250);
insert into obserwujacy  values (97, 199);
insert into obserwujacy  values (94, 212);
insert into obserwujacy  values (43, 199);
insert into obserwujacy  values (86, 205);
insert into obserwujacy  values (43, 281);
insert into obserwujacy  values (16, 208);
insert into obserwujacy  values (51, 293);
insert into obserwujacy  values (96, 191);
insert into obserwujacy  values (67, 220);
insert into obserwujacy  values (69, 248);
insert into obserwujacy  values (76, 195);
insert into obserwujacy  values (21, 272);
insert into obserwujacy  values (72, 213);
insert into obserwujacy  values (54, 299);
insert into obserwujacy  values (27, 266);
insert into obserwujacy  values (36, 211);
insert into obserwujacy  values (95, 254);
insert into obserwujacy  values (87, 248);
insert into obserwujacy  values (5, 208);
insert into obserwujacy  values (79, 243);
insert into obserwujacy  values (138, 269);
insert into obserwujacy  values (17, 237);
insert into obserwujacy  values (123, 169);
insert into obserwujacy  values (121, 285);
insert into obserwujacy  values (83, 235);
insert into obserwujacy  values (108, 215);
insert into obserwujacy  values (51, 269);
insert into obserwujacy  values (20, 254);
insert into obserwujacy  values (18, 270);
insert into obserwujacy  values (139, 166);
insert into obserwujacy  values (4, 276);
insert into obserwujacy  values (133, 248);
insert into obserwujacy  values (142, 268);
insert into obserwujacy  values (64, 247);
insert into obserwujacy  values (102, 202);
insert into obserwujacy  values (80, 279);
insert into obserwujacy  values (18, 269);
insert into obserwujacy  values (109, 241);
insert into obserwujacy  values (81, 222);
insert into obserwujacy  values (37, 187);
insert into obserwujacy  values (130, 221);
insert into obserwujacy  values (18, 190);
insert into obserwujacy  values (136, 295);
insert into obserwujacy  values (68, 225);
insert into obserwujacy  values (129, 275);
insert into obserwujacy  values (2, 155);
insert into obserwujacy  values (75, 228);
insert into obserwujacy  values (85, 264);
insert into obserwujacy  values (51, 199);
insert into obserwujacy  values (66, 186);
insert into obserwujacy  values (120, 176);
insert into obserwujacy  values (6, 182);
insert into obserwujacy  values (19, 299);
insert into obserwujacy  values (19, 293);
insert into obserwujacy  values (55, 248);
insert into obserwujacy  values (63, 242);
insert into obserwujacy  values (24, 259);
insert into obserwujacy  values (45, 238);
insert into obserwujacy  values (94, 234);
insert into obserwujacy  values (85, 255);
insert into obserwujacy  values (7, 165);
insert into obserwujacy  values (91, 254);
insert into obserwujacy  values (54, 193);
insert into obserwujacy  values (62, 189);
insert into obserwujacy  values (3, 200);
insert into obserwujacy  values (124, 291);
insert into obserwujacy  values (100, 198);
insert into obserwujacy  values (150, 247);
insert into obserwujacy  values (91, 228);
insert into obserwujacy  values (16, 156);
insert into obserwujacy  values (86, 191);
insert into obserwujacy  values (59, 245);
insert into obserwujacy  values (18, 167);
insert into obserwujacy  values (148, 276);
insert into obserwujacy  values (103, 189);
insert into obserwujacy  values (94, 189);
insert into obserwujacy  values (145, 195);
insert into obserwujacy  values (82, 180);
insert into obserwujacy  values (102, 279);
insert into obserwujacy  values (97, 155);
insert into obserwujacy  values (45, 260);
insert into obserwujacy  values (38, 150);
insert into obserwujacy  values (121, 181);
insert into obserwujacy  values (102, 230);
insert into obserwujacy  values (81, 225);
insert into obserwujacy  values (36, 185);
insert into obserwujacy  values (51, 155);
insert into obserwujacy  values (48, 247);
insert into obserwujacy  values (45, 271);
insert into obserwujacy  values (97, 299);
insert into obserwujacy  values (115, 269);
insert into obserwujacy  values (85, 183);
insert into obserwujacy  values (106, 156);
insert into obserwujacy  values (47, 151);
insert into obserwujacy  values (93, 189);
insert into obserwujacy  values (145, 209);
insert into obserwujacy  values (127, 208);
insert into obserwujacy  values (119, 276);
insert into obserwujacy  values (61, 274);
insert into obserwujacy  values (53, 168);
insert into obserwujacy  values (125, 224);
insert into obserwujacy  values (44, 219);
insert into obserwujacy  values (97, 273);
insert into obserwujacy  values (144, 161);
insert into obserwujacy  values (90, 200);
insert into obserwujacy  values (83, 221);
insert into obserwujacy  values (149, 256);
insert into obserwujacy  values (67, 261);
insert into obserwujacy  values (76, 159);
insert into obserwujacy  values (100, 178);
insert into obserwujacy  values (106, 215);
insert into obserwujacy  values (109, 247);
insert into obserwujacy  values (136, 215);
insert into obserwujacy  values (89, 179);
insert into obserwujacy  values (121, 225);
insert into obserwujacy  values (120, 168);
insert into obserwujacy  values (70, 196);
insert into obserwujacy  values (122, 280);
insert into obserwujacy  values (63, 292);
insert into obserwujacy  values (50, 251);
insert into obserwujacy  values (117, 154);
insert into obserwujacy  values (35, 243);
insert into obserwujacy  values (19, 232);
insert into obserwujacy  values (80, 254);
insert into obserwujacy  values (32, 258);
insert into obserwujacy  values (25, 167);
insert into obserwujacy  values (117, 296);
insert into obserwujacy  values (84, 156);
insert into obserwujacy  values (83, 178);
insert into obserwujacy  values (55, 175);
insert into obserwujacy  values (32, 299);
insert into obserwujacy  values (71, 298);
insert into obserwujacy  values (114, 238);
insert into obserwujacy  values (106, 240);
insert into obserwujacy  values (57, 273);
insert into obserwujacy  values (140, 295);
insert into obserwujacy  values (81, 291);
insert into obserwujacy  values (47, 191);
insert into obserwujacy  values (47, 214);
insert into obserwujacy  values (89, 190);
insert into obserwujacy  values (77, 225);
insert into obserwujacy  values (132, 253);
insert into obserwujacy  values (41, 225);
insert into obserwujacy  values (143, 229);
insert into obserwujacy  values (21, 266);
insert into obserwujacy  values (146, 187);
insert into obserwujacy  values (92, 194);
insert into obserwujacy  values (67, 206);
insert into obserwujacy  values (74, 261);
insert into obserwujacy  values (89, 288);
insert into obserwujacy  values (61, 157);
insert into obserwujacy  values (141, 176);
insert into obserwujacy  values (9, 295);
insert into obserwujacy  values (95, 256);
insert into obserwujacy  values (144, 259);
insert into obserwujacy  values (84, 150);
insert into obserwujacy  values (65, 262);
insert into obserwujacy  values (6, 231);
insert into obserwujacy  values (100, 184);
insert into oceny(id_uzytkownika, id_utworu, ocena, data) values (195, 399, 8, to_date('21-3-2020', 'DD-MM-YYYY'));
insert into oceny(id_uzytkownika, id_utworu, ocena, data) values (141, 399, 3, to_date('5-10-2020', 'DD-MM-YYYY'));
insert into oceny(id_uzytkownika, id_utworu, ocena, data) values (8, 399, 2, to_date('22-1-2020', 'DD-MM-YYYY'));
insert into oceny(id_uzytkownika, id_utworu, ocena, data) values (76, 398, 1, to_date('13-10-2019', 'DD-MM-YYYY'));
insert into oceny(id_uzytkownika, id_utworu, ocena, data) values (118, 394, 3, to_date('7-11-2021', 'DD-MM-YYYY'));
insert into oceny(id_uzytkownika, id_utworu, ocena, data) values (11, 394, 6, to_date('17-2-2021', 'DD-MM-YYYY'));
insert into oceny(id_uzytkownika, id_utworu, ocena, data) values (35, 394, 8, to_date('20-11-2021', 'DD-MM-YYYY'));
insert into oceny(id_uzytkownika, id_utworu, ocena, data) values (16, 394, 5, to_date('26-3-2021', 'DD-MM-YYYY'));
insert into oceny(id_uzytkownika, id_utworu, ocena, data) values (102, 394, 5, to_date('16-4-2021', 'DD-MM-YYYY'));
insert into oceny(id_uzytkownika, id_utworu, ocena, data) values (51, 390, 10, to_date('24-6-2021', 'DD-MM-YYYY'));
insert into oceny(id_uzytkownika, id_utworu, ocena, data) values (104, 390, 6, to_date('22-12-2021', 'DD-MM-YYYY'));
insert into oceny(id_uzytkownika, id_utworu, ocena, data) values (53, 390, 6, to_date('27-1-2021', 'DD-MM-YYYY'));
insert into oceny(id_uzytkownika, id_utworu, ocena, data) values (182, 390, 1, to_date('5-8-2021', 'DD-MM-YYYY') );
insert into oceny(id_uzytkownika, id_utworu, ocena, data) values (24, 389, 10, to_date('18-10-2019', 'DD-MM-YYYY'));
insert into oceny(id_uzytkownika, id_utworu, ocena, data) values (176, 389, 10, to_date('12-4-2019', 'DD-MM-YYYY'));
insert into oceny(id_uzytkownika, id_utworu, ocena, data) values (127, 389, 2, to_date('25-3-2019', 'DD-MM-YYYY'));
insert into oceny(id_uzytkownika, id_utworu, ocena, data) values (155, 389, 6, to_date('7-5-2019', 'DD-MM-YYYY'));
insert into oceny(id_uzytkownika, id_utworu, ocena, data) values (61, 389, 3, to_date('26-4-2019', 'DD-MM-YYYY'));
insert into oceny(id_uzytkownika, id_utworu, ocena, data) values (102, 387, 8, to_date('18-6-2020', 'DD-MM-YYYY'));
insert into oceny(id_uzytkownika, id_utworu, ocena, data) values (159, 387, 9, to_date('10-5-2020', 'DD-MM-YYYY'));
insert into oceny(id_uzytkownika, id_utworu, ocena, data) values (72, 387, 7, to_date('8-10-2020', 'DD-MM-YYYY'));
insert into oceny(id_uzytkownika, id_utworu, ocena, data) values (25, 387, 3, to_date('25-10-2020', 'DD-MM-YYYY'));
insert into oceny(id_uzytkownika, id_utworu, ocena, data) values (152, 387, 6, to_date('9-3-2020', 'DD-MM-YYYY'));
insert into oceny(id_uzytkownika, id_utworu, ocena, data) values (103, 384, 9, to_date('2-12-2017', 'DD-MM-YYYY'));
insert into oceny(id_uzytkownika, id_utworu, ocena, data) values (189, 384, 2, to_date('18-3-2017', 'DD-MM-YYYY'));
insert into oceny(id_uzytkownika, id_utworu, ocena, data) values (96, 383, 4, to_date('16-6-2020', 'DD-MM-YYYY'));
insert into oceny(id_uzytkownika, id_utworu, ocena, data) values (102, 383, 1, to_date('12-3-2020', 'DD-MM-YYYY'));
insert into oceny(id_uzytkownika, id_utworu, ocena, data) values (192, 383, 2, to_date('11-7-2020', 'DD-MM-YYYY'));
insert into oceny(id_uzytkownika, id_utworu, ocena, data) values (75, 383, 5, to_date('25-4-2020', 'DD-MM-YYYY'));
insert into oceny(id_uzytkownika, id_utworu, ocena, data) values (84, 383, 4, to_date('5-12-2020', 'DD-MM-YYYY'));
insert into oceny(id_uzytkownika, id_utworu, ocena, data) values (71, 381, 10, to_date('5-10-2017', 'DD-MM-YYYY'));
insert into oceny(id_uzytkownika, id_utworu, ocena, data) values (56, 381, 1, to_date('21-4-2017', 'DD-MM-YYYY'));
insert into oceny(id_uzytkownika, id_utworu, ocena, data) values (178, 381, 3, to_date('1-12-2017', 'DD-MM-YYYY'));
insert into oceny(id_uzytkownika, id_utworu, ocena, data) values (107, 380, 7, to_date('8-5-2019', 'DD-MM-YYYY'));
insert into oceny(id_uzytkownika, id_utworu, ocena, data) values (125, 380, 2, to_date('12-9-2019', 'DD-MM-YYYY'));
insert into oceny(id_uzytkownika, id_utworu, ocena, data) values (37, 380, 3, to_date('10-6-2019', 'DD-MM-YYYY'));
insert into oceny(id_uzytkownika, id_utworu, ocena, data) values (76, 380, 6, to_date('17-9-2019', 'DD-MM-YYYY'));
insert into oceny(id_uzytkownika, id_utworu, ocena, data) values (37, 378, 3, to_date('28-7-2016', 'DD-MM-YYYY'));
insert into oceny(id_uzytkownika, id_utworu, ocena, data) values (58, 378, 9, to_date('6-4-2016', 'DD-MM-YYYY'));
insert into oceny(id_uzytkownika, id_utworu, ocena, data) values (66, 375, 7, to_date('2-1-2019', 'DD-MM-YYYY'));
insert into oceny(id_uzytkownika, id_utworu, ocena, data) values (133, 375, 4, to_date('10-6-2019', 'DD-MM-YYYY'));
insert into oceny(id_uzytkownika, id_utworu, ocena, data) values (171, 375, 10, to_date('26-8-2019', 'DD-MM-YYYY'));
insert into oceny(id_uzytkownika, id_utworu, ocena, data) values (179, 371, 8, to_date('14-1-2021', 'DD-MM-YYYY'));
insert into oceny(id_uzytkownika, id_utworu, ocena, data) values (135, 371, 1, to_date('6-11-2021', 'DD-MM-YYYY'));
insert into oceny(id_uzytkownika, id_utworu, ocena, data) values (125, 371, 5, to_date('1-8-2021', 'DD-MM-YYYY'));
insert into oceny(id_uzytkownika, id_utworu, ocena, data) values (153, 371, 5, to_date('11-4-2021', 'DD-MM-YYYY'));
insert into oceny(id_uzytkownika, id_utworu, ocena, data) values (99, 371, 3, to_date('27-8-2021', 'DD-MM-YYYY'));
insert into oceny(id_uzytkownika, id_utworu, ocena, data) values (78, 370, 10, to_date('1-3-2016', 'DD-MM-YYYY'));
insert into oceny(id_uzytkownika, id_utworu, ocena, data) values (174, 370, 10, to_date('8-5-2016', 'DD-MM-YYYY'));
insert into oceny(id_uzytkownika, id_utworu, ocena, data) values (171, 370, 5, to_date('9-4-2016', 'DD-MM-YYYY'));
insert into oceny(id_uzytkownika, id_utworu, ocena, data) values (192, 370, 2, to_date('7-5-2016', 'DD-MM-YYYY'));
insert into oceny(id_uzytkownika, id_utworu, ocena, data) values (34, 370, 3, to_date('28-5-2016', 'DD-MM-YYYY'));
insert into oceny(id_uzytkownika, id_utworu, ocena, data) values (25, 368, 1, to_date('20-7-2017', 'DD-MM-YYYY'));
insert into oceny(id_uzytkownika, id_utworu, ocena, data) values (179, 368, 9, to_date('5-11-2017', 'DD-MM-YYYY'));
insert into oceny(id_uzytkownika, id_utworu, ocena, data) values (155, 367, 7, to_date('20-10-2018', 'DD-MM-YYYY'));
insert into oceny(id_uzytkownika, id_utworu, ocena, data) values (144, 367, 6, to_date('10-11-2018', 'DD-MM-YYYY'));
insert into oceny(id_uzytkownika, id_utworu, ocena, data) values (128, 367, 6, to_date('1-8-2018', 'DD-MM-YYYY'));
insert into oceny(id_uzytkownika, id_utworu, ocena, data) values (192, 366, 2, to_date('8-9-2016', 'DD-MM-YYYY'));
insert into oceny(id_uzytkownika, id_utworu, ocena, data) values (124, 366, 7, to_date('8-12-2016', 'DD-MM-YYYY'));
insert into oceny(id_uzytkownika, id_utworu, ocena, data) values (76, 366, 1, to_date('1-3-2016', 'DD-MM-YYYY'));
insert into oceny(id_uzytkownika, id_utworu, ocena, data) values (23, 364, 10, to_date('7-9-2017', 'DD-MM-YYYY'));
insert into oceny(id_uzytkownika, id_utworu, ocena, data) values (92, 363, 10, to_date('21-9-2016', 'DD-MM-YYYY'));
insert into oceny(id_uzytkownika, id_utworu, ocena, data) values (6, 363, 2, to_date('5-10-2016', 'DD-MM-YYYY'));
insert into oceny(id_uzytkownika, id_utworu, ocena, data) values (108, 363, 7, to_date('28-4-2016', 'DD-MM-YYYY'));
insert into oceny(id_uzytkownika, id_utworu, ocena, data) values (152, 359, 3, to_date('25-4-2017', 'DD-MM-YYYY'));
insert into oceny(id_uzytkownika, id_utworu, ocena, data) values (28, 358, 3, to_date('26-7-2020', 'DD-MM-YYYY'));
insert into oceny(id_uzytkownika, id_utworu, ocena, data) values (51, 358, 7, to_date('7-8-2020', 'DD-MM-YYYY'));
insert into oceny(id_uzytkownika, id_utworu, ocena, data) values (186, 358, 1, to_date('3-5-2020', 'DD-MM-YYYY'));
insert into oceny(id_uzytkownika, id_utworu, ocena, data) values (62, 357, 8, to_date('24-7-2016', 'DD-MM-YYYY'));
insert into oceny(id_uzytkownika, id_utworu, ocena, data) values (118, 357, 9, to_date('22-12-2016', 'DD-MM-YYYY'));
insert into oceny(id_uzytkownika, id_utworu, ocena, data) values (9, 356, 5, to_date('3-3-2020', 'DD-MM-YYYY'));
insert into oceny(id_uzytkownika, id_utworu, ocena, data) values (81, 356, 9, to_date('14-4-2020', 'DD-MM-YYYY'));
insert into oceny(id_uzytkownika, id_utworu, ocena, data) values (119, 356, 6, to_date('26-7-2020', 'DD-MM-YYYY'));
insert into oceny(id_uzytkownika, id_utworu, ocena, data) values (23, 355, 6, to_date('6-1-2017', 'DD-MM-YYYY'));
insert into oceny(id_uzytkownika, id_utworu, ocena, data) values (32, 355, 5, to_date('21-8-2017', 'DD-MM-YYYY'));
insert into oceny(id_uzytkownika, id_utworu, ocena, data) values (169, 355, 10, to_date('28-4-2017', 'DD-MM-YYYY'));
insert into oceny(id_uzytkownika, id_utworu, ocena, data) values (59, 355, 3, to_date('12-6-2017', 'DD-MM-YYYY'));
insert into oceny(id_uzytkownika, id_utworu, ocena, data) values (107, 354, 10, to_date('17-10-2019', 'DD-MM-YYYY'));
insert into oceny(id_uzytkownika, id_utworu, ocena, data) values (124, 354, 7, to_date('18-5-2019', 'DD-MM-YYYY'));
insert into oceny(id_uzytkownika, id_utworu, ocena, data) values (33, 354, 2, to_date('7-5-2019', 'DD-MM-YYYY'));
insert into oceny(id_uzytkownika, id_utworu, ocena, data) values (137, 354, 3, to_date('11-6-2019', 'DD-MM-YYYY'));
insert into oceny(id_uzytkownika, id_utworu, ocena, data) values (92, 353, 6, to_date('15-8-2020', 'DD-MM-YYYY'));
insert into oceny(id_uzytkownika, id_utworu, ocena, data) values (167, 352, 2, to_date('27-2-2017', 'DD-MM-YYYY'));
insert into oceny(id_uzytkownika, id_utworu, ocena, data) values (79, 352, 9, to_date('26-10-2017', 'DD-MM-YYYY'));
insert into oceny(id_uzytkownika, id_utworu, ocena, data) values (70, 352, 7, to_date('27-2-2017', 'DD-MM-YYYY'));
insert into oceny(id_uzytkownika, id_utworu, ocena, data) values (177, 352, 7, to_date('24-4-2017', 'DD-MM-YYYY'));
insert into oceny(id_uzytkownika, id_utworu, ocena, data) values (41, 352, 9, to_date('14-3-2017', 'DD-MM-YYYY'));
insert into oceny(id_uzytkownika, id_utworu, ocena, data) values (165, 349, 7, to_date('22-1-2016', 'DD-MM-YYYY'));
insert into oceny(id_uzytkownika, id_utworu, ocena, data) values (15, 349, 4, to_date('26-10-2016', 'DD-MM-YYYY'));
insert into oceny(id_uzytkownika, id_utworu, ocena, data) values (140, 349, 10, to_date('12-1-2016', 'DD-MM-YYYY'));
insert into oceny(id_uzytkownika, id_utworu, ocena, data) values (126, 349, 5, to_date('19-3-2016', 'DD-MM-YYYY'));
insert into oceny(id_uzytkownika, id_utworu, ocena, data) values (126, 348, 8, to_date('17-11-2017', 'DD-MM-YYYY'));
insert into oceny(id_uzytkownika, id_utworu, ocena, data) values (133, 346, 9, to_date('2-8-2020', 'DD-MM-YYYY'));
insert into oceny(id_uzytkownika, id_utworu, ocena, data) values (88, 346, 7, to_date('1-6-2020', 'DD-MM-YYYY'));
insert into oceny(id_uzytkownika, id_utworu, ocena, data) values (12, 346, 9, to_date('4-5-2020', 'DD-MM-YYYY'));
insert into oceny(id_uzytkownika, id_utworu, ocena, data) values (115, 345, 7, to_date('13-2-2016', 'DD-MM-YYYY'));
insert into oceny(id_uzytkownika, id_utworu, ocena, data) values (61, 345, 4, to_date('7-8-2016', 'DD-MM-YYYY'));
insert into oceny(id_uzytkownika, id_utworu, ocena, data) values (148, 345, 1, to_date('17-5-2016', 'DD-MM-YYYY'));
insert into oceny(id_uzytkownika, id_utworu, ocena, data) values (129, 345, 1, to_date('18-5-2016', 'DD-MM-YYYY'));
insert into oceny(id_uzytkownika, id_utworu, ocena, data) values (100, 345, 5, to_date('16-6-2016', 'DD-MM-YYYY'));
insert into oceny(id_uzytkownika, id_utworu, ocena, data) values (195, 344, 6, to_date('25-1-2016', 'DD-MM-YYYY'));
insert into oceny(id_uzytkownika, id_utworu, ocena, data) values (26, 340, 5, to_date('13-6-2016', 'DD-MM-YYYY'));
insert into oceny(id_uzytkownika, id_utworu, ocena, data) values (68, 338, 9, to_date('9-12-2019', 'DD-MM-YYYY'));
insert into oceny(id_uzytkownika, id_utworu, ocena, data) values (95, 338, 5, to_date('7-10-2019', 'DD-MM-YYYY'));
insert into oceny(id_uzytkownika, id_utworu, ocena, data) values (125, 338, 2, to_date('21-5-2019', 'DD-MM-YYYY'));
insert into oceny(id_uzytkownika, id_utworu, ocena, data) values (141, 338, 7, to_date('8-9-2019', 'DD-MM-YYYY'));
insert into oceny(id_uzytkownika, id_utworu, ocena, data) values (65, 336, 2, to_date('26-4-2019', 'DD-MM-YYYY'));
insert into oceny(id_uzytkownika, id_utworu, ocena, data) values (110, 336, 2, to_date('14-1-2019', 'DD-MM-YYYY'));
insert into oceny(id_uzytkownika, id_utworu, ocena, data) values (124, 334, 4, to_date('27-4-2016', 'DD-MM-YYYY'));
insert into oceny(id_uzytkownika, id_utworu, ocena, data) values (159, 334, 9, to_date('20-7-2016', 'DD-MM-YYYY'));
insert into oceny(id_uzytkownika, id_utworu, ocena, data) values (162, 334, 9, to_date('7-3-2016', 'DD-MM-YYYY'));
insert into oceny(id_uzytkownika, id_utworu, ocena, data) values (117, 331, 8, to_date('2-3-2016', 'DD-MM-YYYY'));
insert into oceny(id_uzytkownika, id_utworu, ocena, data) values (166, 330, 1, to_date('15-9-2021', 'DD-MM-YYYY'));
insert into oceny(id_uzytkownika, id_utworu, ocena, data) values (116, 330, 1, to_date('4-7-2021', 'DD-MM-YYYY') );
insert into oceny(id_uzytkownika, id_utworu, ocena, data) values (138, 330, 3, to_date('2-3-2021', 'DD-MM-YYYY') );
insert into oceny(id_uzytkownika, id_utworu, ocena, data) values (134, 329, 7, to_date('7-11-2019', 'DD-MM-YYYY'));
insert into oceny(id_uzytkownika, id_utworu, ocena, data) values (122, 329, 4, to_date('10-9-2019', 'DD-MM-YYYY'));
insert into oceny(id_uzytkownika, id_utworu, ocena, data) values (34, 329, 8, to_date('10-3-2019', 'DD-MM-YYYY'));
insert into oceny(id_uzytkownika, id_utworu, ocena, data) values (32, 329, 1, to_date('11-1-2019', 'DD-MM-YYYY'));
insert into oceny(id_uzytkownika, id_utworu, ocena, data) values (98, 329, 1, to_date('23-6-2019', 'DD-MM-YYYY'));
insert into oceny(id_uzytkownika, id_utworu, ocena, data) values (100, 327, 9, to_date('17-12-2020', 'DD-MM-YYYY'));
insert into oceny(id_uzytkownika, id_utworu, ocena, data) values (129, 322, 9, to_date('20-6-2020', 'DD-MM-YYYY'));
insert into oceny(id_uzytkownika, id_utworu, ocena, data) values (68, 322, 8, to_date('11-11-2020', 'DD-MM-YYYY'));
insert into oceny(id_uzytkownika, id_utworu, ocena, data) values (170, 322, 3, to_date('28-3-2020', 'DD-MM-YYYY'));
insert into oceny(id_uzytkownika, id_utworu, ocena, data) values (82, 319, 1, to_date('20-5-2017', 'DD-MM-YYYY'));
insert into oceny(id_uzytkownika, id_utworu, ocena, data) values (165, 319, 10, to_date('12-11-2017', 'DD-MM-YYYY'));
insert into oceny(id_uzytkownika, id_utworu, ocena, data) values (22, 319, 4, to_date('22-7-2017', 'DD-MM-YYYY'));
insert into oceny(id_uzytkownika, id_utworu, ocena, data) values (14, 319, 5, to_date('27-6-2017', 'DD-MM-YYYY'));
insert into oceny(id_uzytkownika, id_utworu, ocena, data) values (166, 319, 9, to_date('3-5-2017', 'DD-MM-YYYY'));
insert into oceny(id_uzytkownika, id_utworu, ocena, data) values (69, 318, 10, to_date('6-12-2016', 'DD-MM-YYYY'));
insert into oceny(id_uzytkownika, id_utworu, ocena, data) values (73, 316, 10, to_date('23-10-2020', 'DD-MM-YYYY'));
insert into oceny(id_uzytkownika, id_utworu, ocena, data) values (193, 316, 7, to_date('25-4-2020', 'DD-MM-YYYY'));
insert into oceny(id_uzytkownika, id_utworu, ocena, data) values (170, 316, 5, to_date('22-9-2020', 'DD-MM-YYYY'));
insert into oceny(id_uzytkownika, id_utworu, ocena, data) values (152, 316, 3, to_date('9-4-2020', 'DD-MM-YYYY'));
insert into oceny(id_uzytkownika, id_utworu, ocena, data) values (134, 312, 6, to_date('23-2-2019', 'DD-MM-YYYY'));
insert into oceny(id_uzytkownika, id_utworu, ocena, data) values (12, 312, 3, to_date('21-9-2019', 'DD-MM-YYYY'));
insert into oceny(id_uzytkownika, id_utworu, ocena, data) values (142, 312, 9, to_date('27-1-2019', 'DD-MM-YYYY'));
insert into oceny(id_uzytkownika, id_utworu, ocena, data) values (41, 312, 1, to_date('9-1-2019', 'DD-MM-YYYY'));
insert into oceny(id_uzytkownika, id_utworu, ocena, data) values (38, 311, 10, to_date('2-9-2017', 'DD-MM-YYYY'));
insert into oceny(id_uzytkownika, id_utworu, ocena, data) values (33, 311, 8, to_date('5-7-2017', 'DD-MM-YYYY'));
insert into oceny(id_uzytkownika, id_utworu, ocena, data) values (28, 309, 10, to_date('25-8-2019', 'DD-MM-YYYY'));
insert into oceny(id_uzytkownika, id_utworu, ocena, data) values (178, 309, 4, to_date('25-3-2019', 'DD-MM-YYYY'));
insert into oceny(id_uzytkownika, id_utworu, ocena, data) values (187, 308, 3, to_date('18-3-2018', 'DD-MM-YYYY'));
insert into oceny(id_uzytkownika, id_utworu, ocena, data) values (98, 308, 9, to_date('26-1-2018', 'DD-MM-YYYY'));
insert into oceny(id_uzytkownika, id_utworu, ocena, data) values (148, 308, 4, to_date('19-9-2018', 'DD-MM-YYYY'));
insert into oceny(id_uzytkownika, id_utworu, ocena, data) values (68, 308, 1, to_date('8-12-2018', 'DD-MM-YYYY'));
insert into oceny(id_uzytkownika, id_utworu, ocena, data) values (199, 307, 8, to_date('10-12-2018', 'DD-MM-YYYY'));
insert into oceny(id_uzytkownika, id_utworu, ocena, data) values (72, 307, 8, to_date('16-7-2018', 'DD-MM-YYYY'));
insert into oceny(id_uzytkownika, id_utworu, ocena, data) values (134, 307, 7, to_date('18-3-2018', 'DD-MM-YYYY'));
insert into oceny(id_uzytkownika, id_utworu, ocena, data) values (161, 307, 5, to_date('20-11-2018', 'DD-MM-YYYY'));
insert into oceny(id_uzytkownika, id_utworu, ocena, data) values (49, 307, 7, to_date('25-2-2018', 'DD-MM-YYYY'));
insert into oceny(id_uzytkownika, id_utworu, ocena, data) values (44, 304, 8, to_date('15-1-2019', 'DD-MM-YYYY'));
insert into oceny(id_uzytkownika, id_utworu, ocena, data) values (146, 304, 2, to_date('10-4-2019', 'DD-MM-YYYY'));
insert into oceny(id_uzytkownika, id_utworu, ocena, data) values (61, 304, 2, to_date('16-7-2019', 'DD-MM-YYYY'));
insert into oceny(id_uzytkownika, id_utworu, ocena, data) values (133, 304, 5, to_date('1-3-2019', 'DD-MM-YYYY'));
insert into oceny(id_uzytkownika, id_utworu, ocena, data) values (5, 303, 6, to_date('23-9-2018', 'DD-MM-YYYY'));
insert into oceny(id_uzytkownika, id_utworu, ocena, data) values (127, 303, 1, to_date('16-4-2018', 'DD-MM-YYYY'));
insert into oceny(id_uzytkownika, id_utworu, ocena, data) values (60, 303, 3, to_date('1-7-2018', 'DD-MM-YYYY'));
insert into oceny(id_uzytkownika, id_utworu, ocena, data) values (193, 303, 3, to_date('20-6-2018', 'DD-MM-YYYY'));
insert into oceny(id_uzytkownika, id_utworu, ocena, data) values (15, 303, 6, to_date('16-11-2018', 'DD-MM-YYYY'));
insert into oceny(id_uzytkownika, id_utworu, ocena, data) values (197, 301, 6, to_date('3-6-2017', 'DD-MM-YYYY'));
insert into oceny(id_uzytkownika, id_utworu, ocena, data) values (116, 301, 7, to_date('10-2-2017', 'DD-MM-YYYY'));
insert into oceny(id_uzytkownika, id_utworu, ocena, data) values (132, 301, 10, to_date('19-4-2017', 'DD-MM-YYYY'));
insert into oceny(id_uzytkownika, id_utworu, ocena, data) values (156, 301, 5, to_date('9-3-2017', 'DD-MM-YYYY'));
insert into oceny(id_uzytkownika, id_utworu, ocena, data) values (143, 301, 7, to_date('7-5-2017', 'DD-MM-YYYY'));
insert into oceny(id_uzytkownika, id_utworu, ocena, data) values (80, 300, 5, to_date('7-3-2016', 'DD-MM-YYYY'));
insert into oceny(id_uzytkownika, id_utworu, ocena, data) values (41, 297, 4, to_date('4-5-2019', 'DD-MM-YYYY'));
insert into oceny(id_uzytkownika, id_utworu, ocena, data) values (54, 297, 10, to_date('19-3-2019', 'DD-MM-YYYY'));
insert into oceny(id_uzytkownika, id_utworu, ocena, data) values (148, 296, 6, to_date('5-12-2020', 'DD-MM-YYYY') );
insert into oceny(id_uzytkownika, id_utworu, ocena, data) values (95, 296, 6, to_date('13-3-2020', 'DD-MM-YYYY'));
insert into oceny(id_uzytkownika, id_utworu, ocena, data) values (153, 296, 1, to_date('19-1-2020', 'DD-MM-YYYY'));
insert into oceny(id_uzytkownika, id_utworu, ocena, data) values (62, 290, 4, to_date('10-12-2019', 'DD-MM-YYYY'));
insert into oceny(id_uzytkownika, id_utworu, ocena, data) values (75, 290, 10, to_date('21-6-2019', 'DD-MM-YYYY'));
insert into oceny(id_uzytkownika, id_utworu, ocena, data) values (18, 290, 3, to_date('2-11-2019', 'DD-MM-YYYY'));
insert into oceny(id_uzytkownika, id_utworu, ocena, data) values (103, 289, 9, to_date('26-5-2020', 'DD-MM-YYYY'));
insert into oceny(id_uzytkownika, id_utworu, ocena, data) values (146, 289, 7, to_date('22-11-2020', 'DD-MM-YYYY'));
insert into oceny(id_uzytkownika, id_utworu, ocena, data) values (148, 289, 4, to_date('19-4-2020', 'DD-MM-YYYY'));
insert into oceny(id_uzytkownika, id_utworu, ocena, data) values (182, 289, 6, to_date('21-6-2020', 'DD-MM-YYYY'));
insert into oceny(id_uzytkownika, id_utworu, ocena, data) values (15, 289, 8, to_date('1-2-2020', 'DD-MM-YYYY'));
insert into oceny(id_uzytkownika, id_utworu, ocena, data) values (93, 287, 7, to_date('12-3-2018', 'DD-MM-YYYY'));
insert into oceny(id_uzytkownika, id_utworu, ocena, data) values (110, 287, 6, to_date('12-2-2018', 'DD-MM-YYYY'));
insert into oceny(id_uzytkownika, id_utworu, ocena, data) values (44, 287, 2, to_date('5-6-2018', 'DD-MM-YYYY'));
insert into oceny(id_uzytkownika, id_utworu, ocena, data) values (104, 287, 3, to_date('12-5-2018', 'DD-MM-YYYY'));
insert into oceny(id_uzytkownika, id_utworu, ocena, data) values (7, 287, 7, to_date('3-10-2018', 'DD-MM-YYYY'));
insert into oceny(id_uzytkownika, id_utworu, ocena, data) values (35, 284, 4, to_date('6-3-2019', 'DD-MM-YYYY'));
insert into oceny(id_uzytkownika, id_utworu, ocena, data) values (118, 284, 9, to_date('19-10-2019', 'DD-MM-YYYY'));
insert into oceny(id_uzytkownika, id_utworu, ocena, data) values (18, 282, 1, to_date('3-1-2020', 'DD-MM-YYYY'));
insert into oceny(id_uzytkownika, id_utworu, ocena, data) values (187, 282, 8, to_date('23-10-2020', 'DD-MM-YYYY'));
insert into oceny(id_uzytkownika, id_utworu, ocena, data) values (149, 282, 9, to_date('12-6-2020', 'DD-MM-YYYY'));
insert into oceny(id_uzytkownika, id_utworu, ocena, data) values (20, 282, 2, to_date('21-6-2020', 'DD-MM-YYYY'));
insert into oceny(id_uzytkownika, id_utworu, ocena, data) values (12, 281, 4, to_date('27-7-2020', 'DD-MM-YYYY'));
insert into oceny(id_uzytkownika, id_utworu, ocena, data) values (48, 281, 1, to_date('27-4-2020', 'DD-MM-YYYY'));
insert into oceny(id_uzytkownika, id_utworu, ocena, data) values (99, 281, 10, to_date('18-8-2020', 'DD-MM-YYYY'));
insert into oceny(id_uzytkownika, id_utworu, ocena, data) values (175, 280, 5, to_date('7-1-2020', 'DD-MM-YYYY'));
insert into oceny(id_uzytkownika, id_utworu, ocena, data) values (128, 280, 8, to_date('9-7-2020', 'DD-MM-YYYY'));
insert into oceny(id_uzytkownika, id_utworu, ocena, data) values (173, 278, 1, to_date('8-12-2016', 'DD-MM-YYYY'));
insert into oceny(id_uzytkownika, id_utworu, ocena, data) values (44, 278, 7, to_date('6-7-2016', 'DD-MM-YYYY'));
insert into oceny(id_uzytkownika, id_utworu, ocena, data) values (100, 277, 5, to_date('4-7-2020', 'DD-MM-YYYY'));
insert into oceny(id_uzytkownika, id_utworu, ocena, data) values (60, 277, 7, to_date('28-7-2020', 'DD-MM-YYYY'));
insert into oceny(id_uzytkownika, id_utworu, ocena, data) values (87, 277, 7, to_date('24-9-2020', 'DD-MM-YYYY'));
insert into oceny(id_uzytkownika, id_utworu, ocena, data) values (68, 277, 4, to_date('15-10-2020', 'DD-MM-YYYY'));
insert into oceny(id_uzytkownika, id_utworu, ocena, data) values (149, 277, 1, to_date('27-6-2020', 'DD-MM-YYYY'));
insert into oceny(id_uzytkownika, id_utworu, ocena, data) values (41, 276, 4, to_date('6-8-2018', 'DD-MM-YYYY'));
insert into oceny(id_uzytkownika, id_utworu, ocena, data) values (99, 276, 2, to_date('8-9-2018', 'DD-MM-YYYY'));
insert into oceny(id_uzytkownika, id_utworu, ocena, data) values (116, 276, 4, to_date('13-7-2018', 'DD-MM-YYYY'));
insert into oceny(id_uzytkownika, id_utworu, ocena, data) values (71, 273, 5, to_date('16-3-2019', 'DD-MM-YYYY'));
insert into oceny(id_uzytkownika, id_utworu, ocena, data) values (160, 273, 4, to_date('13-12-2019', 'DD-MM-YYYY'));
insert into oceny(id_uzytkownika, id_utworu, ocena, data) values (195, 273, 2, to_date('27-4-2019', 'DD-MM-YYYY'));
insert into oceny(id_uzytkownika, id_utworu, ocena, data) values (132, 273, 2, to_date('19-9-2019', 'DD-MM-YYYY'));
insert into oceny(id_uzytkownika, id_utworu, ocena, data) values (129, 272, 4, to_date('26-5-2019', 'DD-MM-YYYY'));
insert into oceny(id_uzytkownika, id_utworu, ocena, data) values (51, 272, 8, to_date('26-8-2019', 'DD-MM-YYYY'));
insert into oceny(id_uzytkownika, id_utworu, ocena, data) values (119, 272, 7, to_date('2-9-2019', 'DD-MM-YYYY'));
insert into oceny(id_uzytkownika, id_utworu, ocena, data) values (94, 272, 6, to_date('2-4-2019', 'DD-MM-YYYY'));
insert into oceny(id_uzytkownika, id_utworu, ocena, data) values (56, 271, 1, to_date('9-5-2019', 'DD-MM-YYYY'));
insert into oceny(id_uzytkownika, id_utworu, ocena, data) values (86, 271, 1, to_date('25-11-2019', 'DD-MM-YYYY'));
insert into oceny(id_uzytkownika, id_utworu, ocena, data) values (161, 271, 1, to_date('21-3-2019', 'DD-MM-YYYY'));
insert into oceny(id_uzytkownika, id_utworu, ocena, data) values (20, 271, 10, to_date('9-3-2019', 'DD-MM-YYYY'));
insert into oceny(id_uzytkownika, id_utworu, ocena, data) values (65, 271, 5, to_date('2-11-2019', 'DD-MM-YYYY'));
insert into oceny(id_uzytkownika, id_utworu, ocena, data) values (127, 270, 6, to_date('22-11-2020', 'DD-MM-YYYY'));
insert into oceny(id_uzytkownika, id_utworu, ocena, data) values (27, 269, 3, to_date('26-5-2016', 'DD-MM-YYYY'));
insert into oceny(id_uzytkownika, id_utworu, ocena, data) values (40, 269, 6, to_date('7-12-2016', 'DD-MM-YYYY'));
insert into oceny(id_uzytkownika, id_utworu, ocena, data) values (34, 265, 5, to_date('18-9-2016', 'DD-MM-YYYY'));
insert into oceny(id_uzytkownika, id_utworu, ocena, data) values (189, 265, 3, to_date('5-4-2016', 'DD-MM-YYYY'));
insert into oceny(id_uzytkownika, id_utworu, ocena, data) values (93, 265, 5, to_date('12-10-2016', 'DD-MM-YYYY'));
insert into oceny(id_uzytkownika, id_utworu, ocena, data) values (60, 265, 9, to_date('9-4-2016', 'DD-MM-YYYY'));
insert into oceny(id_uzytkownika, id_utworu, ocena, data) values (40, 265, 3, to_date('14-5-2016', 'DD-MM-YYYY'));
insert into oceny(id_uzytkownika, id_utworu, ocena, data) values (45, 264, 6, to_date('16-3-2016', 'DD-MM-YYYY'));
insert into oceny(id_uzytkownika, id_utworu, ocena, data) values (46, 264, 4, to_date('8-7-2016', 'DD-MM-YYYY'));
insert into oceny(id_uzytkownika, id_utworu, ocena, data) values (116, 264, 8, to_date('6-7-2016', 'DD-MM-YYYY'));
insert into oceny(id_uzytkownika, id_utworu, ocena, data) values (130, 264, 10, to_date('4-5-2016', 'DD-MM-YYYY'));
insert into oceny(id_uzytkownika, id_utworu, ocena, data) values (113, 261, 9, to_date('7-12-2018', 'DD-MM-YYYY'));
insert into oceny(id_uzytkownika, id_utworu, ocena, data) values (81, 261, 6, to_date('25-7-2018', 'DD-MM-YYYY'));
insert into oceny(id_uzytkownika, id_utworu, ocena, data) values (58, 261, 8, to_date('3-9-2018', 'DD-MM-YYYY'));
insert into oceny(id_uzytkownika, id_utworu, ocena, data) values (141, 250, 5, to_date('3-1-2017', 'DD-MM-YYYY'));
insert into oceny(id_uzytkownika, id_utworu, ocena, data) values (18, 250, 6, to_date('8-1-2017', 'DD-MM-YYYY'));
insert into oceny(id_uzytkownika, id_utworu, ocena, data) values (4, 250, 7, to_date('1-7-2017', 'DD-MM-YYYY'));
insert into oceny(id_uzytkownika, id_utworu, ocena, data) values (173, 250, 9, to_date('15-9-2017', 'DD-MM-YYYY'));
insert into oceny(id_uzytkownika, id_utworu, ocena, data) values (110, 247, 10, to_date('13-1-2019', 'DD-MM-YYYY'));
insert into oceny(id_uzytkownika, id_utworu, ocena, data) values (18, 247, 7, to_date('25-6-2019', 'DD-MM-YYYY'));
insert into oceny(id_uzytkownika, id_utworu, ocena, data) values (87, 247, 4, to_date('16-9-2019', 'DD-MM-YYYY'));
insert into oceny(id_uzytkownika, id_utworu, ocena, data) values (183, 246, 3, to_date('18-5-2019', 'DD-MM-YYYY'));
insert into oceny(id_uzytkownika, id_utworu, ocena, data) values (64, 246, 2, to_date('28-10-2019', 'DD-MM-YYYY'));
insert into oceny(id_uzytkownika, id_utworu, ocena, data) values (135, 246, 3, to_date('24-4-2019', 'DD-MM-YYYY'));
insert into oceny(id_uzytkownika, id_utworu, ocena, data) values (63, 246, 9, to_date('9-3-2019', 'DD-MM-YYYY'));
insert into oceny(id_uzytkownika, id_utworu, ocena, data) values (173, 245, 9, to_date('6-12-2018', 'DD-MM-YYYY'));
insert into oceny(id_uzytkownika, id_utworu, ocena, data) values (77, 245, 8, to_date('5-4-2018', 'DD-MM-YYYY'));
insert into oceny(id_uzytkownika, id_utworu, ocena, data) values (13, 245, 8, to_date('28-9-2018', 'DD-MM-YYYY'));
insert into oceny(id_uzytkownika, id_utworu, ocena, data) values (127, 245, 9, to_date('23-8-2018', 'DD-MM-YYYY'));
insert into oceny(id_uzytkownika, id_utworu, ocena, data) values (164, 245, 6, to_date('3-10-2018', 'DD-MM-YYYY'));
insert into oceny(id_uzytkownika, id_utworu, ocena, data) values (48, 241, 1, to_date('2-1-2018', 'DD-MM-YYYY'));
insert into oceny(id_uzytkownika, id_utworu, ocena, data) values (45, 241, 1, to_date('12-5-2018', 'DD-MM-YYYY'));
insert into oceny(id_uzytkownika, id_utworu, ocena, data) values (91, 241, 6, to_date('19-10-2018', 'DD-MM-YYYY'));
insert into oceny(id_uzytkownika, id_utworu, ocena, data) values (57, 241, 5, to_date('3-2-2018', 'DD-MM-YYYY'));
insert into oceny(id_uzytkownika, id_utworu, ocena, data) values (48, 241, 5, to_date('11-10-2018', 'DD-MM-YYYY'));
insert into oceny(id_uzytkownika, id_utworu, ocena, data) values (169, 240, 4, to_date('7-11-2017', 'DD-MM-YYYY'));
insert into oceny(id_uzytkownika, id_utworu, ocena, data) values (10, 240, 2, to_date('5-4-2017', 'DD-MM-YYYY'));
insert into oceny(id_uzytkownika, id_utworu, ocena, data) values (173, 240, 9, to_date('13-3-2017', 'DD-MM-YYYY'));
insert into oceny(id_uzytkownika, id_utworu, ocena, data) values (22, 237, 6, to_date('24-8-2019', 'DD-MM-YYYY'));
insert into oceny(id_uzytkownika, id_utworu, ocena, data) values (35, 237, 6, to_date('11-11-2019', 'DD-MM-YYYY'));
insert into oceny(id_uzytkownika, id_utworu, ocena, data) values (77, 237, 4, to_date('17-6-2019', 'DD-MM-YYYY'));
insert into oceny(id_uzytkownika, id_utworu, ocena, data) values (9, 237, 3, to_date('1-3-2019', 'DD-MM-YYYY'));
insert into oceny(id_uzytkownika, id_utworu, ocena, data) values (7, 237, 8, to_date('15-12-2019', 'DD-MM-YYYY'));
insert into oceny(id_uzytkownika, id_utworu, ocena, data) values (89, 235, 5, to_date('2-1-2017', 'DD-MM-YYYY'));
insert into oceny(id_uzytkownika, id_utworu, ocena, data) values (57, 235, 7, to_date('7-3-2017', 'DD-MM-YYYY'));
insert into oceny(id_uzytkownika, id_utworu, ocena, data) values (117, 235, 8, to_date('16-9-2017', 'DD-MM-YYYY'));
insert into oceny(id_uzytkownika, id_utworu, ocena, data) values (76, 235, 4, to_date('5-2-2017', 'DD-MM-YYYY'));
insert into oceny(id_uzytkownika, id_utworu, ocena, data) values (166, 235, 3, to_date('18-10-2017', 'DD-MM-YYYY'));
insert into oceny(id_uzytkownika, id_utworu, ocena, data) values (194, 232, 9, to_date('27-1-2017', 'DD-MM-YYYY'));
insert into oceny(id_uzytkownika, id_utworu, ocena, data) values (160, 232, 4, to_date('5-2-2017', 'DD-MM-YYYY'));
insert into oceny(id_uzytkownika, id_utworu, ocena, data) values (182, 232, 10, to_date('20-12-2017', 'DD-MM-YYYY'));
insert into oceny(id_uzytkownika, id_utworu, ocena, data) values (4, 232, 9, to_date('11-4-2017', 'DD-MM-YYYY'));
insert into oceny(id_uzytkownika, id_utworu, ocena, data) values (140, 232, 4, to_date('2-7-2017', 'DD-MM-YYYY'));
insert into oceny(id_uzytkownika, id_utworu, ocena, data) values (195, 224, 10, to_date('6-3-2016', 'DD-MM-YYYY'));
insert into oceny(id_uzytkownika, id_utworu, ocena, data) values (16, 222, 5, to_date('21-3-2017', 'DD-MM-YYYY'));
insert into oceny(id_uzytkownika, id_utworu, ocena, data) values (150, 222, 1, to_date('6-10-2017', 'DD-MM-YYYY'));
insert into oceny(id_uzytkownika, id_utworu, ocena, data) values (71, 222, 10, to_date('14-4-2017', 'DD-MM-YYYY'));
insert into oceny(id_uzytkownika, id_utworu, ocena, data) values (169, 222, 10, to_date('20-9-2017', 'DD-MM-YYYY'));
insert into oceny(id_uzytkownika, id_utworu, ocena, data) values (15, 219, 4, to_date('24-3-2020', 'DD-MM-YYYY'));
insert into oceny(id_uzytkownika, id_utworu, ocena, data) values (32, 219, 1, to_date('25-1-2020', 'DD-MM-YYYY'));
insert into oceny(id_uzytkownika, id_utworu, ocena, data) values (171, 219, 4, to_date('22-10-2020', 'DD-MM-YYYY'));
insert into oceny(id_uzytkownika, id_utworu, ocena, data) values (3, 219, 5, to_date('17-10-2020', 'DD-MM-YYYY'));
insert into oceny(id_uzytkownika, id_utworu, ocena, data) values (160, 219, 8, to_date('10-6-2020', 'DD-MM-YYYY'));
insert into oceny(id_uzytkownika, id_utworu, ocena, data) values (187, 218, 8, to_date('23-10-2016', 'DD-MM-YYYY'));
insert into oceny(id_uzytkownika, id_utworu, ocena, data) values (37, 218, 1, to_date('8-3-2016', 'DD-MM-YYYY'));
insert into oceny(id_uzytkownika, id_utworu, ocena, data) values (75, 218, 6, to_date('2-1-2016', 'DD-MM-YYYY'));
insert into oceny(id_uzytkownika, id_utworu, ocena, data) values (82, 218, 10, to_date('9-7-2016', 'DD-MM-YYYY'));
insert into oceny(id_uzytkownika, id_utworu, ocena, data) values (167, 213, 10, to_date('6-1-2018', 'DD-MM-YYYY'));
insert into oceny(id_uzytkownika, id_utworu, ocena, data) values (131, 213, 3, to_date('9-3-2018', 'DD-MM-YYYY'));
insert into oceny(id_uzytkownika, id_utworu, ocena, data) values (45, 213, 7, to_date('19-7-2018', 'DD-MM-YYYY'));
insert into oceny(id_uzytkownika, id_utworu, ocena, data) values (167, 213, 7, to_date('8-11-2018', 'DD-MM-YYYY'));
insert into oceny(id_uzytkownika, id_utworu, ocena, data) values (35, 213, 1, to_date('2-1-2018', 'DD-MM-YYYY'));
insert into oceny(id_uzytkownika, id_utworu, ocena, data) values (13, 211, 10, to_date('26-5-2020', 'DD-MM-YYYY'));
insert into oceny(id_uzytkownika, id_utworu, ocena, data) values (25, 211, 5, to_date('26-12-2020', 'DD-MM-YYYY'));
insert into oceny(id_uzytkownika, id_utworu, ocena, data) values (170, 211, 7, to_date('1-11-2020', 'DD-MM-YYYY'));
insert into oceny(id_uzytkownika, id_utworu, ocena, data) values (56, 211, 10, to_date('28-6-2020', 'DD-MM-YYYY'));
insert into oceny(id_uzytkownika, id_utworu, ocena, data) values (96, 211, 4, to_date('12-7-2020', 'DD-MM-YYYY'));
insert into oceny(id_uzytkownika, id_utworu, ocena, data) values (26, 210, 8, to_date('28-6-2020', 'DD-MM-YYYY'));
insert into oceny(id_uzytkownika, id_utworu, ocena, data) values (144, 210, 3, to_date('13-7-2020', 'DD-MM-YYYY'));
insert into oceny(id_uzytkownika, id_utworu, ocena, data) values (106, 210, 6, to_date('25-9-2020', 'DD-MM-YYYY'));
insert into oceny(id_uzytkownika, id_utworu, ocena, data) values (87, 210, 10, to_date('16-4-2020', 'DD-MM-YYYY'));
insert into oceny(id_uzytkownika, id_utworu, ocena, data) values (34, 210, 10, to_date('27-1-2020', 'DD-MM-YYYY'));
insert into oceny(id_uzytkownika, id_utworu, ocena, data) values (4, 206, 6, to_date('3-2-2018', 'DD-MM-YYYY'));
insert into oceny(id_uzytkownika, id_utworu, ocena, data) values (125, 206, 5, to_date('19-10-2018', 'DD-MM-YYYY'));
insert into oceny(id_uzytkownika, id_utworu, ocena, data) values (129, 206, 8, to_date('6-7-2018', 'DD-MM-YYYY'));
insert into oceny(id_uzytkownika, id_utworu, ocena, data) values (191, 205, 10, to_date('16-11-2020', 'DD-MM-YYYY'));
insert into oceny(id_uzytkownika, id_utworu, ocena, data) values (30, 205, 4, to_date('11-10-2020', 'DD-MM-YYYY'));
insert into oceny(id_uzytkownika, id_utworu, ocena, data) values (61, 205, 2, to_date('10-4-2020', 'DD-MM-YYYY'));
insert into oceny(id_uzytkownika, id_utworu, ocena, data) values (117, 201, 1, to_date('16-11-2018', 'DD-MM-YYYY'));
insert into oceny(id_uzytkownika, id_utworu, ocena, data) values (119, 201, 7, to_date('5-2-2018', 'DD-MM-YYYY'));
insert into oceny(id_uzytkownika, id_utworu, ocena, data) values (36, 201, 6, to_date('21-5-2018', 'DD-MM-YYYY'));
insert into oceny(id_uzytkownika, id_utworu, ocena, data) values (85, 201, 6, to_date('9-9-2018', 'DD-MM-YYYY'));
insert into oceny(id_uzytkownika, id_utworu, ocena, data) values (131, 200, 5, to_date('26-10-2020', 'DD-MM-YYYY'));
insert into oceny(id_uzytkownika, id_utworu, ocena, data) values (119, 200, 6, to_date('19-7-2020', 'DD-MM-YYYY'));
insert into oceny(id_uzytkownika, id_utworu, ocena, data) values (122, 200, 6, to_date('27-6-2020', 'DD-MM-YYYY'));
insert into oceny(id_uzytkownika, id_utworu, ocena, data) values (93, 200, 1, to_date('26-5-2020', 'DD-MM-YYYY'));
insert into oceny(id_uzytkownika, id_utworu, ocena, data) values (197, 200, 7, to_date('2-7-2020', 'DD-MM-YYYY'));
insert into oceny(id_uzytkownika, id_utworu, ocena, data) values (156, 197, 4, to_date('6-11-2016', 'DD-MM-YYYY'));
insert into oceny(id_uzytkownika, id_utworu, ocena, data) values (164, 196, 1, to_date('23-4-2016', 'DD-MM-YYYY'));
insert into oceny(id_uzytkownika, id_utworu, ocena, data) values (8, 196, 7, to_date('8-12-2016', 'DD-MM-YYYY'));
insert into oceny(id_uzytkownika, id_utworu, ocena, data) values (188, 196, 6, to_date('18-8-2016', 'DD-MM-YYYY'));
insert into oceny(id_uzytkownika, id_utworu, ocena, data) values (163, 196, 3, to_date('20-3-2016', 'DD-MM-YYYY'));
insert into oceny(id_uzytkownika, id_utworu, ocena, data) values (76, 194, 5, to_date('7-1-2020', 'DD-MM-YYYY'));
insert into oceny(id_uzytkownika, id_utworu, ocena, data) values (159, 194, 5, to_date('10-10-2020', 'DD-MM-YYYY'));
insert into oceny(id_uzytkownika, id_utworu, ocena, data) values (11, 194, 3, to_date('27-11-2020', 'DD-MM-YYYY'));
insert into oceny(id_uzytkownika, id_utworu, ocena, data) values (105, 194, 1, to_date('25-8-2020', 'DD-MM-YYYY'));
insert into oceny(id_uzytkownika, id_utworu, ocena, data) values (182, 193, 1, to_date('4-11-2018', 'DD-MM-YYYY'));
insert into oceny(id_uzytkownika, id_utworu, ocena, data) values (175, 193, 4, to_date('14-7-2018', 'DD-MM-YYYY'));
insert into oceny(id_uzytkownika, id_utworu, ocena, data) values (143, 193, 7, to_date('28-1-2018', 'DD-MM-YYYY'));
insert into oceny(id_uzytkownika, id_utworu, ocena, data) values (74, 193, 10, to_date('20-10-2018', 'DD-MM-YYYY'));
insert into oceny(id_uzytkownika, id_utworu, ocena, data) values (53, 192, 10, to_date('28-6-2018', 'DD-MM-YYYY'));
insert into oceny(id_uzytkownika, id_utworu, ocena, data) values (76, 190, 8, to_date('16-10-2020', 'DD-MM-YYYY'));
insert into oceny(id_uzytkownika, id_utworu, ocena, data) values (127, 190, 8, to_date('5-1-2020', 'DD-MM-YYYY'));
insert into oceny(id_uzytkownika, id_utworu, ocena, data) values (121, 190, 4, to_date('15-1-2020', 'DD-MM-YYYY'));
insert into oceny(id_uzytkownika, id_utworu, ocena, data) values (57, 190, 10, to_date('28-9-2020', 'DD-MM-YYYY'));
insert into oceny(id_uzytkownika, id_utworu, ocena, data) values (162, 190, 8, to_date('23-4-2020', 'DD-MM-YYYY'));
insert into oceny(id_uzytkownika, id_utworu, ocena, data) values (153, 188, 3, to_date('17-4-2018', 'DD-MM-YYYY'));
insert into oceny(id_uzytkownika, id_utworu, ocena, data) values (123, 188, 8, to_date('21-6-2018', 'DD-MM-YYYY'));
insert into oceny(id_uzytkownika, id_utworu, ocena, data) values (69, 188, 9, to_date('19-2-2018', 'DD-MM-YYYY'));
insert into oceny(id_uzytkownika, id_utworu, ocena, data) values (66, 186, 4, to_date('16-8-2018', 'DD-MM-YYYY'));
insert into oceny(id_uzytkownika, id_utworu, ocena, data) values (9, 186, 3, to_date('16-7-2018', 'DD-MM-YYYY'));
insert into oceny(id_uzytkownika, id_utworu, ocena, data) values (176, 186, 8, to_date('2-2-2018', 'DD-MM-YYYY'));
insert into oceny(id_uzytkownika, id_utworu, ocena, data) values (169, 186, 9, to_date('8-5-2018', 'DD-MM-YYYY'));
insert into oceny(id_uzytkownika, id_utworu, ocena, data) values (116, 186, 6, to_date('7-5-2018', 'DD-MM-YYYY'));
insert into oceny(id_uzytkownika, id_utworu, ocena, data) values (51, 185, 7, to_date('11-10-2016', 'DD-MM-YYYY'));
insert into oceny(id_uzytkownika, id_utworu, ocena, data) values (93, 185, 7, to_date('27-1-2016', 'DD-MM-YYYY'));
insert into oceny(id_uzytkownika, id_utworu, ocena, data) values (180, 185, 9, to_date('17-12-2016', 'DD-MM-YYYY'));
insert into oceny(id_uzytkownika, id_utworu, ocena, data) values (96, 183, 2, to_date('14-5-2016', 'DD-MM-YYYY'));
insert into oceny(id_uzytkownika, id_utworu, ocena, data) values (136, 183, 10, to_date('17-6-2016', 'DD-MM-YYYY'));
insert into oceny(id_uzytkownika, id_utworu, ocena, data) values (80, 183, 4, to_date('19-3-2016', 'DD-MM-YYYY'));
insert into oceny(id_uzytkownika, id_utworu, ocena, data) values (118, 182, 5, to_date('8-7-2018', 'DD-MM-YYYY'));
insert into oceny(id_uzytkownika, id_utworu, ocena, data) values (133, 182, 7, to_date('22-11-2018', 'DD-MM-YYYY'));
insert into oceny(id_uzytkownika, id_utworu, ocena, data) values (183, 182, 1, to_date('3-12-2018', 'DD-MM-YYYY'));
insert into oceny(id_uzytkownika, id_utworu, ocena, data) values (29, 182, 6, to_date('27-7-2018', 'DD-MM-YYYY'));
insert into oceny(id_uzytkownika, id_utworu, ocena, data) values (41, 182, 2, to_date('22-1-2018', 'DD-MM-YYYY'));
insert into oceny(id_uzytkownika, id_utworu, ocena, data) values (120, 180, 6, to_date('6-4-2018', 'DD-MM-YYYY'));
insert into oceny(id_uzytkownika, id_utworu, ocena, data) values (145, 180, 2, to_date('18-5-2018', 'DD-MM-YYYY'));
insert into oceny(id_uzytkownika, id_utworu, ocena, data) values (42, 177, 6, to_date('4-3-2020', 'DD-MM-YYYY'));
insert into oceny(id_uzytkownika, id_utworu, ocena, data) values (126, 176, 1, to_date('8-3-2019', 'DD-MM-YYYY'));
insert into oceny(id_uzytkownika, id_utworu, ocena, data) values (128, 176, 9, to_date('24-7-2019', 'DD-MM-YYYY'));
insert into oceny(id_uzytkownika, id_utworu, ocena, data) values (53, 175, 2, to_date('16-6-2020', 'DD-MM-YYYY'));
insert into oceny(id_uzytkownika, id_utworu, ocena, data) values (56, 174, 3, to_date('1-1-2020', 'DD-MM-YYYY'));
insert into oceny(id_uzytkownika, id_utworu, ocena, data) values (172, 174, 3, to_date('21-8-2020', 'DD-MM-YYYY'));
insert into oceny(id_uzytkownika, id_utworu, ocena, data) values (155, 174, 5, to_date('6-11-2020', 'DD-MM-YYYY'));
insert into oceny(id_uzytkownika, id_utworu, ocena, data) values (137, 174, 2, to_date('20-3-2020', 'DD-MM-YYYY'));
insert into oceny(id_uzytkownika, id_utworu, ocena, data) values (143, 173, 10, to_date('10-2-2018', 'DD-MM-YYYY'));
insert into oceny(id_uzytkownika, id_utworu, ocena, data) values (110, 173, 4, to_date('7-4-2018', 'DD-MM-YYYY'));
insert into oceny(id_uzytkownika, id_utworu, ocena, data) values (145, 173, 7, to_date('13-4-2018', 'DD-MM-YYYY'));
insert into oceny(id_uzytkownika, id_utworu, ocena, data) values (30, 173, 4, to_date('4-11-2018', 'DD-MM-YYYY'));
insert into oceny(id_uzytkownika, id_utworu, ocena, data) values (63, 173, 5, to_date('12-5-2018', 'DD-MM-YYYY'));
insert into oceny(id_uzytkownika, id_utworu, ocena, data) values (91, 172, 5, to_date('9-6-2020', 'DD-MM-YYYY'));
insert into oceny(id_uzytkownika, id_utworu, ocena, data) values (120, 172, 4, to_date('1-2-2020', 'DD-MM-YYYY'));
insert into oceny(id_uzytkownika, id_utworu, ocena, data) values (77, 171, 5, to_date('27-5-2019', 'DD-MM-YYYY'));
insert into oceny(id_uzytkownika, id_utworu, ocena, data) values (67, 170, 8, to_date('14-2-2021', 'DD-MM-YYYY'));
insert into oceny(id_uzytkownika, id_utworu, ocena, data) values (73, 170, 3, to_date('18-11-2021', 'DD-MM-YYYY'));
insert into oceny(id_uzytkownika, id_utworu, ocena, data) values (132, 170, 4, to_date('11-8-2021', 'DD-MM-YYYY'));
insert into oceny(id_uzytkownika, id_utworu, ocena, data) values (24, 169, 4, to_date('15-12-2018', 'DD-MM-YYYY'));
insert into oceny(id_uzytkownika, id_utworu, ocena, data) values (180, 169, 2, to_date('12-7-2018', 'DD-MM-YYYY'));
insert into oceny(id_uzytkownika, id_utworu, ocena, data) values (93, 169, 9, to_date('7-4-2018', 'DD-MM-YYYY'));
insert into oceny(id_uzytkownika, id_utworu, ocena, data) values (117, 169, 7, to_date('8-5-2018', 'DD-MM-YYYY'));
insert into oceny(id_uzytkownika, id_utworu, ocena, data) values (194, 169, 8, to_date('27-9-2018', 'DD-MM-YYYY'));
insert into oceny(id_uzytkownika, id_utworu, ocena, data) values (160, 168, 9, to_date('23-6-2018', 'DD-MM-YYYY'));
insert into oceny(id_uzytkownika, id_utworu, ocena, data) values (143, 164, 3, to_date('13-2-2016', 'DD-MM-YYYY'));
insert into oceny(id_uzytkownika, id_utworu, ocena, data) values (34, 164, 8, to_date('2-1-2016', 'DD-MM-YYYY'));
insert into oceny(id_uzytkownika, id_utworu, ocena, data) values (28, 162, 2, to_date('23-12-2020', 'DD-MM-YYYY'));
insert into oceny(id_uzytkownika, id_utworu, ocena, data) values (36, 162, 2, to_date('2-6-2020', 'DD-MM-YYYY'));
insert into oceny(id_uzytkownika, id_utworu, ocena, data) values (149, 162, 6, to_date('7-5-2020', 'DD-MM-YYYY'));
insert into oceny(id_uzytkownika, id_utworu, ocena, data) values (167, 162, 8, to_date('7-5-2020', 'DD-MM-YYYY'));
insert into oceny(id_uzytkownika, id_utworu, ocena, data) values (87, 161, 1, to_date('2-9-2018', 'DD-MM-YYYY'));
insert into oceny(id_uzytkownika, id_utworu, ocena, data) values (54, 161, 9, to_date('26-3-2018', 'DD-MM-YYYY'));
insert into oceny(id_uzytkownika, id_utworu, ocena, data) values (44, 161, 7, to_date('11-1-2018', 'DD-MM-YYYY'));
insert into oceny(id_uzytkownika, id_utworu, ocena, data) values (55, 161, 9, to_date('7-6-2018', 'DD-MM-YYYY'));
insert into oceny(id_uzytkownika, id_utworu, ocena, data) values (96, 161, 6, to_date('28-4-2018', 'DD-MM-YYYY'));
insert into oceny(id_uzytkownika, id_utworu, ocena, data) values (55, 159, 2, to_date('20-7-2017', 'DD-MM-YYYY'));
insert into oceny(id_uzytkownika, id_utworu, ocena, data) values (198, 159, 3, to_date('3-1-2017', 'DD-MM-YYYY'));
insert into oceny(id_uzytkownika, id_utworu, ocena, data) values (183, 159, 6, to_date('12-12-2017', 'DD-MM-YYYY'));
insert into oceny(id_uzytkownika, id_utworu, ocena, data) values (180, 159, 3, to_date('17-10-2017', 'DD-MM-YYYY'));
insert into oceny(id_uzytkownika, id_utworu, ocena, data) values (191, 158, 2, to_date('9-9-2018', 'DD-MM-YYYY'));
insert into oceny(id_uzytkownika, id_utworu, ocena, data) values (2, 158, 3, to_date('16-2-2018', 'DD-MM-YYYY'));
insert into oceny(id_uzytkownika, id_utworu, ocena, data) values (163, 158, 9, to_date('9-11-2018', 'DD-MM-YYYY'));
insert into oceny(id_uzytkownika, id_utworu, ocena, data) values (119, 156, 8, to_date('5-1-2016', 'DD-MM-YYYY'));
insert into oceny(id_uzytkownika, id_utworu, ocena, data) values (24, 156, 10, to_date('3-1-2016', 'DD-MM-YYYY'));
insert into oceny(id_uzytkownika, id_utworu, ocena, data) values (93, 156, 7, to_date('11-7-2016', 'DD-MM-YYYY'));
insert into oceny(id_uzytkownika, id_utworu, ocena, data) values (184, 151, 10, to_date('10-8-2020', 'DD-MM-YYYY'));
insert into oceny(id_uzytkownika, id_utworu, ocena, data) values (145, 151, 10, to_date('10-2-2020', 'DD-MM-YYYY'));
insert into oceny(id_uzytkownika, id_utworu, ocena, data) values (79, 151, 2, to_date('19-6-2020', 'DD-MM-YYYY'));
insert into oceny(id_uzytkownika, id_utworu, ocena, data) values (132, 151, 10, to_date('12-3-2020', 'DD-MM-YYYY'));
insert into oceny(id_uzytkownika, id_utworu, ocena, data) values (50, 151, 8, to_date('11-6-2020', 'DD-MM-YYYY'));
insert into oceny(id_uzytkownika, id_utworu, ocena, data) values (10, 150, 10, to_date('1-8-2018', 'DD-MM-YYYY'));
insert into oceny(id_uzytkownika, id_utworu, ocena, data) values (110, 150, 2, to_date('18-3-2018', 'DD-MM-YYYY'));
insert into oceny(id_uzytkownika, id_utworu, ocena, data) values (105, 150, 8, to_date('14-11-2018', 'DD-MM-YYYY'));
insert into oceny(id_uzytkownika, id_utworu, ocena, data) values (193, 149, 6, to_date('6-10-2018', 'DD-MM-YYYY'));
insert into oceny(id_uzytkownika, id_utworu, ocena, data) values (31, 149, 8, to_date('1-8-2018', 'DD-MM-YYYY'));
insert into oceny(id_uzytkownika, id_utworu, ocena, data) values (12, 149, 1, to_date('19-4-2018', 'DD-MM-YYYY'));
insert into oceny(id_uzytkownika, id_utworu, ocena, data) values (162, 149, 6, to_date('13-4-2018', 'DD-MM-YYYY'));
insert into oceny(id_uzytkownika, id_utworu, ocena, data) values (66, 148, 9, to_date('14-7-2017', 'DD-MM-YYYY'));
insert into oceny(id_uzytkownika, id_utworu, ocena, data) values (88, 148, 7, to_date('3-10-2017', 'DD-MM-YYYY'));
insert into oceny(id_uzytkownika, id_utworu, ocena, data) values (52, 148, 7, to_date('14-4-2017', 'DD-MM-YYYY'));
insert into oceny(id_uzytkownika, id_utworu, ocena, data) values (199, 148, 8, to_date('22-3-2017', 'DD-MM-YYYY'));
insert into oceny(id_uzytkownika, id_utworu, ocena, data) values (75, 148, 1, to_date('20-7-2017', 'DD-MM-YYYY'));
insert into oceny(id_uzytkownika, id_utworu, ocena, data) values (70, 146, 10, to_date('13-4-2019', 'DD-MM-YYYY'));
insert into oceny(id_uzytkownika, id_utworu, ocena, data) values (23, 145, 3, to_date('26-3-2021', 'DD-MM-YYYY'));
insert into oceny(id_uzytkownika, id_utworu, ocena, data) values (113, 145, 8, to_date('25-6-2021', 'DD-MM-YYYY'));
insert into oceny(id_uzytkownika, id_utworu, ocena, data) values (22, 145, 2, to_date('19-7-2021', 'DD-MM-YYYY'));
insert into oceny(id_uzytkownika, id_utworu, ocena, data) values (183, 145, 1, to_date('21-7-2021', 'DD-MM-YYYY'));
insert into oceny(id_uzytkownika, id_utworu, ocena, data) values (53, 144, 10, to_date('2-1-2016', 'DD-MM-YYYY'));
insert into oceny(id_uzytkownika, id_utworu, ocena, data) values (16, 144, 5, to_date('20-7-2016', 'DD-MM-YYYY'));
insert into oceny(id_uzytkownika, id_utworu, ocena, data) values (132, 144, 5, to_date('11-6-2016', 'DD-MM-YYYY'));
insert into oceny(id_uzytkownika, id_utworu, ocena, data) values (87, 144, 1, to_date('16-7-2016', 'DD-MM-YYYY'));
insert into oceny(id_uzytkownika, id_utworu, ocena, data) values (158, 142, 6, to_date('18-12-2020', 'DD-MM-YYYY'));
insert into oceny(id_uzytkownika, id_utworu, ocena, data) values (114, 142, 2, to_date('3-6-2020', 'DD-MM-YYYY'));
insert into oceny(id_uzytkownika, id_utworu, ocena, data) values (4, 142, 8, to_date('8-4-2020', 'DD-MM-YYYY'));
insert into oceny(id_uzytkownika, id_utworu, ocena, data) values (21, 142, 10, to_date('5-12-2020', 'DD-MM-YYYY'));
insert into oceny(id_uzytkownika, id_utworu, ocena, data) values (176, 141, 10, to_date('26-10-2019', 'DD-MM-YYYY'));
insert into oceny(id_uzytkownika, id_utworu, ocena, data) values (24, 141, 8, to_date('28-9-2019', 'DD-MM-YYYY'));
insert into oceny(id_uzytkownika, id_utworu, ocena, data) values (68, 141, 3, to_date('21-7-2019', 'DD-MM-YYYY'));
insert into oceny(id_uzytkownika, id_utworu, ocena, data) values (94, 140, 9, to_date('15-11-2020', 'DD-MM-YYYY'));
insert into oceny(id_uzytkownika, id_utworu, ocena, data) values (115, 140, 9, to_date('16-12-2020', 'DD-MM-YYYY'));
insert into oceny(id_uzytkownika, id_utworu, ocena, data) values (103, 140, 2, to_date('17-2-2020', 'DD-MM-YYYY'));
insert into oceny(id_uzytkownika, id_utworu, ocena, data) values (183, 140, 2, to_date('5-10-2020', 'DD-MM-YYYY'));
insert into oceny(id_uzytkownika, id_utworu, ocena, data) values (79, 140, 2, to_date('13-1-2020', 'DD-MM-YYYY'));
insert into oceny(id_uzytkownika, id_utworu, ocena, data) values (182, 138, 7, to_date('4-4-2019', 'DD-MM-YYYY'));
insert into oceny(id_uzytkownika, id_utworu, ocena, data) values (30, 138, 1, to_date('14-7-2019', 'DD-MM-YYYY'));
insert into oceny(id_uzytkownika, id_utworu, ocena, data) values (50, 138, 5, to_date('11-10-2019', 'DD-MM-YYYY'));
insert into oceny(id_uzytkownika, id_utworu, ocena, data) values (120, 136, 9, to_date('16-6-2019', 'DD-MM-YYYY'));
insert into oceny(id_uzytkownika, id_utworu, ocena, data) values (68, 136, 8, to_date('21-5-2019', 'DD-MM-YYYY'));
insert into oceny(id_uzytkownika, id_utworu, ocena, data) values (1, 134, 9, to_date('14-1-2020', 'DD-MM-YYYY'));
insert into oceny(id_uzytkownika, id_utworu, ocena, data) values (86, 134, 2, to_date('25-7-2020', 'DD-MM-YYYY'));
insert into oceny(id_uzytkownika, id_utworu, ocena, data) values (136, 134, 3, to_date('14-2-2020', 'DD-MM-YYYY'));
insert into oceny(id_uzytkownika, id_utworu, ocena, data) values (110, 134, 4, to_date('16-7-2020', 'DD-MM-YYYY'));
insert into oceny(id_uzytkownika, id_utworu, ocena, data) values (163, 133, 5, to_date('3-11-2021', 'DD-MM-YYYY') );
insert into oceny(id_uzytkownika, id_utworu, ocena, data) values (9, 133, 6, to_date('13-6-2021', 'DD-MM-YYYY'));
insert into oceny(id_uzytkownika, id_utworu, ocena, data) values (29, 133, 3, to_date('13-9-2021', 'DD-MM-YYYY') );
insert into oceny(id_uzytkownika, id_utworu, ocena, data) values (13, 133, 6, to_date('13-7-2021', 'DD-MM-YYYY'));
insert into oceny(id_uzytkownika, id_utworu, ocena, data) values (65, 133, 6, to_date('10-11-2021', 'DD-MM-YYYY'));
insert into oceny(id_uzytkownika, id_utworu, ocena, data) values (181, 128, 9, to_date('25-7-2018', 'DD-MM-YYYY'));
insert into oceny(id_uzytkownika, id_utworu, ocena, data) values (185, 128, 6, to_date('22-8-2018', 'DD-MM-YYYY'));
insert into oceny(id_uzytkownika, id_utworu, ocena, data) values (112, 128, 9, to_date('18-12-2018', 'DD-MM-YYYY'));
insert into oceny(id_uzytkownika, id_utworu, ocena, data) values (45, 128, 4, to_date('21-8-2018', 'DD-MM-YYYY'));
insert into oceny(id_uzytkownika, id_utworu, ocena, data) values (24, 127, 9, to_date('1-11-2019', 'DD-MM-YYYY'));
insert into oceny(id_uzytkownika, id_utworu, ocena, data) values (179, 127, 5, to_date('27-9-2019', 'DD-MM-YYYY'));
insert into oceny(id_uzytkownika, id_utworu, ocena, data) values (76, 127, 6, to_date('14-9-2019', 'DD-MM-YYYY'));
insert into oceny(id_uzytkownika, id_utworu, ocena, data) values (154, 127, 7, to_date('5-7-2019', 'DD-MM-YYYY'));
insert into oceny(id_uzytkownika, id_utworu, ocena, data) values (58, 127, 6, to_date('13-11-2019', 'DD-MM-YYYY'));
insert into oceny(id_uzytkownika, id_utworu, ocena, data) values (154, 126, 2, to_date('24-11-2020', 'DD-MM-YYYY'));
insert into oceny(id_uzytkownika, id_utworu, ocena, data) values (130, 126, 3, to_date('21-1-2020', 'DD-MM-YYYY'));
insert into oceny(id_uzytkownika, id_utworu, ocena, data) values (77, 126, 2, to_date('18-2-2020', 'DD-MM-YYYY'));
insert into oceny(id_uzytkownika, id_utworu, ocena, data) values (42, 126, 1, to_date('2-4-2020', 'DD-MM-YYYY'));
insert into oceny(id_uzytkownika, id_utworu, ocena, data) values (90, 126, 6, to_date('12-7-2020', 'DD-MM-YYYY'));
insert into oceny(id_uzytkownika, id_utworu, ocena, data) values (47, 125, 1, to_date('2-12-2016', 'DD-MM-YYYY'));
insert into oceny(id_uzytkownika, id_utworu, ocena, data) values (189, 125, 9, to_date('11-1-2016', 'DD-MM-YYYY'));
insert into oceny(id_uzytkownika, id_utworu, ocena, data) values (5, 125, 8, to_date('7-5-2016', 'DD-MM-YYYY'));
insert into oceny(id_uzytkownika, id_utworu, ocena, data) values (197, 125, 4, to_date('5-5-2016', 'DD-MM-YYYY'));
insert into oceny(id_uzytkownika, id_utworu, ocena, data) values (190, 123, 9, to_date('9-2-2018', 'DD-MM-YYYY'));
insert into oceny(id_uzytkownika, id_utworu, ocena, data) values (108, 123, 7, to_date('26-5-2018', 'DD-MM-YYYY'));
insert into oceny(id_uzytkownika, id_utworu, ocena, data) values (118, 123, 10, to_date('22-1-2018', 'DD-MM-YYYY'));
insert into oceny(id_uzytkownika, id_utworu, ocena, data) values (25, 121, 9, to_date('16-2-2016', 'DD-MM-YYYY'));
insert into oceny(id_uzytkownika, id_utworu, ocena, data) values (20, 121, 7, to_date('4-12-2016', 'DD-MM-YYYY'));
insert into oceny(id_uzytkownika, id_utworu, ocena, data) values (129, 121, 6, to_date('18-12-2016', 'DD-MM-YYYY'));
insert into oceny(id_uzytkownika, id_utworu, ocena, data) values (125, 121, 4, to_date('19-10-2016', 'DD-MM-YYYY'));
insert into oceny(id_uzytkownika, id_utworu, ocena, data) values (26, 116, 1, to_date('7-3-2019', 'DD-MM-YYYY'));
insert into oceny(id_uzytkownika, id_utworu, ocena, data) values (67, 116, 10, to_date('19-6-2019', 'DD-MM-YYYY'));
insert into oceny(id_uzytkownika, id_utworu, ocena, data) values (90, 115, 5, to_date('26-9-2016', 'DD-MM-YYYY'));
insert into oceny(id_uzytkownika, id_utworu, ocena, data) values (70, 115, 4, to_date('8-7-2016', 'DD-MM-YYYY'));
insert into oceny(id_uzytkownika, id_utworu, ocena, data) values (71, 115, 6, to_date('22-3-2016', 'DD-MM-YYYY'));
insert into oceny(id_uzytkownika, id_utworu, ocena, data) values (181, 115, 8, to_date('21-1-2016', 'DD-MM-YYYY'));
insert into oceny(id_uzytkownika, id_utworu, ocena, data) values (5, 112, 9, to_date('24-2-2019', 'DD-MM-YYYY'));
insert into oceny(id_uzytkownika, id_utworu, ocena, data) values (23, 112, 7, to_date('8-11-2019', 'DD-MM-YYYY'));
insert into oceny(id_uzytkownika, id_utworu, ocena, data) values (101, 112, 8, to_date('1-12-2019', 'DD-MM-YYYY'));
insert into oceny(id_uzytkownika, id_utworu, ocena, data) values (60, 112, 6, to_date('7-7-2019', 'DD-MM-YYYY'));
insert into oceny(id_uzytkownika, id_utworu, ocena, data) values (106, 110, 4, to_date('8-10-2016', 'DD-MM-YYYY'));
insert into oceny(id_uzytkownika, id_utworu, ocena, data) values (157, 110, 2, to_date('17-7-2016', 'DD-MM-YYYY'));
insert into oceny(id_uzytkownika, id_utworu, ocena, data) values (191, 106, 6, to_date('23-6-2016', 'DD-MM-YYYY'));
insert into oceny(id_uzytkownika, id_utworu, ocena, data) values (35, 105, 6, to_date('9-12-2017', 'DD-MM-YYYY'));
insert into oceny(id_uzytkownika, id_utworu, ocena, data) values (9, 105, 10, to_date('18-1-2017', 'DD-MM-YYYY'));
insert into oceny(id_uzytkownika, id_utworu, ocena, data) values (35, 104, 5, to_date('25-2-2016', 'DD-MM-YYYY'));
insert into oceny(id_uzytkownika, id_utworu, ocena, data) values (192, 104, 9, to_date('20-7-2016', 'DD-MM-YYYY'));
insert into oceny(id_uzytkownika, id_utworu, ocena, data) values (48, 104, 6, to_date('24-9-2016', 'DD-MM-YYYY'));
insert into oceny(id_uzytkownika, id_utworu, ocena, data) values (102, 104, 4, to_date('16-5-2016', 'DD-MM-YYYY'));
insert into oceny(id_uzytkownika, id_utworu, ocena, data) values (34, 104, 1, to_date('12-9-2016', 'DD-MM-YYYY'));
insert into oceny(id_uzytkownika, id_utworu, ocena, data) values (28, 103, 2, to_date('20-6-2016', 'DD-MM-YYYY'));
insert into oceny(id_uzytkownika, id_utworu, ocena, data) values (131, 103, 7, to_date('5-11-2016', 'DD-MM-YYYY'));
insert into oceny(id_uzytkownika, id_utworu, ocena, data) values (52, 103, 5, to_date('6-3-2016', 'DD-MM-YYYY'));
insert into oceny(id_uzytkownika, id_utworu, ocena, data) values (154, 103, 6, to_date('5-8-2016', 'DD-MM-YYYY'));
insert into oceny(id_uzytkownika, id_utworu, ocena, data) values (175, 103, 5, to_date('5-8-2016', 'DD-MM-YYYY'));
insert into oceny(id_uzytkownika, id_utworu, ocena, data) values (127, 101, 3, to_date('2-7-2017', 'DD-MM-YYYY'));
insert into oceny(id_uzytkownika, id_utworu, ocena, data) values (142, 101, 1, to_date('14-11-2017', 'DD-MM-YYYY'));
insert into oceny(id_uzytkownika, id_utworu, ocena, data) values (31, 101, 3, to_date('1-4-2017', 'DD-MM-YYYY'));
insert into oceny(id_uzytkownika, id_utworu, ocena, data) values (108, 100, 9, to_date('18-10-2018', 'DD-MM-YYYY'));
insert into oceny(id_uzytkownika, id_utworu, ocena, data) values (158, 100, 8, to_date('28-1-2018', 'DD-MM-YYYY'));
insert into oceny(id_uzytkownika, id_utworu, ocena, data) values (61, 100, 7, to_date('17-12-2018', 'DD-MM-YYYY'));
insert into oceny(id_uzytkownika, id_utworu, ocena, data) values (72, 98, 7, to_date('27-12-2020', 'DD-MM-YYYY'));
insert into oceny(id_uzytkownika, id_utworu, ocena, data) values (128, 97, 2, to_date('25-8-2017', 'DD-MM-YYYY'));
insert into oceny(id_uzytkownika, id_utworu, ocena, data) values (174, 97, 7, to_date('19-10-2017', 'DD-MM-YYYY'));
insert into oceny(id_uzytkownika, id_utworu, ocena, data) values (96, 97, 4, to_date('19-5-2017', 'DD-MM-YYYY'));
insert into oceny(id_uzytkownika, id_utworu, ocena, data) values (187, 95, 5, to_date('9-9-2016', 'DD-MM-YYYY'));
insert into oceny(id_uzytkownika, id_utworu, ocena, data) values (122, 95, 10, to_date('28-7-2016', 'DD-MM-YYYY'));
insert into oceny(id_uzytkownika, id_utworu, ocena, data) values (26, 95, 4, to_date('26-3-2016', 'DD-MM-YYYY'));
insert into oceny(id_uzytkownika, id_utworu, ocena, data) values (106, 94, 1, to_date('3-12-2018', 'DD-MM-YYYY'));
insert into oceny(id_uzytkownika, id_utworu, ocena, data) values (45, 94, 8, to_date('18-10-2018', 'DD-MM-YYYY'));
insert into oceny(id_uzytkownika, id_utworu, ocena, data) values (46, 94, 3, to_date('24-3-2018', 'DD-MM-YYYY'));
insert into oceny(id_uzytkownika, id_utworu, ocena, data) values (80, 94, 4, to_date('11-5-2018', 'DD-MM-YYYY'));
insert into oceny(id_uzytkownika, id_utworu, ocena, data) values (29, 94, 7, to_date('27-12-2018', 'DD-MM-YYYY'));
insert into oceny(id_uzytkownika, id_utworu, ocena, data) values (188, 92, 6, to_date('16-5-2020', 'DD-MM-YYYY'));
insert into oceny(id_uzytkownika, id_utworu, ocena, data) values (166, 92, 3, to_date('27-8-2020', 'DD-MM-YYYY'));
insert into oceny(id_uzytkownika, id_utworu, ocena, data) values (127, 92, 9, to_date('28-4-2020', 'DD-MM-YYYY'));
insert into oceny(id_uzytkownika, id_utworu, ocena, data) values (108, 92, 3, to_date('28-6-2020', 'DD-MM-YYYY'));
insert into oceny(id_uzytkownika, id_utworu, ocena, data) values (69, 92, 5, to_date('20-6-2020', 'DD-MM-YYYY'));
insert into oceny(id_uzytkownika, id_utworu, ocena, data) values (5, 91, 7, to_date('2-9-2018', 'DD-MM-YYYY'));
insert into oceny(id_uzytkownika, id_utworu, ocena, data) values (2, 89, 2, to_date('5-9-2020', 'DD-MM-YYYY'));
insert into oceny(id_uzytkownika, id_utworu, ocena, data) values (144, 89, 5, to_date('18-4-2020', 'DD-MM-YYYY'));
insert into oceny(id_uzytkownika, id_utworu, ocena, data) values (166, 89, 4, to_date('10-1-2020', 'DD-MM-YYYY'));
insert into oceny(id_uzytkownika, id_utworu, ocena, data) values (5, 89, 8, to_date('4-9-2020', 'DD-MM-YYYY'));
insert into oceny(id_uzytkownika, id_utworu, ocena, data) values (164, 85, 3, to_date('27-5-2021', 'DD-MM-YYYY'));
insert into oceny(id_uzytkownika, id_utworu, ocena, data) values (2, 84, 6, to_date('18-3-2018', 'DD-MM-YYYY'));
insert into oceny(id_uzytkownika, id_utworu, ocena, data) values (61, 84, 1, to_date('4-3-2018', 'DD-MM-YYYY'));
insert into oceny(id_uzytkownika, id_utworu, ocena, data) values (198, 84, 6, to_date('17-12-2018', 'DD-MM-YYYY'));
insert into oceny(id_uzytkownika, id_utworu, ocena, data) values (56, 82, 3, to_date('17-8-2020', 'DD-MM-YYYY'));
insert into oceny(id_uzytkownika, id_utworu, ocena, data) values (160, 82, 2, to_date('22-12-2020', 'DD-MM-YYYY'));
insert into oceny(id_uzytkownika, id_utworu, ocena, data) values (197, 82, 1, to_date('26-1-2020', 'DD-MM-YYYY'));
insert into oceny(id_uzytkownika, id_utworu, ocena, data) values (67, 82, 2, to_date('4-4-2020', 'DD-MM-YYYY'));
insert into oceny(id_uzytkownika, id_utworu, ocena, data) values (33, 80, 3, to_date('18-7-2018', 'DD-MM-YYYY'));
insert into oceny(id_uzytkownika, id_utworu, ocena, data) values (41, 80, 8, to_date('25-10-2018', 'DD-MM-YYYY'));
insert into oceny(id_uzytkownika, id_utworu, ocena, data) values (58, 80, 10, to_date('11-3-2018', 'DD-MM-YYYY'));
insert into oceny(id_uzytkownika, id_utworu, ocena, data) values (17, 80, 1, to_date('13-3-2018', 'DD-MM-YYYY'));
insert into oceny(id_uzytkownika, id_utworu, ocena, data) values (89, 80, 10, to_date('23-1-2018', 'DD-MM-YYYY'));
insert into oceny(id_uzytkownika, id_utworu, ocena, data) values (136, 77, 1, to_date('17-1-2017', 'DD-MM-YYYY'));
insert into oceny(id_uzytkownika, id_utworu, ocena, data) values (181, 75, 1, to_date('8-4-2017', 'DD-MM-YYYY'));
insert into oceny(id_uzytkownika, id_utworu, ocena, data) values (190, 75, 10, to_date('28-2-2017', 'DD-MM-YYYY'));
insert into oceny(id_uzytkownika, id_utworu, ocena, data) values (2, 75, 8, to_date('23-9-2017', 'DD-MM-YYYY'));
insert into oceny(id_uzytkownika, id_utworu, ocena, data) values (92, 75, 4, to_date('9-12-2017', 'DD-MM-YYYY'));
insert into oceny(id_uzytkownika, id_utworu, ocena, data) values (95, 75, 5, to_date('23-6-2017', 'DD-MM-YYYY'));
insert into oceny(id_uzytkownika, id_utworu, ocena, data) values (36, 71, 10, to_date('28-3-2017', 'DD-MM-YYYY'));
insert into oceny(id_uzytkownika, id_utworu, ocena, data) values (176, 71, 3, to_date('2-10-2017', 'DD-MM-YYYY'));
insert into oceny(id_uzytkownika, id_utworu, ocena, data) values (81, 71, 4, to_date('11-9-2017', 'DD-MM-YYYY'));
insert into oceny(id_uzytkownika, id_utworu, ocena, data) values (73, 71, 9, to_date('18-4-2017', 'DD-MM-YYYY'));
insert into oceny(id_uzytkownika, id_utworu, ocena, data) values (184, 71, 4, to_date('4-8-2017', 'DD-MM-YYYY'));
insert into oceny(id_uzytkownika, id_utworu, ocena, data) values (143, 69, 9, to_date('10-9-2018', 'DD-MM-YYYY'));
insert into oceny(id_uzytkownika, id_utworu, ocena, data) values (79, 67, 2, to_date('12-6-2016', 'DD-MM-YYYY'));
insert into oceny(id_uzytkownika, id_utworu, ocena, data) values (24, 67, 7, to_date('12-3-2016', 'DD-MM-YYYY'));
insert into oceny(id_uzytkownika, id_utworu, ocena, data) values (119, 65, 2, to_date('1-8-2019', 'DD-MM-YYYY'));
insert into oceny(id_uzytkownika, id_utworu, ocena, data) values (161, 65, 4, to_date('1-2-2019', 'DD-MM-YYYY'));
insert into oceny(id_uzytkownika, id_utworu, ocena, data) values (178, 65, 6, to_date('15-4-2019', 'DD-MM-YYYY'));
insert into oceny(id_uzytkownika, id_utworu, ocena, data) values (117, 65, 9, to_date('17-4-2019', 'DD-MM-YYYY'));
insert into oceny(id_uzytkownika, id_utworu, ocena, data) values (88, 65, 4, to_date('14-10-2019', 'DD-MM-YYYY'));
insert into oceny(id_uzytkownika, id_utworu, ocena, data) values (33, 63, 6, to_date('28-8-2017', 'DD-MM-YYYY'));
insert into oceny(id_uzytkownika, id_utworu, ocena, data) values (145, 63, 2, to_date('19-7-2017', 'DD-MM-YYYY'));
insert into oceny(id_uzytkownika, id_utworu, ocena, data) values (63, 63, 9, to_date('1-12-2017', 'DD-MM-YYYY'));
insert into oceny(id_uzytkownika, id_utworu, ocena, data) values (177, 62, 6, to_date('18-3-2018', 'DD-MM-YYYY'));
insert into oceny(id_uzytkownika, id_utworu, ocena, data) values (178, 60, 9, to_date('22-11-2017', 'DD-MM-YYYY'));
insert into oceny(id_uzytkownika, id_utworu, ocena, data) values (37, 60, 3, to_date('15-5-2017', 'DD-MM-YYYY'));
insert into oceny(id_uzytkownika, id_utworu, ocena, data) values (176, 60, 8, to_date('18-2-2017', 'DD-MM-YYYY'));
insert into oceny(id_uzytkownika, id_utworu, ocena, data) values (12, 60, 9, to_date('1-11-2017', 'DD-MM-YYYY'));
insert into oceny(id_uzytkownika, id_utworu, ocena, data) values (132, 60, 2, to_date('22-12-2017', 'DD-MM-YYYY'));
insert into oceny(id_uzytkownika, id_utworu, ocena, data) values (14, 59, 3, to_date('13-1-2021', 'DD-MM-YYYY'));
insert into oceny(id_uzytkownika, id_utworu, ocena, data) values (103, 59, 6, to_date('2-1-2021', 'DD-MM-YYYY'));
insert into oceny(id_uzytkownika, id_utworu, ocena, data) values (66, 57, 3, to_date('12-12-2019', 'DD-MM-YYYY'));
insert into oceny(id_uzytkownika, id_utworu, ocena, data) values (119, 57, 2, to_date('7-2-2019', 'DD-MM-YYYY'));
insert into oceny(id_uzytkownika, id_utworu, ocena, data) values (176, 57, 4, to_date('17-3-2019', 'DD-MM-YYYY'));
insert into oceny(id_uzytkownika, id_utworu, ocena, data) values (168, 57, 8, to_date('2-2-2019', 'DD-MM-YYYY'));
insert into oceny(id_uzytkownika, id_utworu, ocena, data) values (136, 57, 6, to_date('12-6-2019', 'DD-MM-YYYY'));
insert into oceny(id_uzytkownika, id_utworu, ocena, data) values (197, 56, 10, to_date('18-12-2020', 'DD-MM-YYYY'));
insert into oceny(id_uzytkownika, id_utworu, ocena, data) values (135, 56, 8, to_date('17-12-2020', 'DD-MM-YYYY'));
insert into oceny(id_uzytkownika, id_utworu, ocena, data) values (25, 56, 4, to_date('18-2-2020', 'DD-MM-YYYY'));
insert into oceny(id_uzytkownika, id_utworu, ocena, data) values (3, 56, 4, to_date('25-9-2020', 'DD-MM-YYYY'));
insert into oceny(id_uzytkownika, id_utworu, ocena, data) values (9, 53, 5, to_date('15-1-2018', 'DD-MM-YYYY'));
insert into oceny(id_uzytkownika, id_utworu, ocena, data) values (35, 53, 9, to_date('20-10-2018', 'DD-MM-YYYY'));
insert into oceny(id_uzytkownika, id_utworu, ocena, data) values (52, 53, 8, to_date('20-12-2018', 'DD-MM-YYYY'));
insert into oceny(id_uzytkownika, id_utworu, ocena, data) values (149, 50, 5, to_date('27-8-2017', 'DD-MM-YYYY'));
insert into oceny(id_uzytkownika, id_utworu, ocena, data) values (14, 47, 6, to_date('12-4-2020', 'DD-MM-YYYY'));
insert into oceny(id_uzytkownika, id_utworu, ocena, data) values (68, 46, 1, to_date('21-6-2016', 'DD-MM-YYYY'));
insert into oceny(id_uzytkownika, id_utworu, ocena, data) values (111, 42, 2, to_date('13-2-2016', 'DD-MM-YYYY'));
insert into oceny(id_uzytkownika, id_utworu, ocena, data) values (27, 42, 1, to_date('10-4-2016', 'DD-MM-YYYY'));
insert into oceny(id_uzytkownika, id_utworu, ocena, data) values (155, 41, 2, to_date('10-1-2020', 'DD-MM-YYYY'));
insert into oceny(id_uzytkownika, id_utworu, ocena, data) values (26, 40, 4, to_date('12-12-2017', 'DD-MM-YYYY'));
insert into oceny(id_uzytkownika, id_utworu, ocena, data) values (198, 40, 6, to_date('24-3-2017', 'DD-MM-YYYY'));
insert into oceny(id_uzytkownika, id_utworu, ocena, data) values (41, 38, 8, to_date('7-11-2019', 'DD-MM-YYYY'));
insert into oceny(id_uzytkownika, id_utworu, ocena, data) values (30, 38, 7, to_date('18-2-2019', 'DD-MM-YYYY'));
insert into oceny(id_uzytkownika, id_utworu, ocena, data) values (1, 38, 4, to_date('26-7-2019', 'DD-MM-YYYY'));
insert into oceny(id_uzytkownika, id_utworu, ocena, data) values (7, 37, 4, to_date('7-11-2017', 'DD-MM-YYYY'));
insert into oceny(id_uzytkownika, id_utworu, ocena, data) values (3, 37, 2, to_date('22-6-2017', 'DD-MM-YYYY'));
insert into oceny(id_uzytkownika, id_utworu, ocena, data) values (30, 36, 6, to_date('28-9-2018', 'DD-MM-YYYY'));
insert into oceny(id_uzytkownika, id_utworu, ocena, data) values (162, 36, 8, to_date('27-10-2018', 'DD-MM-YYYY'));
insert into oceny(id_uzytkownika, id_utworu, ocena, data) values (4, 30, 7, to_date('9-2-2020', 'DD-MM-YYYY'));
insert into oceny(id_uzytkownika, id_utworu, ocena, data) values (103, 30, 4, to_date('17-10-2020', 'DD-MM-YYYY'));
insert into oceny(id_uzytkownika, id_utworu, ocena, data) values (188, 30, 9, to_date('12-3-2020', 'DD-MM-YYYY'));
insert into oceny(id_uzytkownika, id_utworu, ocena, data) values (34, 30, 6, to_date('18-9-2020', 'DD-MM-YYYY'));
insert into oceny(id_uzytkownika, id_utworu, ocena, data) values (167, 29, 9, to_date('7-8-2017', 'DD-MM-YYYY'));
insert into oceny(id_uzytkownika, id_utworu, ocena, data) values (12, 29, 10, to_date('8-11-2017', 'DD-MM-YYYY'));
insert into oceny(id_uzytkownika, id_utworu, ocena, data) values (155, 29, 3, to_date('9-6-2017', 'DD-MM-YYYY'));
insert into oceny(id_uzytkownika, id_utworu, ocena, data) values (85, 29, 1, to_date('26-9-2017', 'DD-MM-YYYY'));
insert into oceny(id_uzytkownika, id_utworu, ocena, data) values (177, 29, 1, to_date('1-10-2017', 'DD-MM-YYYY'));
insert into oceny(id_uzytkownika, id_utworu, ocena, data) values (169, 24, 5, to_date('12-6-2016', 'DD-MM-YYYY'));
insert into oceny(id_uzytkownika, id_utworu, ocena, data) values (85, 24, 1, to_date('10-5-2016', 'DD-MM-YYYY'));
insert into oceny(id_uzytkownika, id_utworu, ocena, data) values (97, 24, 3, to_date('18-9-2016', 'DD-MM-YYYY'));
insert into oceny(id_uzytkownika, id_utworu, ocena, data) values (123, 24, 6, to_date('14-7-2016', 'DD-MM-YYYY'));
insert into oceny(id_uzytkownika, id_utworu, ocena, data) values (4, 23, 4, to_date('20-7-2018', 'DD-MM-YYYY'));
insert into oceny(id_uzytkownika, id_utworu, ocena, data) values (124, 23, 4, to_date('21-2-2018', 'DD-MM-YYYY'));
insert into oceny(id_uzytkownika, id_utworu, ocena, data) values (171, 23, 9, to_date('26-8-2018', 'DD-MM-YYYY'));
insert into oceny(id_uzytkownika, id_utworu, ocena, data) values (90, 21, 6, to_date('18-11-2016', 'DD-MM-YYYY'));
insert into oceny(id_uzytkownika, id_utworu, ocena, data) values (133, 21, 1, to_date('18-6-2016', 'DD-MM-YYYY'));
insert into oceny(id_uzytkownika, id_utworu, ocena, data) values (148, 21, 5, to_date('26-3-2016', 'DD-MM-YYYY'));
insert into oceny(id_uzytkownika, id_utworu, ocena, data) values (178, 21, 3, to_date('17-5-2016', 'DD-MM-YYYY'));
insert into oceny(id_uzytkownika, id_utworu, ocena, data) values (181, 21, 10, to_date('11-6-2016', 'DD-MM-YYYY'));
insert into oceny(id_uzytkownika, id_utworu, ocena, data) values (78, 20, 9, to_date('8-3-2016', 'DD-MM-YYYY'));
insert into oceny(id_uzytkownika, id_utworu, ocena, data) values (145, 20, 2, to_date('5-4-2016', 'DD-MM-YYYY'));
insert into oceny(id_uzytkownika, id_utworu, ocena, data) values (20, 19, 3, to_date('16-3-2019', 'DD-MM-YYYY'));
insert into oceny(id_uzytkownika, id_utworu, ocena, data) values (153, 15, 3, to_date('5-7-2021', 'DD-MM-YYYY'));
insert into oceny(id_uzytkownika, id_utworu, ocena, data) values (181, 15, 10, to_date('8-9-2021', 'DD-MM-YYYY'));
insert into oceny(id_uzytkownika, id_utworu, ocena, data) values (100, 14, 9, to_date('27-2-2019', 'DD-MM-YYYY'));
insert into oceny(id_uzytkownika, id_utworu, ocena, data) values (23, 14, 8, to_date('11-5-2019', 'DD-MM-YYYY'));
insert into oceny(id_uzytkownika, id_utworu, ocena, data) values (10, 10, 6, to_date('11-1-2019', 'DD-MM-YYYY'));
insert into oceny(id_uzytkownika, id_utworu, ocena, data) values (100, 10, 4, to_date('28-3-2019', 'DD-MM-YYYY'));
insert into oceny(id_uzytkownika, id_utworu, ocena, data) values (4, 10, 4, to_date('15-4-2019', 'DD-MM-YYYY'));
insert into oceny(id_uzytkownika, id_utworu, ocena, data) values (16, 10, 2, to_date('18-3-2019', 'DD-MM-YYYY'));
insert into oceny(id_uzytkownika, id_utworu, ocena, data) values (192, 10, 9, to_date('26-10-2019', 'DD-MM-YYYY'));
insert into oceny(id_uzytkownika, id_utworu, ocena, data) values (166, 9, 2, to_date('9-11-2016', 'DD-MM-YYYY'));
insert into oceny(id_uzytkownika, id_utworu, ocena, data) values (185, 9, 7, to_date('24-5-2016', 'DD-MM-YYYY'));
insert into oceny(id_uzytkownika, id_utworu, ocena, data) values (68, 9, 3, to_date('19-5-2016', 'DD-MM-YYYY'));
insert into oceny(id_uzytkownika, id_utworu, ocena, data) values (147, 8, 10, to_date('9-10-2020', 'DD-MM-YYYY'));
insert into oceny(id_uzytkownika, id_utworu, ocena, data) values (173, 8, 3, to_date('13-7-2020', 'DD-MM-YYYY'));
insert into oceny(id_uzytkownika, id_utworu, ocena, data) values (16, 8, 6, to_date('2-7-2020', 'DD-MM-YYYY'));
insert into oceny(id_uzytkownika, id_utworu, ocena, data) values (2, 6, 8, to_date('4-4-2017', 'DD-MM-YYYY'));
insert into oceny(id_uzytkownika, id_utworu, ocena, data) values (46, 4, 8, to_date('17-4-2020', 'DD-MM-YYYY'));
insert into oceny(id_uzytkownika, id_utworu, ocena, data) values (75, 4, 4, to_date('9-7-2020', 'DD-MM-YYYY'));
insert into oceny(id_uzytkownika, id_utworu, ocena, data) values (161, 4, 5, to_date('1-7-2020', 'DD-MM-YYYY'));
insert into oceny(id_uzytkownika, id_utworu, ocena, data) values (30, 4, 7, to_date('25-7-2020', 'DD-MM-YYYY'));
insert into oceny(id_uzytkownika, id_utworu, ocena, data) values (142, 3, 8, to_date('18-11-2019', 'DD-MM-YYYY'));
insert into oceny(id_uzytkownika, id_utworu, ocena, data) values (186, 2, 6, to_date('8-6-2020', 'DD-MM-YYYY'));
insert into oceny(id_uzytkownika, id_utworu, ocena, data) values (133, 2, 4, to_date('20-3-2020', 'DD-MM-YYYY'));
insert into oceny(id_uzytkownika, id_utworu, ocena, data) values (8, 1, 1, to_date('2-2-2021', 'DD-MM-YYYY'));
insert into oceny(id_uzytkownika, id_utworu, ocena, data) values (48, 1, 3, to_date('24-3-2021', 'DD-MM-YYYY'));
insert into oceny (id_uzytkownika, id_utworu, ocena) values (116, 82, 5);
insert into oceny (id_uzytkownika, id_utworu, ocena) values (96, 187, 3);
insert into oceny (id_uzytkownika, id_utworu, ocena) values (263, 461, 9);
insert into oceny (id_uzytkownika, id_utworu, ocena) values (104, 66, 7);
insert into oceny (id_uzytkownika, id_utworu, ocena) values (271, 270, 10);
insert into oceny (id_uzytkownika, id_utworu, ocena) values (37, 194, 10);
insert into oceny (id_uzytkownika, id_utworu, ocena) values (113, 301, 7);
insert into oceny (id_uzytkownika, id_utworu, ocena) values (190, 344, 2);
insert into oceny (id_uzytkownika, id_utworu, ocena) values (51, 447, 9);
insert into oceny (id_uzytkownika, id_utworu, ocena) values (175, 445, 2);
insert into oceny (id_uzytkownika, id_utworu, ocena) values (4, 112, 5);
insert into oceny (id_uzytkownika, id_utworu, ocena) values (154, 443, 3);
insert into oceny (id_uzytkownika, id_utworu, ocena) values (233, 287, 6);
insert into oceny (id_uzytkownika, id_utworu, ocena) values (187, 114, 9);
insert into oceny (id_uzytkownika, id_utworu, ocena) values (90, 365, 4);
insert into oceny (id_uzytkownika, id_utworu, ocena) values (151, 257, 2);
insert into oceny (id_uzytkownika, id_utworu, ocena) values (290, 250, 3);
insert into oceny (id_uzytkownika, id_utworu, ocena) values (158, 438, 4);
insert into oceny (id_uzytkownika, id_utworu, ocena) values (42, 371, 1);
insert into oceny (id_uzytkownika, id_utworu, ocena) values (235, 381, 2);
insert into oceny (id_uzytkownika, id_utworu, ocena) values (124, 415, 8);
insert into oceny (id_uzytkownika, id_utworu, ocena) values (291, 149, 9);
insert into oceny (id_uzytkownika, id_utworu, ocena) values (71, 375, 3);
insert into oceny (id_uzytkownika, id_utworu, ocena) values (38, 455, 5);
insert into oceny (id_uzytkownika, id_utworu, ocena) values (266, 382, 1);
insert into oceny (id_uzytkownika, id_utworu, ocena) values (90, 437, 8);
insert into oceny (id_uzytkownika, id_utworu, ocena) values (167, 403, 3);
insert into oceny (id_uzytkownika, id_utworu, ocena) values (139, 327, 5);
insert into oceny (id_uzytkownika, id_utworu, ocena) values (297, 299, 8);
insert into oceny (id_uzytkownika, id_utworu, ocena) values (20, 436, 5);
insert into oceny (id_uzytkownika, id_utworu, ocena) values (194, 483, 3);
insert into oceny (id_uzytkownika, id_utworu, ocena) values (259, 444, 5);
insert into oceny (id_uzytkownika, id_utworu, ocena) values (204, 275, 9);
insert into oceny (id_uzytkownika, id_utworu, ocena) values (127, 403, 9);
insert into oceny (id_uzytkownika, id_utworu, ocena) values (52, 78, 2);
insert into oceny (id_uzytkownika, id_utworu, ocena) values (168, 275, 3);
insert into oceny (id_uzytkownika, id_utworu, ocena) values (250, 320, 1);
insert into oceny (id_uzytkownika, id_utworu, ocena) values (284, 165, 3);
insert into oceny (id_uzytkownika, id_utworu, ocena) values (5, 83, 8);
insert into oceny (id_uzytkownika, id_utworu, ocena) values (150, 135, 6);
insert into oceny (id_uzytkownika, id_utworu, ocena) values (17, 27, 6);
insert into oceny (id_uzytkownika, id_utworu, ocena) values (283, 402, 3);
insert into oceny (id_uzytkownika, id_utworu, ocena) values (51, 83, 3);
insert into oceny (id_uzytkownika, id_utworu, ocena) values (152, 291, 4);
insert into oceny (id_uzytkownika, id_utworu, ocena) values (111, 171, 8);
insert into oceny (id_uzytkownika, id_utworu, ocena) values (46, 299, 9);
insert into oceny (id_uzytkownika, id_utworu, ocena) values (260, 148, 10);
insert into oceny (id_uzytkownika, id_utworu, ocena) values (292, 127, 7);
insert into oceny (id_uzytkownika, id_utworu, ocena) values (225, 262, 6);
insert into oceny (id_uzytkownika, id_utworu, ocena) values (234, 166, 6);
insert into oceny (id_uzytkownika, id_utworu, ocena) values (283, 246, 5);
insert into oceny (id_uzytkownika, id_utworu, ocena) values (71, 432, 8);
insert into oceny (id_uzytkownika, id_utworu, ocena) values (166, 45, 1);
insert into oceny (id_uzytkownika, id_utworu, ocena) values (250, 481, 10);
insert into oceny (id_uzytkownika, id_utworu, ocena) values (75, 11, 6);
insert into oceny (id_uzytkownika, id_utworu, ocena) values (128, 216, 1);
insert into oceny (id_uzytkownika, id_utworu, ocena) values (152, 9, 7);
insert into oceny (id_uzytkownika, id_utworu, ocena) values (94, 321, 8);
insert into oceny (id_uzytkownika, id_utworu, ocena) values (34, 327, 2);
insert into oceny (id_uzytkownika, id_utworu, ocena) values (261, 204, 5);
insert into oceny (id_uzytkownika, id_utworu, ocena) values (187, 359, 10);
insert into oceny (id_uzytkownika, id_utworu, ocena) values (189, 45, 10);
insert into oceny (id_uzytkownika, id_utworu, ocena) values (35, 358, 8);
insert into oceny (id_uzytkownika, id_utworu, ocena) values (273, 373, 10);
insert into oceny (id_uzytkownika, id_utworu, ocena) values (16, 181, 2);
insert into oceny (id_uzytkownika, id_utworu, ocena) values (284, 463, 6);
insert into oceny (id_uzytkownika, id_utworu, ocena) values (3, 457, 4);
insert into oceny (id_uzytkownika, id_utworu, ocena) values (37, 421, 6);
insert into oceny (id_uzytkownika, id_utworu, ocena) values (274, 335, 2);
insert into oceny (id_uzytkownika, id_utworu, ocena) values (2, 47, 3);
insert into oceny (id_uzytkownika, id_utworu, ocena) values (98, 227, 5);
insert into oceny (id_uzytkownika, id_utworu, ocena) values (135, 183, 9);
insert into oceny (id_uzytkownika, id_utworu, ocena) values (91, 20, 5);
insert into oceny (id_uzytkownika, id_utworu, ocena) values (189, 108, 7);
insert into oceny (id_uzytkownika, id_utworu, ocena) values (258, 275, 5);
insert into oceny (id_uzytkownika, id_utworu, ocena) values (282, 168, 9);
insert into oceny (id_uzytkownika, id_utworu, ocena) values (65, 462, 10);
insert into oceny (id_uzytkownika, id_utworu, ocena) values (207, 251, 1);
insert into oceny (id_uzytkownika, id_utworu, ocena) values (54, 352, 5);
insert into oceny (id_uzytkownika, id_utworu, ocena) values (35, 286, 2);
insert into oceny (id_uzytkownika, id_utworu, ocena) values (82, 399, 2);
insert into oceny (id_uzytkownika, id_utworu, ocena) values (46, 451, 6);
insert into oceny (id_uzytkownika, id_utworu, ocena) values (61, 79, 3);
insert into oceny (id_uzytkownika, id_utworu, ocena) values (55, 412, 1);
insert into oceny (id_uzytkownika, id_utworu, ocena) values (71, 125, 3);
insert into oceny (id_uzytkownika, id_utworu, ocena) values (125, 57, 7);
insert into oceny (id_uzytkownika, id_utworu, ocena) values (295, 7, 6);
insert into oceny (id_uzytkownika, id_utworu, ocena) values (115, 69, 4);
insert into oceny (id_uzytkownika, id_utworu, ocena) values (146, 340, 10);
insert into oceny (id_uzytkownika, id_utworu, ocena) values (97, 179, 10);
insert into oceny (id_uzytkownika, id_utworu, ocena) values (171, 97, 8);
insert into oceny (id_uzytkownika, id_utworu, ocena) values (270, 132, 8);
insert into oceny (id_uzytkownika, id_utworu, ocena) values (56, 277, 2);
insert into oceny (id_uzytkownika, id_utworu, ocena) values (263, 25, 5);
insert into oceny (id_uzytkownika, id_utworu, ocena) values (193, 238, 8);
insert into oceny (id_uzytkownika, id_utworu, ocena) values (82, 467, 7);
insert into oceny (id_uzytkownika, id_utworu, ocena) values (164, 246, 10);
insert into oceny (id_uzytkownika, id_utworu, ocena) values (92, 335, 6);
insert into oceny (id_uzytkownika, id_utworu, ocena) values (269, 221, 8);
insert into oceny (id_uzytkownika, id_utworu, ocena) values (206, 207, 6);
insert into oceny (id_uzytkownika, id_utworu, ocena) values (133, 292, 1);
insert into oceny (id_uzytkownika, id_utworu, ocena) values (102, 257, 7);
insert into oceny (id_uzytkownika, id_utworu, ocena) values (56, 271, 1);
insert into oceny (id_uzytkownika, id_utworu, ocena) values (247, 110, 3);
insert into oceny (id_uzytkownika, id_utworu, ocena) values (38, 31, 3);
insert into oceny (id_uzytkownika, id_utworu, ocena) values (66, 488, 4);
insert into oceny (id_uzytkownika, id_utworu, ocena) values (13, 301, 5);
insert into oceny (id_uzytkownika, id_utworu, ocena) values (159, 184, 2);
insert into oceny (id_uzytkownika, id_utworu, ocena) values (26, 117, 9);
insert into oceny (id_uzytkownika, id_utworu, ocena) values (251, 189, 5);
insert into oceny (id_uzytkownika, id_utworu, ocena) values (256, 301, 8);
insert into oceny (id_uzytkownika, id_utworu, ocena) values (238, 384, 1);
insert into oceny (id_uzytkownika, id_utworu, ocena) values (55, 433, 9);
insert into oceny (id_uzytkownika, id_utworu, ocena) values (292, 131, 9);
insert into oceny (id_uzytkownika, id_utworu, ocena) values (112, 60, 3);
insert into oceny (id_uzytkownika, id_utworu, ocena) values (237, 444, 8);
insert into oceny (id_uzytkownika, id_utworu, ocena) values (103, 310, 4);
insert into oceny (id_uzytkownika, id_utworu, ocena) values (289, 346, 4);
insert into oceny (id_uzytkownika, id_utworu, ocena) values (229, 260, 4);
insert into oceny (id_uzytkownika, id_utworu, ocena) values (106, 419, 6);
insert into oceny (id_uzytkownika, id_utworu, ocena) values (149, 211, 6);
insert into oceny (id_uzytkownika, id_utworu, ocena) values (10, 289, 6);
insert into oceny (id_uzytkownika, id_utworu, ocena) values (208, 224, 9);
insert into oceny (id_uzytkownika, id_utworu, ocena) values (156, 427, 3);
insert into oceny (id_uzytkownika, id_utworu, ocena) values (234, 68, 1);
insert into oceny (id_uzytkownika, id_utworu, ocena) values (223, 273, 6);
insert into oceny (id_uzytkownika, id_utworu, ocena) values (40, 299, 6);
insert into oceny (id_uzytkownika, id_utworu, ocena) values (8, 46, 7);
insert into oceny (id_uzytkownika, id_utworu, ocena) values (46, 167, 8);
insert into oceny (id_uzytkownika, id_utworu, ocena) values (216, 330, 2);
insert into oceny (id_uzytkownika, id_utworu, ocena) values (275, 112, 4);
insert into oceny (id_uzytkownika, id_utworu, ocena) values (171, 378, 2);
insert into oceny (id_uzytkownika, id_utworu, ocena) values (211, 328, 8);
insert into oceny (id_uzytkownika, id_utworu, ocena) values (151, 35, 5);
insert into oceny (id_uzytkownika, id_utworu, ocena) values (81, 145, 5);
insert into oceny (id_uzytkownika, id_utworu, ocena) values (130, 68, 8);
insert into oceny (id_uzytkownika, id_utworu, ocena) values (63, 117, 6);
insert into oceny (id_uzytkownika, id_utworu, ocena) values (15, 180, 9);
insert into oceny (id_uzytkownika, id_utworu, ocena) values (204, 245, 3);
insert into oceny (id_uzytkownika, id_utworu, ocena) values (154, 375, 6);
insert into oceny (id_uzytkownika, id_utworu, ocena) values (97, 193, 3);
insert into oceny (id_uzytkownika, id_utworu, ocena) values (162, 101, 10);
insert into oceny (id_uzytkownika, id_utworu, ocena) values (93, 73, 1);
insert into oceny (id_uzytkownika, id_utworu, ocena) values (49, 61, 3);
insert into oceny (id_uzytkownika, id_utworu, ocena) values (157, 134, 4);
insert into oceny (id_uzytkownika, id_utworu, ocena) values (249, 270, 4);
insert into oceny (id_uzytkownika, id_utworu, ocena) values (173, 221, 4);
insert into oceny (id_uzytkownika, id_utworu, ocena) values (48, 63, 7);
insert into oceny (id_uzytkownika, id_utworu, ocena) values (48, 155, 6);
insert into oceny (id_uzytkownika, id_utworu, ocena) values (264, 143, 3);
insert into oceny (id_uzytkownika, id_utworu, ocena) values (19, 369, 10);
insert into oceny (id_uzytkownika, id_utworu, ocena) values (279, 49, 10);
insert into oceny (id_uzytkownika, id_utworu, ocena) values (74, 235, 1);
insert into oceny (id_uzytkownika, id_utworu, ocena) values (49, 214, 8);
insert into oceny (id_uzytkownika, id_utworu, ocena) values (2, 203, 7);
insert into oceny (id_uzytkownika, id_utworu, ocena) values (135, 91, 7);
insert into oceny (id_uzytkownika, id_utworu, ocena) values (173, 7, 2);
insert into oceny (id_uzytkownika, id_utworu, ocena) values (197, 247, 4);
insert into oceny (id_uzytkownika, id_utworu, ocena) values (207, 270, 5);
insert into oceny (id_uzytkownika, id_utworu, ocena) values (192, 375, 6);
insert into oceny (id_uzytkownika, id_utworu, ocena) values (169, 444, 6);
insert into oceny (id_uzytkownika, id_utworu, ocena) values (76, 187, 5);
insert into oceny (id_uzytkownika, id_utworu, ocena) values (141, 100, 8);
insert into oceny (id_uzytkownika, id_utworu, ocena) values (144, 49, 10);
insert into oceny (id_uzytkownika, id_utworu, ocena) values (72, 88, 4);
insert into oceny (id_uzytkownika, id_utworu, ocena) values (179, 157, 6);
insert into oceny (id_uzytkownika, id_utworu, ocena) values (229, 180, 9);
insert into oceny (id_uzytkownika, id_utworu, ocena) values (239, 302, 5);
insert into oceny (id_uzytkownika, id_utworu, ocena) values (5, 200, 3);
insert into oceny (id_uzytkownika, id_utworu, ocena) values (280, 414, 8);
insert into oceny (id_uzytkownika, id_utworu, ocena) values (16, 101, 5);
insert into oceny (id_uzytkownika, id_utworu, ocena) values (43, 271, 3);
insert into oceny (id_uzytkownika, id_utworu, ocena) values (210, 164, 9);
insert into oceny (id_uzytkownika, id_utworu, ocena) values (181, 234, 3);
insert into oceny (id_uzytkownika, id_utworu, ocena) values (132, 342, 10);
insert into oceny (id_uzytkownika, id_utworu, ocena) values (186, 76, 2);
insert into oceny (id_uzytkownika, id_utworu, ocena) values (22, 285, 6);
insert into oceny (id_uzytkownika, id_utworu, ocena) values (248, 216, 1);
insert into oceny (id_uzytkownika, id_utworu, ocena) values (143, 43, 4);
insert into oceny (id_uzytkownika, id_utworu, ocena) values (45, 468, 7);
insert into oceny (id_uzytkownika, id_utworu, ocena) values (31, 43, 1);
insert into oceny (id_uzytkownika, id_utworu, ocena) values (261, 187, 1);
insert into oceny (id_uzytkownika, id_utworu, ocena) values (289, 433, 8);
insert into oceny (id_uzytkownika, id_utworu, ocena) values (231, 233, 2);
insert into oceny (id_uzytkownika, id_utworu, ocena) values (162, 94, 10);
insert into oceny (id_uzytkownika, id_utworu, ocena) values (278, 333, 9);
insert into oceny (id_uzytkownika, id_utworu, ocena) values (46, 291, 5);
insert into oceny (id_uzytkownika, id_utworu, ocena) values (63, 89, 6);
insert into oceny (id_uzytkownika, id_utworu, ocena) values (288, 150, 3);
insert into oceny (id_uzytkownika, id_utworu, ocena) values (103, 219, 1);
insert into oceny (id_uzytkownika, id_utworu, ocena) values (236, 366, 2);
insert into oceny (id_uzytkownika, id_utworu, ocena) values (205, 338, 9);
insert into oceny (id_uzytkownika, id_utworu, ocena) values (20, 15, 3);
insert into oceny (id_uzytkownika, id_utworu, ocena) values (216, 465, 1);
insert into oceny (id_uzytkownika, id_utworu, ocena) values (71, 261, 9);
insert into oceny (id_uzytkownika, id_utworu, ocena) values (45, 473, 5);
insert into oceny (id_uzytkownika, id_utworu, ocena) values (254, 368, 9);
insert into oceny (id_uzytkownika, id_utworu, ocena) values (128, 194, 4);
insert into oceny (id_uzytkownika, id_utworu, ocena) values (22, 228, 6);
insert into oceny (id_uzytkownika, id_utworu, ocena) values (37, 381, 6);
insert into oceny (id_uzytkownika, id_utworu, ocena) values (28, 152, 2);
insert into oceny (id_uzytkownika, id_utworu, ocena) values (259, 120, 7);
insert into oceny (id_uzytkownika, id_utworu, ocena) values (286, 68, 3);
insert into oceny (id_uzytkownika, id_utworu, ocena) values (202, 8, 9);
insert into oceny (id_uzytkownika, id_utworu, ocena) values (233, 9, 1);
insert into oceny (id_uzytkownika, id_utworu, ocena) values (223, 385, 4);
insert into oceny (id_uzytkownika, id_utworu, ocena) values (254, 68, 10);
insert into oceny (id_uzytkownika, id_utworu, ocena) values (192, 197, 5);
insert into oceny (id_uzytkownika, id_utworu, ocena) values (68, 262, 7);
insert into oceny (id_uzytkownika, id_utworu, ocena) values (206, 440, 1);
insert into oceny (id_uzytkownika, id_utworu, ocena) values (93, 440, 5);
insert into oceny (id_uzytkownika, id_utworu, ocena) values (144, 388, 4);
insert into oceny (id_uzytkownika, id_utworu, ocena) values (100, 323, 9);
insert into oceny (id_uzytkownika, id_utworu, ocena) values (278, 304, 8);
insert into oceny (id_uzytkownika, id_utworu, ocena) values (246, 134, 5);
insert into oceny (id_uzytkownika, id_utworu, ocena) values (250, 39, 9);
insert into oceny (id_uzytkownika, id_utworu, ocena) values (211, 108, 2);
insert into oceny (id_uzytkownika, id_utworu, ocena) values (223, 299, 1);
insert into oceny (id_uzytkownika, id_utworu, ocena) values (172, 80, 6);
insert into oceny (id_uzytkownika, id_utworu, ocena) values (163, 112, 7);
insert into oceny (id_uzytkownika, id_utworu, ocena) values (134, 344, 1);
insert into oceny (id_uzytkownika, id_utworu, ocena) values (75, 31, 4);
insert into oceny (id_uzytkownika, id_utworu, ocena) values (37, 224, 7);
insert into oceny (id_uzytkownika, id_utworu, ocena) values (5, 151, 4);
insert into oceny (id_uzytkownika, id_utworu, ocena) values (265, 50, 3);
insert into oceny (id_uzytkownika, id_utworu, ocena) values (80, 193, 10);
insert into oceny (id_uzytkownika, id_utworu, ocena) values (180, 447, 6);
insert into oceny (id_uzytkownika, id_utworu, ocena) values (55, 259, 3);
insert into oceny (id_uzytkownika, id_utworu, ocena) values (114, 223, 10);
insert into oceny (id_uzytkownika, id_utworu, ocena) values (217, 373, 2);
insert into oceny (id_uzytkownika, id_utworu, ocena) values (260, 183, 8);
insert into oceny (id_uzytkownika, id_utworu, ocena) values (46, 478, 3);
insert into oceny (id_uzytkownika, id_utworu, ocena) values (283, 44, 2);
insert into oceny (id_uzytkownika, id_utworu, ocena) values (164, 114, 7);
insert into oceny (id_uzytkownika, id_utworu, ocena) values (15, 253, 6);
insert into oceny (id_uzytkownika, id_utworu, ocena) values (235, 359, 5);
insert into oceny (id_uzytkownika, id_utworu, ocena) values (141, 250, 4);
insert into oceny (id_uzytkownika, id_utworu, ocena) values (182, 111, 1);
insert into oceny (id_uzytkownika, id_utworu, ocena) values (8, 345, 7);
insert into oceny (id_uzytkownika, id_utworu, ocena) values (26, 316, 3);
insert into oceny (id_uzytkownika, id_utworu, ocena) values (105, 234, 8);
insert into oceny (id_uzytkownika, id_utworu, ocena) values (173, 147, 6);
insert into oceny (id_uzytkownika, id_utworu, ocena) values (77, 489, 9);
insert into oceny (id_uzytkownika, id_utworu, ocena) values (166, 69, 9);
insert into oceny (id_uzytkownika, id_utworu, ocena) values (151, 472, 8);
insert into oceny (id_uzytkownika, id_utworu, ocena) values (187, 239, 6);
insert into oceny (id_uzytkownika, id_utworu, ocena) values (62, 249, 5);
insert into oceny (id_uzytkownika, id_utworu, ocena) values (22, 30, 10);
insert into oceny (id_uzytkownika, id_utworu, ocena) values (153, 276, 5);
insert into oceny (id_uzytkownika, id_utworu, ocena) values (257, 424, 3);
insert into oceny (id_uzytkownika, id_utworu, ocena) values (20, 399, 9);
insert into oceny (id_uzytkownika, id_utworu, ocena) values (11, 7, 10);
insert into oceny (id_uzytkownika, id_utworu, ocena) values (40, 177, 1);
insert into oceny (id_uzytkownika, id_utworu, ocena) values (154, 212, 10);
insert into oceny (id_uzytkownika, id_utworu, ocena) values (18, 179, 5);
insert into oceny (id_uzytkownika, id_utworu, ocena) values (220, 130, 4);
insert into oceny (id_uzytkownika, id_utworu, ocena) values (9, 351, 3);
insert into oceny (id_uzytkownika, id_utworu, ocena) values (133, 225, 8);
insert into oceny (id_uzytkownika, id_utworu, ocena) values (63, 438, 8);
insert into oceny (id_uzytkownika, id_utworu, ocena) values (142, 449, 10);
insert into oceny (id_uzytkownika, id_utworu, ocena) values (225, 206, 7);
insert into oceny (id_uzytkownika, id_utworu, ocena) values (60, 310, 9);
insert into oceny (id_uzytkownika, id_utworu, ocena) values (226, 489, 4);
insert into oceny (id_uzytkownika, id_utworu, ocena) values (222, 365, 5);
insert into oceny (id_uzytkownika, id_utworu, ocena) values (25, 217, 8);
insert into oceny (id_uzytkownika, id_utworu, ocena) values (9, 313, 1);
insert into oceny (id_uzytkownika, id_utworu, ocena) values (25, 131, 7);
insert into oceny (id_uzytkownika, id_utworu, ocena) values (3, 290, 6);
insert into oceny (id_uzytkownika, id_utworu, ocena) values (77, 310, 2);
insert into oceny (id_uzytkownika, id_utworu, ocena) values (267, 482, 8);
insert into oceny (id_uzytkownika, id_utworu, ocena) values (143, 304, 8);
insert into oceny (id_uzytkownika, id_utworu, ocena) values (264, 388, 8);
insert into oceny (id_uzytkownika, id_utworu, ocena) values (251, 493, 3);
insert into oceny (id_uzytkownika, id_utworu, ocena) values (270, 442, 6);
insert into oceny (id_uzytkownika, id_utworu, ocena) values (243, 443, 4);
insert into oceny (id_uzytkownika, id_utworu, ocena) values (97, 422, 5);
insert into oceny (id_uzytkownika, id_utworu, ocena) values (104, 155, 5);
insert into oceny (id_uzytkownika, id_utworu, ocena) values (47, 245, 4);
insert into oceny (id_uzytkownika, id_utworu, ocena) values (297, 492, 5);
insert into oceny (id_uzytkownika, id_utworu, ocena) values (108, 430, 2);
insert into oceny (id_uzytkownika, id_utworu, ocena) values (183, 332, 7);
insert into oceny (id_uzytkownika, id_utworu, ocena) values (121, 419, 9);
insert into oceny (id_uzytkownika, id_utworu, ocena) values (235, 147, 1);
insert into oceny (id_uzytkownika, id_utworu, ocena) values (167, 255, 4);
insert into oceny (id_uzytkownika, id_utworu, ocena) values (100, 371, 4);
insert into oceny (id_uzytkownika, id_utworu, ocena) values (122, 267, 8);
insert into oceny (id_uzytkownika, id_utworu, ocena) values (238, 198, 2);
insert into oceny (id_uzytkownika, id_utworu, ocena) values (125, 82, 1);
insert into oceny (id_uzytkownika, id_utworu, ocena) values (269, 382, 9);
insert into oceny (id_uzytkownika, id_utworu, ocena) values (190, 383, 4);
insert into oceny (id_uzytkownika, id_utworu, ocena) values (202, 235, 1);
insert into oceny (id_uzytkownika, id_utworu, ocena) values (201, 228, 3);
insert into oceny (id_uzytkownika, id_utworu, ocena) values (252, 312, 5);
insert into oceny (id_uzytkownika, id_utworu, ocena) values (243, 11, 10);
insert into oceny (id_uzytkownika, id_utworu, ocena) values (231, 149, 8);
insert into oceny (id_uzytkownika, id_utworu, ocena) values (60, 142, 6);
insert into oceny (id_uzytkownika, id_utworu, ocena) values (89, 364, 9);
insert into oceny (id_uzytkownika, id_utworu, ocena) values (123, 254, 5);
insert into oceny (id_uzytkownika, id_utworu, ocena) values (259, 473, 7);
insert into oceny (id_uzytkownika, id_utworu, ocena) values (279, 129, 4);
insert into oceny (id_uzytkownika, id_utworu, ocena) values (187, 326, 3);
insert into oceny (id_uzytkownika, id_utworu, ocena) values (216, 370, 3);
insert into oceny (id_uzytkownika, id_utworu, ocena) values (295, 159, 5);
insert into oceny (id_uzytkownika, id_utworu, ocena) values (144, 43, 7);
insert into oceny (id_uzytkownika, id_utworu, ocena) values (241, 14, 9);
insert into oceny (id_uzytkownika, id_utworu, ocena) values (169, 414, 7);
insert into oceny (id_uzytkownika, id_utworu, ocena) values (90, 151, 9);
insert into oceny (id_uzytkownika, id_utworu, ocena) values (68, 423, 5);
insert into oceny (id_uzytkownika, id_utworu, ocena) values (189, 144, 1);
insert into oceny (id_uzytkownika, id_utworu, ocena) values (10, 44, 7);
insert into oceny (id_uzytkownika, id_utworu, ocena) values (211, 168, 10);
insert into oceny (id_uzytkownika, id_utworu, ocena) values (116, 347, 6);
insert into oceny (id_uzytkownika, id_utworu, ocena) values (111, 178, 3);
insert into oceny (id_uzytkownika, id_utworu, ocena) values (37, 450, 10);
insert into oceny (id_uzytkownika, id_utworu, ocena) values (108, 375, 3);
insert into oceny (id_uzytkownika, id_utworu, ocena) values (22, 120, 4);
insert into oceny (id_uzytkownika, id_utworu, ocena) values (47, 39, 9);
insert into oceny (id_uzytkownika, id_utworu, ocena) values (87, 231, 6);
insert into oceny (id_uzytkownika, id_utworu, ocena) values (63, 303, 2);
insert into oceny (id_uzytkownika, id_utworu, ocena) values (28, 107, 2);
insert into oceny (id_uzytkownika, id_utworu, ocena) values (75, 290, 3);
insert into oceny (id_uzytkownika, id_utworu, ocena) values (266, 84, 9);
insert into oceny (id_uzytkownika, id_utworu, ocena) values (209, 196, 3);
insert into oceny (id_uzytkownika, id_utworu, ocena) values (206, 203, 2);
insert into oceny (id_uzytkownika, id_utworu, ocena) values (115, 238, 9);
insert into oceny (id_uzytkownika, id_utworu, ocena) values (182, 459, 9);
insert into oceny (id_uzytkownika, id_utworu, ocena) values (180, 301, 7);
insert into oceny (id_uzytkownika, id_utworu, ocena) values (287, 178, 9);
insert into oceny (id_uzytkownika, id_utworu, ocena) values (70, 90, 3);
insert into oceny (id_uzytkownika, id_utworu, ocena) values (182, 204, 1);
insert into oceny (id_uzytkownika, id_utworu, ocena) values (30, 248, 7);
insert into oceny (id_uzytkownika, id_utworu, ocena) values (228, 463, 3);
insert into oceny (id_uzytkownika, id_utworu, ocena) values (277, 38, 8);
insert into oceny (id_uzytkownika, id_utworu, ocena) values (70, 75, 9);
insert into oceny (id_uzytkownika, id_utworu, ocena) values (108, 237, 7);
insert into oceny (id_uzytkownika, id_utworu, ocena) values (288, 366, 7);
insert into oceny (id_uzytkownika, id_utworu, ocena) values (43, 341, 1);
insert into oceny (id_uzytkownika, id_utworu, ocena) values (244, 424, 1);
insert into oceny (id_uzytkownika, id_utworu, ocena) values (65, 330, 10);
insert into oceny (id_uzytkownika, id_utworu, ocena) values (157, 483, 9);
insert into oceny (id_uzytkownika, id_utworu, ocena) values (265, 201, 4);
insert into oceny (id_uzytkownika, id_utworu, ocena) values (194, 7, 7);
insert into oceny (id_uzytkownika, id_utworu, ocena) values (91, 220, 3);
insert into oceny (id_uzytkownika, id_utworu, ocena) values (171, 462, 1);
insert into oceny (id_uzytkownika, id_utworu, ocena) values (52, 486, 3);
insert into oceny (id_uzytkownika, id_utworu, ocena) values (4, 4, 10);
insert into oceny (id_uzytkownika, id_utworu, ocena) values (4, 119, 4);
insert into oceny (id_uzytkownika, id_utworu, ocena) values (22, 188, 3);
insert into oceny (id_uzytkownika, id_utworu, ocena) values (197, 320, 9);
insert into oceny (id_uzytkownika, id_utworu, ocena) values (122, 280, 6);
insert into oceny (id_uzytkownika, id_utworu, ocena) values (239, 409, 3);
insert into oceny (id_uzytkownika, id_utworu, ocena) values (63, 28, 6);
insert into oceny (id_uzytkownika, id_utworu, ocena) values (112, 439, 7);
insert into oceny (id_uzytkownika, id_utworu, ocena) values (62, 201, 2);
insert into oceny (id_uzytkownika, id_utworu, ocena) values (227, 291, 6);
insert into oceny (id_uzytkownika, id_utworu, ocena) values (109, 240, 6);
insert into oceny (id_uzytkownika, id_utworu, ocena) values (105, 91, 10);
insert into oceny (id_uzytkownika, id_utworu, ocena) values (139, 493, 6);
insert into oceny (id_uzytkownika, id_utworu, ocena) values (117, 108, 10);
insert into oceny (id_uzytkownika, id_utworu, ocena) values (89, 214, 7);
insert into oceny (id_uzytkownika, id_utworu, ocena) values (177, 444, 4);
insert into oceny (id_uzytkownika, id_utworu, ocena) values (123, 41, 8);
insert into oceny (id_uzytkownika, id_utworu, ocena) values (150, 403, 5);
insert into oceny (id_uzytkownika, id_utworu, ocena) values (166, 271, 3);
insert into oceny (id_uzytkownika, id_utworu, ocena) values (56, 292, 7);
insert into oceny (id_uzytkownika, id_utworu, ocena) values (292, 142, 2);
insert into oceny (id_uzytkownika, id_utworu, ocena) values (110, 296, 7);
insert into oceny (id_uzytkownika, id_utworu, ocena) values (289, 151, 1);
insert into oceny (id_uzytkownika, id_utworu, ocena) values (170, 373, 8);
insert into oceny (id_uzytkownika, id_utworu, ocena) values (26, 468, 8);
insert into oceny (id_uzytkownika, id_utworu, ocena) values (220, 336, 10);
insert into oceny (id_uzytkownika, id_utworu, ocena) values (148, 133, 9);
insert into oceny (id_uzytkownika, id_utworu, ocena) values (174, 29, 3);
insert into oceny (id_uzytkownika, id_utworu, ocena) values (93, 470, 9);
insert into oceny (id_uzytkownika, id_utworu, ocena) values (176, 63, 10);
insert into oceny (id_uzytkownika, id_utworu, ocena) values (21, 405, 5);
insert into oceny (id_uzytkownika, id_utworu, ocena) values (120, 175, 4);
insert into oceny (id_uzytkownika, id_utworu, ocena) values (260, 241, 9);
insert into oceny (id_uzytkownika, id_utworu, ocena) values (204, 112, 3);
insert into oceny (id_uzytkownika, id_utworu, ocena) values (141, 427, 9);
insert into oceny (id_uzytkownika, id_utworu, ocena) values (230, 266, 7);
insert into oceny (id_uzytkownika, id_utworu, ocena) values (285, 213, 1);
insert into oceny (id_uzytkownika, id_utworu, ocena) values (111, 244, 5);
insert into oceny (id_uzytkownika, id_utworu, ocena) values (265, 128, 4);
insert into oceny (id_uzytkownika, id_utworu, ocena) values (145, 432, 1);
insert into oceny (id_uzytkownika, id_utworu, ocena) values (255, 240, 1);
insert into oceny (id_uzytkownika, id_utworu, ocena) values (221, 401, 1);
insert into oceny (id_uzytkownika, id_utworu, ocena) values (5, 14, 2);
insert into oceny (id_uzytkownika, id_utworu, ocena) values (36, 1, 10);
insert into oceny (id_uzytkownika, id_utworu, ocena) values (231, 461, 8);
insert into oceny (id_uzytkownika, id_utworu, ocena) values (217, 282, 3);
insert into oceny (id_uzytkownika, id_utworu, ocena) values (213, 169, 6);
insert into oceny (id_uzytkownika, id_utworu, ocena) values (131, 183, 3);
insert into oceny (id_uzytkownika, id_utworu, ocena) values (163, 51, 7);
insert into oceny (id_uzytkownika, id_utworu, ocena) values (99, 491, 7);
insert into oceny (id_uzytkownika, id_utworu, ocena) values (220, 347, 5);
insert into oceny (id_uzytkownika, id_utworu, ocena) values (121, 207, 2);
insert into oceny (id_uzytkownika, id_utworu, ocena) values (92, 245, 1);
insert into oceny (id_uzytkownika, id_utworu, ocena) values (245, 171, 5);
insert into oceny (id_uzytkownika, id_utworu, ocena) values (276, 349, 10);
insert into oceny (id_uzytkownika, id_utworu, ocena) values (71, 10, 1);
insert into oceny (id_uzytkownika, id_utworu, ocena) values (26, 380, 10);
insert into oceny (id_uzytkownika, id_utworu, ocena) values (216, 415, 3);
insert into oceny (id_uzytkownika, id_utworu, ocena) values (52, 297, 8);
insert into oceny (id_uzytkownika, id_utworu, ocena) values (269, 79, 8);
insert into oceny (id_uzytkownika, id_utworu, ocena) values (179, 246, 4);
insert into oceny (id_uzytkownika, id_utworu, ocena) values (115, 456, 10);
insert into oceny (id_uzytkownika, id_utworu, ocena) values (285, 127, 7);
insert into oceny (id_uzytkownika, id_utworu, ocena) values (181, 428, 4);
insert into oceny (id_uzytkownika, id_utworu, ocena) values (243, 305, 6);
insert into oceny (id_uzytkownika, id_utworu, ocena) values (240, 31, 2);
insert into oceny (id_uzytkownika, id_utworu, ocena) values (228, 282, 1);
insert into oceny (id_uzytkownika, id_utworu, ocena) values (287, 270, 10);
insert into oceny (id_uzytkownika, id_utworu, ocena) values (81, 302, 5);
insert into oceny (id_uzytkownika, id_utworu, ocena) values (175, 241, 9);
insert into oceny (id_uzytkownika, id_utworu, ocena) values (154, 422, 6);
insert into oceny (id_uzytkownika, id_utworu, ocena) values (22, 493, 1);
insert into oceny (id_uzytkownika, id_utworu, ocena) values (145, 357, 3);
insert into oceny (id_uzytkownika, id_utworu, ocena) values (49, 107, 1);
insert into oceny (id_uzytkownika, id_utworu, ocena) values (258, 473, 10);
insert into oceny (id_uzytkownika, id_utworu, ocena) values (17, 462, 10);
insert into oceny (id_uzytkownika, id_utworu, ocena) values (13, 498, 3);
insert into oceny (id_uzytkownika, id_utworu, ocena) values (55, 226, 2);
insert into oceny (id_uzytkownika, id_utworu, ocena) values (92, 337, 3);
insert into oceny (id_uzytkownika, id_utworu, ocena) values (40, 102, 9);
insert into oceny (id_uzytkownika, id_utworu, ocena) values (222, 477, 3);
insert into oceny (id_uzytkownika, id_utworu, ocena) values (236, 424, 1);
insert into oceny (id_uzytkownika, id_utworu, ocena) values (102, 147, 9);
insert into oceny (id_uzytkownika, id_utworu, ocena) values (5, 29, 4);
insert into oceny (id_uzytkownika, id_utworu, ocena) values (74, 123, 5);
insert into oceny (id_uzytkownika, id_utworu, ocena) values (209, 494, 5);
insert into oceny (id_uzytkownika, id_utworu, ocena) values (160, 343, 1);
insert into oceny (id_uzytkownika, id_utworu, ocena) values (208, 394, 9);
insert into oceny (id_uzytkownika, id_utworu, ocena) values (225, 149, 1);
insert into oceny (id_uzytkownika, id_utworu, ocena) values (166, 148, 4);
insert into oceny (id_uzytkownika, id_utworu, ocena) values (156, 18, 8);
insert into oceny (id_uzytkownika, id_utworu, ocena) values (296, 285, 10);
insert into oceny (id_uzytkownika, id_utworu, ocena) values (103, 277, 7);
insert into oceny (id_uzytkownika, id_utworu, ocena) values (249, 248, 10);
insert into oceny (id_uzytkownika, id_utworu, ocena) values (56, 464, 1);
insert into oceny (id_uzytkownika, id_utworu, ocena) values (199, 37, 7);
insert into oceny (id_uzytkownika, id_utworu, ocena) values (276, 418, 2);
insert into oceny (id_uzytkownika, id_utworu, ocena) values (210, 156, 1);
insert into oceny (id_uzytkownika, id_utworu, ocena) values (217, 472, 2);
insert into oceny (id_uzytkownika, id_utworu, ocena) values (194, 287, 6);
insert into oceny (id_uzytkownika, id_utworu, ocena) values (61, 407, 2);
insert into oceny (id_uzytkownika, id_utworu, ocena) values (251, 333, 9);
insert into oceny (id_uzytkownika, id_utworu, ocena) values (97, 424, 2);
insert into oceny (id_uzytkownika, id_utworu, ocena) values (121, 464, 7);
insert into oceny (id_uzytkownika, id_utworu, ocena) values (81, 88, 4);
insert into oceny (id_uzytkownika, id_utworu, ocena) values (254, 472, 8);
insert into oceny (id_uzytkownika, id_utworu, ocena) values (77, 8, 6);
insert into oceny (id_uzytkownika, id_utworu, ocena) values (275, 284, 6);
insert into oceny (id_uzytkownika, id_utworu, ocena) values (232, 56, 9);
insert into oceny (id_uzytkownika, id_utworu, ocena) values (11, 287, 3);
insert into oceny (id_uzytkownika, id_utworu, ocena) values (92, 283, 8);
insert into oceny (id_uzytkownika, id_utworu, ocena) values (258, 64, 1);
insert into oceny (id_uzytkownika, id_utworu, ocena) values (167, 318, 2);
insert into oceny (id_uzytkownika, id_utworu, ocena) values (199, 398, 7);
insert into oceny (id_uzytkownika, id_utworu, ocena) values (251, 344, 9);
insert into oceny (id_uzytkownika, id_utworu, ocena) values (16, 239, 2);
insert into oceny (id_uzytkownika, id_utworu, ocena) values (213, 447, 7);
insert into oceny (id_uzytkownika, id_utworu, ocena) values (196, 132, 6);
insert into oceny (id_uzytkownika, id_utworu, ocena) values (53, 482, 5);
insert into oceny (id_uzytkownika, id_utworu, ocena) values (58, 98, 9);
insert into oceny (id_uzytkownika, id_utworu, ocena) values (72, 192, 1);
insert into oceny (id_uzytkownika, id_utworu, ocena) values (121, 294, 6);
insert into oceny (id_uzytkownika, id_utworu, ocena) values (289, 336, 1);
insert into oceny (id_uzytkownika, id_utworu, ocena) values (245, 244, 6);
insert into oceny (id_uzytkownika, id_utworu, ocena) values (239, 216, 8);
insert into oceny (id_uzytkownika, id_utworu, ocena) values (64, 479, 8);
insert into oceny (id_uzytkownika, id_utworu, ocena) values (276, 334, 6);
insert into oceny (id_uzytkownika, id_utworu, ocena) values (37, 356, 3);
insert into oceny (id_uzytkownika, id_utworu, ocena) values (251, 351, 10);
insert into oceny (id_uzytkownika, id_utworu, ocena) values (150, 479, 3);
insert into oceny (id_uzytkownika, id_utworu, ocena) values (157, 31, 1);
insert into oceny (id_uzytkownika, id_utworu, ocena) values (218, 108, 3);
insert into oceny (id_uzytkownika, id_utworu, ocena) values (185, 36, 7);
insert into oceny (id_uzytkownika, id_utworu, ocena) values (38, 98, 1);
insert into oceny (id_uzytkownika, id_utworu, ocena) values (172, 66, 3);
insert into oceny (id_uzytkownika, id_utworu, ocena) values (68, 416, 1);
insert into oceny (id_uzytkownika, id_utworu, ocena) values (202, 182, 9);
insert into oceny (id_uzytkownika, id_utworu, ocena) values (43, 296, 9);
insert into oceny (id_uzytkownika, id_utworu, ocena) values (108, 128, 3);
insert into oceny (id_uzytkownika, id_utworu, ocena) values (80, 485, 4);
insert into oceny (id_uzytkownika, id_utworu, ocena) values (117, 374, 5);
insert into oceny (id_uzytkownika, id_utworu, ocena) values (170, 218, 5);
insert into oceny (id_uzytkownika, id_utworu, ocena) values (7, 60, 9);
insert into oceny (id_uzytkownika, id_utworu, ocena) values (298, 328, 4);
insert into oceny (id_uzytkownika, id_utworu, ocena) values (200, 332, 9);
insert into oceny (id_uzytkownika, id_utworu, ocena) values (91, 50, 3);
insert into oceny (id_uzytkownika, id_utworu, ocena) values (6, 346, 5);
insert into oceny (id_uzytkownika, id_utworu, ocena) values (115, 260, 1);
insert into oceny (id_uzytkownika, id_utworu, ocena) values (104, 206, 8);
insert into oceny (id_uzytkownika, id_utworu, ocena) values (24, 487, 4);
insert into oceny (id_uzytkownika, id_utworu, ocena) values (23, 30, 1);
insert into oceny (id_uzytkownika, id_utworu, ocena) values (230, 212, 2);
insert into oceny (id_uzytkownika, id_utworu, ocena) values (221, 263, 8);
insert into oceny (id_uzytkownika, id_utworu, ocena) values (143, 226, 4);
insert into oceny (id_uzytkownika, id_utworu, ocena) values (100, 399, 3);
insert into oceny (id_uzytkownika, id_utworu, ocena) values (237, 285, 10);
insert into oceny (id_uzytkownika, id_utworu, ocena) values (86, 13, 6);
insert into oceny (id_uzytkownika, id_utworu, ocena) values (176, 455, 4);
insert into oceny (id_uzytkownika, id_utworu, ocena) values (80, 278, 9);
insert into oceny (id_uzytkownika, id_utworu, ocena) values (168, 152, 9);
insert into oceny (id_uzytkownika, id_utworu, ocena) values (230, 172, 9);
insert into oceny (id_uzytkownika, id_utworu, ocena) values (25, 60, 5);
insert into oceny (id_uzytkownika, id_utworu, ocena) values (118, 454, 9);
insert into oceny (id_uzytkownika, id_utworu, ocena) values (25, 308, 2);
insert into oceny (id_uzytkownika, id_utworu, ocena) values (101, 409, 9);
insert into oceny (id_uzytkownika, id_utworu, ocena) values (200, 487, 1);
insert into oceny (id_uzytkownika, id_utworu, ocena) values (77, 396, 1);
insert into oceny (id_uzytkownika, id_utworu, ocena) values (104, 265, 3);
insert into oceny (id_uzytkownika, id_utworu, ocena) values (178, 315, 10);
insert into oceny (id_uzytkownika, id_utworu, ocena) values (91, 165, 9);
insert into oceny (id_uzytkownika, id_utworu, ocena) values (141, 15, 5);
insert into oceny (id_uzytkownika, id_utworu, ocena) values (99, 300, 10);
insert into oceny (id_uzytkownika, id_utworu, ocena) values (142, 343, 9);
insert into oceny (id_uzytkownika, id_utworu, ocena) values (172, 237, 2);
insert into oceny (id_uzytkownika, id_utworu, ocena) values (91, 328, 10);
insert into oceny (id_uzytkownika, id_utworu, ocena) values (227, 263, 3);
insert into oceny (id_uzytkownika, id_utworu, ocena) values (163, 164, 4);
insert into oceny (id_uzytkownika, id_utworu, ocena) values (62, 1, 8);
insert into oceny (id_uzytkownika, id_utworu, ocena) values (254, 218, 2);
insert into oceny (id_uzytkownika, id_utworu, ocena) values (49, 205, 8);
insert into oceny (id_uzytkownika, id_utworu, ocena) values (223, 320, 3);
insert into oceny (id_uzytkownika, id_utworu, ocena) values (166, 232, 1);
insert into oceny (id_uzytkownika, id_utworu, ocena) values (297, 19, 2);
insert into oceny (id_uzytkownika, id_utworu, ocena) values (158, 84, 5);
insert into oceny (id_uzytkownika, id_utworu, ocena) values (275, 274, 3);
insert into oceny (id_uzytkownika, id_utworu, ocena) values (27, 336, 10);
insert into oceny (id_uzytkownika, id_utworu, ocena) values (46, 44, 8);
insert into oceny (id_uzytkownika, id_utworu, ocena) values (136, 334, 10);
insert into oceny (id_uzytkownika, id_utworu, ocena) values (203, 409, 6);
insert into oceny (id_uzytkownika, id_utworu, ocena) values (60, 70, 9);
insert into oceny (id_uzytkownika, id_utworu, ocena) values (162, 313, 2);
insert into oceny (id_uzytkownika, id_utworu, ocena) values (189, 463, 6);
insert into oceny (id_uzytkownika, id_utworu, ocena) values (151, 333, 8);
insert into oceny (id_uzytkownika, id_utworu, ocena) values (8, 317, 4);
insert into oceny (id_uzytkownika, id_utworu, ocena) values (238, 376, 9);
insert into oceny (id_uzytkownika, id_utworu, ocena) values (278, 60, 4);
insert into oceny (id_uzytkownika, id_utworu, ocena) values (213, 302, 6);
insert into oceny (id_uzytkownika, id_utworu, ocena) values (173, 99, 7);
insert into oceny (id_uzytkownika, id_utworu, ocena) values (206, 140, 4);
insert into oceny (id_uzytkownika, id_utworu, ocena) values (11, 226, 2);
insert into oceny (id_uzytkownika, id_utworu, ocena) values (130, 322, 4);
insert into oceny (id_uzytkownika, id_utworu, ocena) values (198, 474, 1);
insert into oceny (id_uzytkownika, id_utworu, ocena) values (136, 188, 6);
insert into oceny (id_uzytkownika, id_utworu, ocena) values (297, 43, 8);
insert into oceny (id_uzytkownika, id_utworu, ocena) values (121, 456, 4);
insert into oceny (id_uzytkownika, id_utworu, ocena) values (183, 491, 2);
insert into oceny (id_uzytkownika, id_utworu, ocena) values (79, 135, 9);
insert into oceny (id_uzytkownika, id_utworu, ocena) values (114, 59, 6);
insert into oceny (id_uzytkownika, id_utworu, ocena) values (216, 345, 8);
insert into oceny (id_uzytkownika, id_utworu, ocena) values (162, 130, 9);
insert into oceny (id_uzytkownika, id_utworu, ocena) values (43, 109, 1);
insert into oceny (id_uzytkownika, id_utworu, ocena) values (186, 412, 4);
insert into oceny (id_uzytkownika, id_utworu, ocena) values (242, 222, 7);
insert into oceny (id_uzytkownika, id_utworu, ocena) values (120, 84, 4);
insert into oceny (id_uzytkownika, id_utworu, ocena) values (108, 432, 8);
insert into oceny (id_uzytkownika, id_utworu, ocena) values (192, 270, 3);
insert into oceny (id_uzytkownika, id_utworu, ocena) values (294, 146, 7);
insert into oceny (id_uzytkownika, id_utworu, ocena) values (172, 250, 9);
insert into oceny (id_uzytkownika, id_utworu, ocena) values (68, 201, 8);
insert into oceny (id_uzytkownika, id_utworu, ocena) values (121, 398, 3);
insert into oceny (id_uzytkownika, id_utworu, ocena) values (217, 136, 4);
insert into oceny (id_uzytkownika, id_utworu, ocena) values (202, 476, 10);
insert into oceny (id_uzytkownika, id_utworu, ocena) values (251, 283, 3);
insert into oceny (id_uzytkownika, id_utworu, ocena) values (237, 154, 10);
insert into oceny (id_uzytkownika, id_utworu, ocena) values (122, 40, 4);
insert into oceny (id_uzytkownika, id_utworu, ocena) values (71, 443, 10);
insert into oceny (id_uzytkownika, id_utworu, ocena) values (90, 238, 2);
insert into oceny (id_uzytkownika, id_utworu, ocena) values (219, 110, 3);
insert into oceny (id_uzytkownika, id_utworu, ocena) values (120, 39, 5);
insert into oceny (id_uzytkownika, id_utworu, ocena) values (111, 20, 5);
insert into oceny (id_uzytkownika, id_utworu, ocena) values (211, 2, 2);
insert into oceny (id_uzytkownika, id_utworu, ocena) values (244, 103, 7);
insert into oceny (id_uzytkownika, id_utworu, ocena) values (18, 350, 3);
insert into oceny (id_uzytkownika, id_utworu, ocena) values (99, 355, 3);
insert into oceny (id_uzytkownika, id_utworu, ocena) values (188, 339, 6);
insert into oceny (id_uzytkownika, id_utworu, ocena) values (199, 409, 7);
insert into oceny (id_uzytkownika, id_utworu, ocena) values (155, 495, 7);
insert into oceny (id_uzytkownika, id_utworu, ocena) values (237, 24, 9);
insert into oceny (id_uzytkownika, id_utworu, ocena) values (121, 446, 3);
insert into oceny (id_uzytkownika, id_utworu, ocena) values (222, 296, 7);
insert into oceny (id_uzytkownika, id_utworu, ocena) values (7, 496, 8);
insert into oceny (id_uzytkownika, id_utworu, ocena) values (180, 311, 2);
insert into oceny (id_uzytkownika, id_utworu, ocena) values (20, 138, 5);
insert into oceny (id_uzytkownika, id_utworu, ocena) values (283, 306, 9);
insert into oceny (id_uzytkownika, id_utworu, ocena) values (35, 334, 8);
insert into oceny (id_uzytkownika, id_utworu, ocena) values (62, 33, 10);
insert into oceny (id_uzytkownika, id_utworu, ocena) values (96, 470, 2);
insert into oceny (id_uzytkownika, id_utworu, ocena) values (17, 381, 2);
insert into oceny (id_uzytkownika, id_utworu, ocena) values (15, 335, 10);
insert into oceny (id_uzytkownika, id_utworu, ocena) values (104, 155, 9);
insert into oceny (id_uzytkownika, id_utworu, ocena) values (160, 173, 5);
insert into oceny (id_uzytkownika, id_utworu, ocena) values (256, 359, 10);
insert into oceny (id_uzytkownika, id_utworu, ocena) values (2, 458, 7);
insert into oceny (id_uzytkownika, id_utworu, ocena) values (232, 45, 3);
insert into oceny (id_uzytkownika, id_utworu, ocena) values (286, 415, 9);
insert into oceny (id_uzytkownika, id_utworu, ocena) values (86, 146, 2);
insert into oceny (id_uzytkownika, id_utworu, ocena) values (247, 98, 1);
insert into oceny (id_uzytkownika, id_utworu, ocena) values (124, 144, 4);
insert into oceny (id_uzytkownika, id_utworu, ocena) values (37, 232, 5);
insert into oceny (id_uzytkownika, id_utworu, ocena) values (141, 401, 6);
insert into oceny (id_uzytkownika, id_utworu, ocena) values (15, 3, 8);
insert into oceny (id_uzytkownika, id_utworu, ocena) values (31, 58, 6);
insert into oceny (id_uzytkownika, id_utworu, ocena) values (230, 150, 5);
insert into oceny (id_uzytkownika, id_utworu, ocena) values (5, 449, 7);
insert into oceny (id_uzytkownika, id_utworu, ocena) values (13, 213, 9);
insert into oceny (id_uzytkownika, id_utworu, ocena) values (145, 177, 2);
insert into oceny (id_uzytkownika, id_utworu, ocena) values (188, 219, 6);
insert into oceny (id_uzytkownika, id_utworu, ocena) values (298, 66, 10);
insert into oceny (id_uzytkownika, id_utworu, ocena) values (3, 249, 4);
insert into oceny (id_uzytkownika, id_utworu, ocena) values (143, 60, 7);
insert into oceny (id_uzytkownika, id_utworu, ocena) values (42, 137, 1);
insert into oceny (id_uzytkownika, id_utworu, ocena) values (115, 106, 9);
insert into oceny (id_uzytkownika, id_utworu, ocena) values (168, 245, 1);
insert into oceny (id_uzytkownika, id_utworu, ocena) values (282, 445, 6);
insert into oceny (id_uzytkownika, id_utworu, ocena) values (264, 182, 8);
insert into oceny (id_uzytkownika, id_utworu, ocena) values (127, 146, 9);
insert into oceny (id_uzytkownika, id_utworu, ocena) values (12, 61, 7);
insert into oceny (id_uzytkownika, id_utworu, ocena) values (249, 281, 3);
insert into oceny (id_uzytkownika, id_utworu, ocena) values (272, 333, 2);
insert into oceny (id_uzytkownika, id_utworu, ocena) values (191, 257, 9);
insert into oceny (id_uzytkownika, id_utworu, ocena) values (278, 87, 8);
insert into oceny (id_uzytkownika, id_utworu, ocena) values (87, 188, 4);
insert into oceny (id_uzytkownika, id_utworu, ocena) values (58, 78, 2);
insert into oceny (id_uzytkownika, id_utworu, ocena) values (142, 130, 2);
insert into oceny (id_uzytkownika, id_utworu, ocena) values (33, 490, 8);
insert into oceny (id_uzytkownika, id_utworu, ocena) values (73, 150, 5);
insert into oceny (id_uzytkownika, id_utworu, ocena) values (141, 65, 8);
insert into oceny (id_uzytkownika, id_utworu, ocena) values (72, 69, 2);
insert into oceny (id_uzytkownika, id_utworu, ocena) values (180, 17, 3);
insert into oceny (id_uzytkownika, id_utworu, ocena) values (137, 342, 1);
insert into oceny (id_uzytkownika, id_utworu, ocena) values (161, 227, 4);
insert into oceny (id_uzytkownika, id_utworu, ocena) values (14, 168, 6);
insert into oceny (id_uzytkownika, id_utworu, ocena) values (122, 189, 8);
insert into oceny (id_uzytkownika, id_utworu, ocena) values (172, 290, 9);
insert into oceny (id_uzytkownika, id_utworu, ocena) values (298, 212, 1);
insert into oceny (id_uzytkownika, id_utworu, ocena) values (122, 208, 6);
insert into oceny (id_uzytkownika, id_utworu, ocena) values (62, 26, 10);
insert into oceny (id_uzytkownika, id_utworu, ocena) values (82, 108, 9);
insert into oceny (id_uzytkownika, id_utworu, ocena) values (192, 441, 2);
insert into oceny (id_uzytkownika, id_utworu, ocena) values (238, 102, 8);
insert into oceny (id_uzytkownika, id_utworu, ocena) values (298, 309, 4);
insert into oceny (id_uzytkownika, id_utworu, ocena) values (143, 144, 7);
insert into oceny (id_uzytkownika, id_utworu, ocena) values (7, 494, 3);
insert into oceny (id_uzytkownika, id_utworu, ocena) values (201, 399, 4);
insert into oceny (id_uzytkownika, id_utworu, ocena) values (143, 473, 5);
insert into oceny (id_uzytkownika, id_utworu, ocena) values (205, 377, 3);
insert into oceny (id_uzytkownika, id_utworu, ocena) values (279, 92, 2);
insert into oceny (id_uzytkownika, id_utworu, ocena) values (91, 26, 9);
insert into oceny (id_uzytkownika, id_utworu, ocena) values (119, 170, 10);
insert into oceny (id_uzytkownika, id_utworu, ocena) values (181, 489, 6);
insert into oceny (id_uzytkownika, id_utworu, ocena) values (26, 251, 4);
insert into oceny (id_uzytkownika, id_utworu, ocena) values (204, 412, 5);
insert into oceny (id_uzytkownika, id_utworu, ocena) values (238, 146, 4);
insert into oceny (id_uzytkownika, id_utworu, ocena) values (104, 376, 4);
insert into oceny (id_uzytkownika, id_utworu, ocena) values (80, 277, 6);
insert into oceny (id_uzytkownika, id_utworu, ocena) values (290, 252, 6);
insert into oceny (id_uzytkownika, id_utworu, ocena) values (143, 392, 2);
insert into oceny (id_uzytkownika, id_utworu, ocena) values (45, 296, 4);
insert into oceny (id_uzytkownika, id_utworu, ocena) values (207, 262, 1);
insert into oceny (id_uzytkownika, id_utworu, ocena) values (125, 173, 2);
insert into oceny (id_uzytkownika, id_utworu, ocena) values (97, 45, 1);
insert into oceny (id_uzytkownika, id_utworu, ocena) values (233, 33, 1);
insert into oceny (id_uzytkownika, id_utworu, ocena) values (13, 77, 9);
insert into oceny (id_uzytkownika, id_utworu, ocena) values (96, 108, 6);
insert into oceny (id_uzytkownika, id_utworu, ocena) values (292, 453, 10);
insert into oceny (id_uzytkownika, id_utworu, ocena) values (125, 250, 8);
insert into oceny (id_uzytkownika, id_utworu, ocena) values (62, 145, 5);
insert into oceny (id_uzytkownika, id_utworu, ocena) values (194, 125, 1);
insert into oceny (id_uzytkownika, id_utworu, ocena) values (123, 455, 9);
insert into oceny (id_uzytkownika, id_utworu, ocena) values (74, 278, 1);
insert into oceny (id_uzytkownika, id_utworu, ocena) values (250, 14, 6);
insert into oceny (id_uzytkownika, id_utworu, ocena) values (175, 453, 6);
insert into oceny (id_uzytkownika, id_utworu, ocena) values (218, 382, 1);
insert into oceny (id_uzytkownika, id_utworu, ocena) values (221, 396, 1);
insert into oceny (id_uzytkownika, id_utworu, ocena) values (118, 162, 9);
insert into oceny (id_uzytkownika, id_utworu, ocena) values (82, 419, 3);
insert into oceny (id_uzytkownika, id_utworu, ocena) values (220, 343, 1);
insert into oceny (id_uzytkownika, id_utworu, ocena) values (43, 294, 10);
insert into oceny (id_uzytkownika, id_utworu, ocena) values (140, 195, 10);
insert into oceny (id_uzytkownika, id_utworu, ocena) values (167, 342, 4);
insert into oceny (id_uzytkownika, id_utworu, ocena) values (80, 96, 9);
insert into oceny (id_uzytkownika, id_utworu, ocena) values (226, 26, 7);
insert into oceny (id_uzytkownika, id_utworu, ocena) values (212, 444, 10);
insert into oceny (id_uzytkownika, id_utworu, ocena) values (85, 227, 4);
insert into oceny (id_uzytkownika, id_utworu, ocena) values (38, 499, 5);
insert into oceny (id_uzytkownika, id_utworu, ocena) values (147, 71, 10);
insert into oceny (id_uzytkownika, id_utworu, ocena) values (171, 480, 1);
insert into oceny (id_uzytkownika, id_utworu, ocena) values (81, 285, 9);
insert into oceny (id_uzytkownika, id_utworu, ocena) values (39, 274, 9);
insert into oceny (id_uzytkownika, id_utworu, ocena) values (79, 111, 7);
insert into oceny (id_uzytkownika, id_utworu, ocena) values (74, 278, 8);
insert into oceny (id_uzytkownika, id_utworu, ocena) values (94, 460, 6);
insert into oceny (id_uzytkownika, id_utworu, ocena) values (105, 34, 2);
insert into oceny (id_uzytkownika, id_utworu, ocena) values (3, 58, 1);
insert into oceny (id_uzytkownika, id_utworu, ocena) values (297, 210, 5);
insert into oceny (id_uzytkownika, id_utworu, ocena) values (202, 217, 2);
insert into oceny (id_uzytkownika, id_utworu, ocena) values (97, 126, 7);
insert into oceny (id_uzytkownika, id_utworu, ocena) values (280, 315, 7);
insert into oceny (id_uzytkownika, id_utworu, ocena) values (30, 416, 9);
insert into oceny (id_uzytkownika, id_utworu, ocena) values (16, 291, 5);
insert into oceny (id_uzytkownika, id_utworu, ocena) values (6, 206, 6);
insert into oceny (id_uzytkownika, id_utworu, ocena) values (88, 208, 4);
insert into oceny (id_uzytkownika, id_utworu, ocena) values (246, 55, 3);
insert into oceny (id_uzytkownika, id_utworu, ocena) values (188, 325, 6);
insert into oceny (id_uzytkownika, id_utworu, ocena) values (102, 168, 3);
insert into oceny (id_uzytkownika, id_utworu, ocena) values (180, 113, 7);
insert into oceny (id_uzytkownika, id_utworu, ocena) values (241, 3, 5);
insert into oceny (id_uzytkownika, id_utworu, ocena) values (181, 1, 2);
insert into oceny (id_uzytkownika, id_utworu, ocena) values (248, 474, 3);
insert into oceny (id_uzytkownika, id_utworu, ocena) values (270, 136, 6);
insert into oceny (id_uzytkownika, id_utworu, ocena) values (53, 174, 9);
insert into oceny (id_uzytkownika, id_utworu, ocena) values (93, 130, 6);
insert into oceny (id_uzytkownika, id_utworu, ocena) values (18, 355, 8);
insert into oceny (id_uzytkownika, id_utworu, ocena) values (144, 316, 1);
insert into oceny (id_uzytkownika, id_utworu, ocena) values (276, 25, 5);
insert into oceny (id_uzytkownika, id_utworu, ocena) values (240, 382, 3);
insert into oceny (id_uzytkownika, id_utworu, ocena) values (90, 220, 10);
insert into oceny (id_uzytkownika, id_utworu, ocena) values (89, 23, 1);
insert into oceny (id_uzytkownika, id_utworu, ocena) values (91, 113, 3);
insert into oceny (id_uzytkownika, id_utworu, ocena) values (48, 422, 3);
insert into oceny (id_uzytkownika, id_utworu, ocena) values (288, 118, 6);
insert into oceny (id_uzytkownika, id_utworu, ocena) values (158, 21, 1);
insert into oceny (id_uzytkownika, id_utworu, ocena) values (288, 136, 7);
insert into oceny (id_uzytkownika, id_utworu, ocena) values (178, 271, 7);
insert into oceny (id_uzytkownika, id_utworu, ocena) values (213, 17, 9);
insert into oceny (id_uzytkownika, id_utworu, ocena) values (247, 371, 4);
insert into oceny (id_uzytkownika, id_utworu, ocena) values (32, 370, 1);
insert into oceny (id_uzytkownika, id_utworu, ocena) values (289, 41, 6);
insert into oceny (id_uzytkownika, id_utworu, ocena) values (264, 222, 2);
insert into oceny (id_uzytkownika, id_utworu, ocena) values (84, 87, 4);
insert into oceny (id_uzytkownika, id_utworu, ocena) values (5, 468, 5);
insert into oceny (id_uzytkownika, id_utworu, ocena) values (278, 204, 8);
insert into oceny (id_uzytkownika, id_utworu, ocena) values (83, 170, 3);
insert into oceny (id_uzytkownika, id_utworu, ocena) values (147, 412, 3);
insert into oceny (id_uzytkownika, id_utworu, ocena) values (22, 364, 7);
insert into oceny (id_uzytkownika, id_utworu, ocena) values (279, 235, 4);
insert into oceny (id_uzytkownika, id_utworu, ocena) values (153, 117, 6);
insert into oceny (id_uzytkownika, id_utworu, ocena) values (123, 455, 7);
insert into oceny (id_uzytkownika, id_utworu, ocena) values (257, 128, 2);
insert into oceny (id_uzytkownika, id_utworu, ocena) values (88, 421, 1);
insert into oceny (id_uzytkownika, id_utworu, ocena) values (87, 12, 6);
insert into oceny (id_uzytkownika, id_utworu, ocena) values (169, 390, 8);
insert into oceny (id_uzytkownika, id_utworu, ocena) values (285, 379, 5);
insert into oceny (id_uzytkownika, id_utworu, ocena) values (215, 24, 6);
insert into oceny (id_uzytkownika, id_utworu, ocena) values (231, 221, 5);
insert into oceny (id_uzytkownika, id_utworu, ocena) values (3, 279, 8);
insert into oceny (id_uzytkownika, id_utworu, ocena) values (128, 361, 9);
insert into oceny (id_uzytkownika, id_utworu, ocena) values (51, 394, 1);
insert into oceny (id_uzytkownika, id_utworu, ocena) values (165, 69, 10);
insert into oceny (id_uzytkownika, id_utworu, ocena) values (167, 25, 7);
insert into oceny (id_uzytkownika, id_utworu, ocena) values (75, 334, 6);
insert into oceny (id_uzytkownika, id_utworu, ocena) values (282, 395, 9);
insert into oceny (id_uzytkownika, id_utworu, ocena) values (276, 55, 5);
insert into oceny (id_uzytkownika, id_utworu, ocena) values (125, 232, 7);
insert into oceny (id_uzytkownika, id_utworu, ocena) values (17, 184, 7);
insert into oceny (id_uzytkownika, id_utworu, ocena) values (124, 109, 5);
insert into oceny (id_uzytkownika, id_utworu, ocena) values (66, 366, 5);
insert into oceny (id_uzytkownika, id_utworu, ocena) values (156, 87, 2);
insert into oceny (id_uzytkownika, id_utworu, ocena) values (6, 196, 3);
insert into oceny (id_uzytkownika, id_utworu, ocena) values (138, 358, 8);
insert into oceny (id_uzytkownika, id_utworu, ocena) values (275, 290, 4);
insert into oceny (id_uzytkownika, id_utworu, ocena) values (140, 374, 7);
insert into oceny (id_uzytkownika, id_utworu, ocena) values (2, 180, 10);
insert into oceny (id_uzytkownika, id_utworu, ocena) values (251, 75, 7);
insert into oceny (id_uzytkownika, id_utworu, ocena) values (84, 456, 5);
insert into oceny (id_uzytkownika, id_utworu, ocena) values (23, 157, 7);
insert into oceny (id_uzytkownika, id_utworu, ocena) values (59, 293, 3);
insert into oceny (id_uzytkownika, id_utworu, ocena) values (214, 117, 4);
insert into oceny (id_uzytkownika, id_utworu, ocena) values (131, 44, 5);
insert into oceny (id_uzytkownika, id_utworu, ocena) values (4, 458, 6);
insert into oceny (id_uzytkownika, id_utworu, ocena) values (147, 301, 5);
insert into oceny (id_uzytkownika, id_utworu, ocena) values (116, 168, 3);
insert into oceny (id_uzytkownika, id_utworu, ocena) values (125, 453, 2);
insert into oceny (id_uzytkownika, id_utworu, ocena) values (62, 386, 8);
insert into oceny (id_uzytkownika, id_utworu, ocena) values (189, 72, 6);
insert into oceny (id_uzytkownika, id_utworu, ocena) values (166, 94, 2);
insert into oceny (id_uzytkownika, id_utworu, ocena) values (175, 16, 1);
insert into oceny (id_uzytkownika, id_utworu, ocena) values (61, 471, 4);
insert into oceny (id_uzytkownika, id_utworu, ocena) values (90, 8, 10);
insert into oceny (id_uzytkownika, id_utworu, ocena) values (110, 203, 1);
insert into oceny (id_uzytkownika, id_utworu, ocena) values (9, 212, 6);
insert into oceny (id_uzytkownika, id_utworu, ocena) values (68, 437, 1);
insert into oceny (id_uzytkownika, id_utworu, ocena) values (270, 315, 5);
insert into oceny (id_uzytkownika, id_utworu, ocena) values (120, 399, 4);
insert into oceny (id_uzytkownika, id_utworu, ocena) values (194, 336, 8);
insert into oceny (id_uzytkownika, id_utworu, ocena) values (162, 445, 1);
insert into oceny (id_uzytkownika, id_utworu, ocena) values (129, 79, 7);
insert into oceny (id_uzytkownika, id_utworu, ocena) values (7, 219, 3);
insert into oceny (id_uzytkownika, id_utworu, ocena) values (68, 86, 8);
insert into oceny (id_uzytkownika, id_utworu, ocena) values (37, 260, 9);
insert into oceny (id_uzytkownika, id_utworu, ocena) values (85, 214, 9);
insert into oceny (id_uzytkownika, id_utworu, ocena) values (83, 410, 10);
insert into oceny (id_uzytkownika, id_utworu, ocena) values (34, 238, 3);
insert into oceny (id_uzytkownika, id_utworu, ocena) values (96, 406, 6);
insert into oceny (id_uzytkownika, id_utworu, ocena) values (267, 227, 9);
insert into oceny (id_uzytkownika, id_utworu, ocena) values (31, 280, 6);
insert into oceny (id_uzytkownika, id_utworu, ocena) values (160, 140, 4);
insert into oceny (id_uzytkownika, id_utworu, ocena) values (242, 24, 9);
insert into oceny (id_uzytkownika, id_utworu, ocena) values (203, 325, 10);
insert into oceny (id_uzytkownika, id_utworu, ocena) values (115, 5, 9);
insert into oceny (id_uzytkownika, id_utworu, ocena) values (264, 185, 6);
insert into oceny (id_uzytkownika, id_utworu, ocena) values (95, 274, 2);
insert into oceny (id_uzytkownika, id_utworu, ocena) values (74, 440, 5);
insert into oceny (id_uzytkownika, id_utworu, ocena) values (99, 466, 1);
insert into oceny (id_uzytkownika, id_utworu, ocena) values (52, 333, 9);
insert into oceny (id_uzytkownika, id_utworu, ocena) values (148, 410, 3);
insert into oceny (id_uzytkownika, id_utworu, ocena) values (283, 78, 9);
insert into oceny (id_uzytkownika, id_utworu, ocena) values (140, 30, 8);
insert into oceny (id_uzytkownika, id_utworu, ocena) values (96, 226, 3);
insert into oceny (id_uzytkownika, id_utworu, ocena) values (181, 479, 8);
insert into oceny (id_uzytkownika, id_utworu, ocena) values (268, 43, 6);
insert into oceny (id_uzytkownika, id_utworu, ocena) values (282, 74, 7);
insert into oceny (id_uzytkownika, id_utworu, ocena) values (15, 366, 5);
insert into oceny (id_uzytkownika, id_utworu, ocena) values (300, 145, 2);
insert into oceny (id_uzytkownika, id_utworu, ocena) values (87, 424, 1);
insert into oceny (id_uzytkownika, id_utworu, ocena) values (175, 122, 5);
insert into oceny (id_uzytkownika, id_utworu, ocena) values (170, 436, 7);
insert into oceny (id_uzytkownika, id_utworu, ocena) values (140, 50, 2);
insert into oceny (id_uzytkownika, id_utworu, ocena) values (278, 495, 4);
insert into oceny (id_uzytkownika, id_utworu, ocena) values (5, 136, 1);
insert into oceny (id_uzytkownika, id_utworu, ocena) values (93, 41, 10);
insert into oceny (id_uzytkownika, id_utworu, ocena) values (43, 76, 3);
insert into oceny (id_uzytkownika, id_utworu, ocena) values (13, 414, 1);
insert into oceny (id_uzytkownika, id_utworu, ocena) values (154, 397, 7);
insert into oceny (id_uzytkownika, id_utworu, ocena) values (41, 257, 2);
insert into oceny (id_uzytkownika, id_utworu, ocena) values (284, 263, 1);
insert into oceny (id_uzytkownika, id_utworu, ocena) values (91, 45, 9);
insert into oceny (id_uzytkownika, id_utworu, ocena) values (105, 361, 4);
insert into oceny (id_uzytkownika, id_utworu, ocena) values (189, 8, 7);
insert into oceny (id_uzytkownika, id_utworu, ocena) values (58, 236, 1);
insert into oceny (id_uzytkownika, id_utworu, ocena) values (254, 331, 1);
insert into oceny (id_uzytkownika, id_utworu, ocena) values (232, 252, 9);
insert into oceny (id_uzytkownika, id_utworu, ocena) values (139, 253, 2);
insert into oceny (id_uzytkownika, id_utworu, ocena) values (214, 325, 9);
insert into oceny (id_uzytkownika, id_utworu, ocena) values (162, 241, 9);
insert into oceny (id_uzytkownika, id_utworu, ocena) values (266, 179, 2);
insert into oceny (id_uzytkownika, id_utworu, ocena) values (100, 117, 3);
insert into oceny (id_uzytkownika, id_utworu, ocena) values (126, 220, 6);
insert into oceny (id_uzytkownika, id_utworu, ocena) values (35, 167, 6);
insert into oceny (id_uzytkownika, id_utworu, ocena) values (272, 485, 5);
insert into oceny (id_uzytkownika, id_utworu, ocena) values (153, 379, 8);
insert into oceny (id_uzytkownika, id_utworu, ocena) values (298, 235, 4);
insert into oceny (id_uzytkownika, id_utworu, ocena) values (67, 334, 5);
insert into oceny (id_uzytkownika, id_utworu, ocena) values (82, 164, 1);
insert into oceny (id_uzytkownika, id_utworu, ocena) values (62, 197, 3);
insert into oceny (id_uzytkownika, id_utworu, ocena) values (48, 269, 4);
insert into oceny (id_uzytkownika, id_utworu, ocena) values (53, 66, 9);
insert into oceny (id_uzytkownika, id_utworu, ocena) values (207, 483, 2);
insert into oceny (id_uzytkownika, id_utworu, ocena) values (84, 357, 6);
insert into oceny (id_uzytkownika, id_utworu, ocena) values (270, 448, 7);
insert into oceny (id_uzytkownika, id_utworu, ocena) values (190, 340, 10);
insert into oceny (id_uzytkownika, id_utworu, ocena) values (132, 4, 10);
insert into oceny (id_uzytkownika, id_utworu, ocena) values (268, 6, 5);
insert into oceny (id_uzytkownika, id_utworu, ocena) values (197, 439, 3);
insert into oceny (id_uzytkownika, id_utworu, ocena) values (26, 270, 1);
insert into oceny (id_uzytkownika, id_utworu, ocena) values (89, 368, 10);
insert into oceny (id_uzytkownika, id_utworu, ocena) values (198, 136, 1);
insert into oceny (id_uzytkownika, id_utworu, ocena) values (120, 242, 10);
insert into oceny (id_uzytkownika, id_utworu, ocena) values (61, 205, 1);
insert into oceny (id_uzytkownika, id_utworu, ocena) values (241, 391, 5);
insert into oceny (id_uzytkownika, id_utworu, ocena) values (287, 462, 9);
insert into oceny (id_uzytkownika, id_utworu, ocena) values (169, 279, 8);
insert into oceny (id_uzytkownika, id_utworu, ocena) values (40, 184, 8);
insert into oceny (id_uzytkownika, id_utworu, ocena) values (69, 375, 6);
insert into oceny (id_uzytkownika, id_utworu, ocena) values (131, 37, 7);
insert into oceny (id_uzytkownika, id_utworu, ocena) values (144, 290, 4);
insert into oceny (id_uzytkownika, id_utworu, ocena) values (290, 342, 10);
insert into oceny (id_uzytkownika, id_utworu, ocena) values (290, 275, 5);
insert into oceny (id_uzytkownika, id_utworu, ocena) values (246, 403, 1);
insert into oceny (id_uzytkownika, id_utworu, ocena) values (30, 84, 8);
insert into oceny (id_uzytkownika, id_utworu, ocena) values (109, 195, 5);
insert into oceny (id_uzytkownika, id_utworu, ocena) values (192, 473, 3);
insert into oceny (id_uzytkownika, id_utworu, ocena) values (242, 87, 10);
insert into oceny (id_uzytkownika, id_utworu, ocena) values (45, 80, 2);
insert into oceny (id_uzytkownika, id_utworu, ocena) values (25, 23, 7);
insert into oceny (id_uzytkownika, id_utworu, ocena) values (219, 305, 10);
insert into oceny (id_uzytkownika, id_utworu, ocena) values (213, 500, 6);
insert into oceny (id_uzytkownika, id_utworu, ocena) values (117, 430, 8);
insert into oceny (id_uzytkownika, id_utworu, ocena) values (139, 200, 7);
insert into oceny (id_uzytkownika, id_utworu, ocena) values (1, 430, 1);
insert into oceny (id_uzytkownika, id_utworu, ocena) values (165, 152, 7);
insert into oceny (id_uzytkownika, id_utworu, ocena) values (129, 216, 9);
insert into oceny (id_uzytkownika, id_utworu, ocena) values (107, 466, 1);
insert into oceny (id_uzytkownika, id_utworu, ocena) values (65, 58, 4);
insert into oceny (id_uzytkownika, id_utworu, ocena) values (43, 431, 1);
insert into oceny (id_uzytkownika, id_utworu, ocena) values (108, 239, 5);
insert into oceny (id_uzytkownika, id_utworu, ocena) values (150, 64, 6);
insert into oceny (id_uzytkownika, id_utworu, ocena) values (82, 290, 1);
insert into oceny (id_uzytkownika, id_utworu, ocena) values (274, 374, 1);
insert into oceny (id_uzytkownika, id_utworu, ocena) values (259, 304, 3);
insert into oceny (id_uzytkownika, id_utworu, ocena) values (81, 493, 5);
insert into oceny (id_uzytkownika, id_utworu, ocena) values (94, 129, 1);
insert into oceny (id_uzytkownika, id_utworu, ocena) values (67, 156, 10);
insert into oceny (id_uzytkownika, id_utworu, ocena) values (282, 82, 9);
insert into oceny (id_uzytkownika, id_utworu, ocena) values (3, 120, 5);
insert into oceny (id_uzytkownika, id_utworu, ocena) values (42, 113, 9);
insert into oceny (id_uzytkownika, id_utworu, ocena) values (178, 58, 6);
insert into oceny (id_uzytkownika, id_utworu, ocena) values (256, 178, 6);
insert into oceny (id_uzytkownika, id_utworu, ocena) values (68, 281, 8);
insert into oceny (id_uzytkownika, id_utworu, ocena) values (128, 277, 5);
insert into oceny (id_uzytkownika, id_utworu, ocena) values (119, 350, 2);
insert into oceny (id_uzytkownika, id_utworu, ocena) values (161, 175, 4);
insert into oceny (id_uzytkownika, id_utworu, ocena) values (273, 366, 9);
insert into oceny (id_uzytkownika, id_utworu, ocena) values (35, 434, 9);
insert into oceny (id_uzytkownika, id_utworu, ocena) values (8, 255, 9);
insert into oceny (id_uzytkownika, id_utworu, ocena) values (31, 45, 4);
insert into oceny (id_uzytkownika, id_utworu, ocena) values (201, 338, 4);
insert into oceny (id_uzytkownika, id_utworu, ocena) values (44, 277, 9);
insert into oceny (id_uzytkownika, id_utworu, ocena) values (175, 143, 1);
insert into oceny (id_uzytkownika, id_utworu, ocena) values (113, 370, 10);
insert into oceny (id_uzytkownika, id_utworu, ocena) values (112, 397, 5);
insert into oceny (id_uzytkownika, id_utworu, ocena) values (145, 271, 4);
insert into oceny (id_uzytkownika, id_utworu, ocena) values (177, 407, 8);
insert into oceny (id_uzytkownika, id_utworu, ocena) values (281, 256, 2);
insert into oceny (id_uzytkownika, id_utworu, ocena) values (158, 299, 4);
insert into oceny (id_uzytkownika, id_utworu, ocena) values (173, 197, 8);
insert into oceny (id_uzytkownika, id_utworu, ocena) values (110, 436, 4);
insert into oceny (id_uzytkownika, id_utworu, ocena) values (34, 92, 7);
insert into oceny (id_uzytkownika, id_utworu, ocena) values (271, 11, 1);
insert into oceny (id_uzytkownika, id_utworu, ocena) values (152, 488, 8);
insert into oceny (id_uzytkownika, id_utworu, ocena) values (243, 38, 5);
insert into oceny (id_uzytkownika, id_utworu, ocena) values (25, 58, 6);
insert into oceny (id_uzytkownika, id_utworu, ocena) values (220, 286, 10);
insert into oceny (id_uzytkownika, id_utworu, ocena) values (95, 223, 10);
insert into oceny (id_uzytkownika, id_utworu, ocena) values (95, 260, 3);
insert into oceny (id_uzytkownika, id_utworu, ocena) values (238, 4, 5);
insert into oceny (id_uzytkownika, id_utworu, ocena) values (25, 13, 5);
insert into oceny (id_uzytkownika, id_utworu, ocena) values (13, 152, 3);
insert into oceny (id_uzytkownika, id_utworu, ocena) values (233, 13, 9);
insert into oceny (id_uzytkownika, id_utworu, ocena) values (290, 471, 4);
insert into oceny (id_uzytkownika, id_utworu, ocena) values (169, 323, 2);
insert into oceny (id_uzytkownika, id_utworu, ocena) values (85, 63, 2);
insert into oceny (id_uzytkownika, id_utworu, ocena) values (86, 462, 8);
insert into oceny (id_uzytkownika, id_utworu, ocena) values (106, 154, 10);
insert into oceny (id_uzytkownika, id_utworu, ocena) values (77, 276, 8);
insert into oceny (id_uzytkownika, id_utworu, ocena) values (180, 478, 9);
insert into oceny (id_uzytkownika, id_utworu, ocena) values (162, 355, 1);
insert into oceny (id_uzytkownika, id_utworu, ocena) values (279, 306, 10);
insert into oceny (id_uzytkownika, id_utworu, ocena) values (103, 467, 8);
insert into oceny (id_uzytkownika, id_utworu, ocena) values (244, 468, 6);
insert into oceny (id_uzytkownika, id_utworu, ocena) values (182, 189, 6);
insert into oceny (id_uzytkownika, id_utworu, ocena) values (4, 452, 3);
insert into oceny (id_uzytkownika, id_utworu, ocena) values (22, 211, 8);
insert into oceny (id_uzytkownika, id_utworu, ocena) values (45, 468, 10);
insert into oceny (id_uzytkownika, id_utworu, ocena) values (134, 82, 5);
insert into oceny (id_uzytkownika, id_utworu, ocena) values (107, 293, 10);
insert into oceny (id_uzytkownika, id_utworu, ocena) values (23, 57, 10);
insert into oceny (id_uzytkownika, id_utworu, ocena) values (192, 318, 10);
insert into oceny (id_uzytkownika, id_utworu, ocena) values (149, 278, 10);
insert into oceny (id_uzytkownika, id_utworu, ocena) values (97, 439, 7);
insert into oceny (id_uzytkownika, id_utworu, ocena) values (291, 20, 6);
insert into oceny (id_uzytkownika, id_utworu, ocena) values (48, 72, 8);
insert into oceny (id_uzytkownika, id_utworu, ocena) values (150, 253, 3);
insert into oceny (id_uzytkownika, id_utworu, ocena) values (115, 361, 7);
insert into oceny (id_uzytkownika, id_utworu, ocena) values (122, 269, 9);
insert into oceny (id_uzytkownika, id_utworu, ocena) values (28, 488, 2);
insert into oceny (id_uzytkownika, id_utworu, ocena) values (150, 270, 7);
insert into oceny (id_uzytkownika, id_utworu, ocena) values (202, 366, 1);
insert into oceny (id_uzytkownika, id_utworu, ocena) values (161, 105, 3);
insert into oceny (id_uzytkownika, id_utworu, ocena) values (298, 288, 3);
insert into oceny (id_uzytkownika, id_utworu, ocena) values (12, 36, 3);
insert into oceny (id_uzytkownika, id_utworu, ocena) values (4, 410, 2);
insert into oceny (id_uzytkownika, id_utworu, ocena) values (34, 217, 7);
insert into oceny (id_uzytkownika, id_utworu, ocena) values (204, 364, 8);
insert into oceny (id_uzytkownika, id_utworu, ocena) values (2, 129, 10);
insert into oceny (id_uzytkownika, id_utworu, ocena) values (19, 396, 2);
insert into oceny (id_uzytkownika, id_utworu, ocena) values (275, 53, 9);
insert into oceny (id_uzytkownika, id_utworu, ocena) values (15, 309, 1);
insert into oceny (id_uzytkownika, id_utworu, ocena) values (133, 433, 10);
insert into oceny (id_uzytkownika, id_utworu, ocena) values (255, 208, 3);
insert into oceny (id_uzytkownika, id_utworu, ocena) values (169, 367, 7);
insert into oceny (id_uzytkownika, id_utworu, ocena) values (243, 113, 6);
insert into oceny (id_uzytkownika, id_utworu, ocena) values (71, 86, 2);
insert into oceny (id_uzytkownika, id_utworu, ocena) values (275, 382, 5);
insert into oceny (id_uzytkownika, id_utworu, ocena) values (144, 441, 10);
insert into oceny (id_uzytkownika, id_utworu, ocena) values (8, 285, 5);
insert into oceny (id_uzytkownika, id_utworu, ocena) values (233, 338, 2);
insert into oceny (id_uzytkownika, id_utworu, ocena) values (298, 259, 10);
insert into oceny (id_uzytkownika, id_utworu, ocena) values (172, 330, 9);
insert into oceny (id_uzytkownika, id_utworu, ocena) values (176, 237, 5);
insert into oceny (id_uzytkownika, id_utworu, ocena) values (153, 180, 8);
insert into oceny (id_uzytkownika, id_utworu, ocena) values (194, 147, 1);
insert into oceny (id_uzytkownika, id_utworu, ocena) values (25, 87, 2);
insert into oceny (id_uzytkownika, id_utworu, ocena) values (52, 441, 10);
insert into oceny (id_uzytkownika, id_utworu, ocena) values (195, 139, 5);
insert into oceny (id_uzytkownika, id_utworu, ocena) values (169, 443, 5);
insert into oceny (id_uzytkownika, id_utworu, ocena) values (187, 329, 5);
insert into oceny (id_uzytkownika, id_utworu, ocena) values (87, 123, 7);
insert into oceny (id_uzytkownika, id_utworu, ocena) values (49, 67, 8);
insert into oceny (id_uzytkownika, id_utworu, ocena) values (243, 268, 2);
insert into oceny (id_uzytkownika, id_utworu, ocena) values (5, 3, 6);
insert into oceny (id_uzytkownika, id_utworu, ocena) values (167, 500, 7);
insert into oceny (id_uzytkownika, id_utworu, ocena) values (50, 464, 1);
insert into oceny (id_uzytkownika, id_utworu, ocena) values (211, 281, 7);
insert into oceny (id_uzytkownika, id_utworu, ocena) values (3, 186, 7);
insert into playlisty (id_playlisty, tworca, nazwa, dostep) values (1, 42, 'Extended mobile artificial intelligence', 'O');
insert into playlisty (id_playlisty, tworca, nazwa, dostep) values (2, 89, 'Devolved bottom-line process improvement', 'O');
insert into playlisty (id_playlisty, tworca, nazwa, dostep) values (3, 280, 'Reduced systemic algorithm', 'P');
insert into playlisty (id_playlisty, tworca, nazwa, dostep) values (4, 193, 'Configurable tertiary secured line', 'U');
insert into playlisty (id_playlisty, tworca, nazwa, dostep) values (5, 159, 'Triple-buffered asymmetric framework', 'U');
insert into playlisty (id_playlisty, tworca, nazwa, dostep) values (6, 9, 'Inverse didactic open architecture', 'P');
insert into playlisty (id_playlisty, tworca, nazwa, dostep) values (7, 131, 'Profit-focused demand-driven open architecture', 'O');
insert into playlisty (id_playlisty, tworca, nazwa, dostep) values (8, 290, 'Organized fault-tolerant hierarchy', 'P');
insert into playlisty (id_playlisty, tworca, nazwa, dostep) values (9, 69, 'Innovative optimal structure', 'U');
insert into playlisty (id_playlisty, tworca, nazwa, dostep) values (10, 251, 'Multi-layered 6th generation extranet', 'P');
insert into playlisty (id_playlisty, tworca, nazwa, dostep) values (11, 24, 'Devolved systematic hardware', 'O');
insert into playlisty (id_playlisty, tworca, nazwa, dostep) values (12, 142, 'Face to face incremental capacity', 'O');
insert into playlisty (id_playlisty, tworca, nazwa, dostep) values (13, 59, 'Enterprise-wide asynchronous complexity', 'P');
insert into playlisty (id_playlisty, tworca, nazwa, dostep) values (14, 21, 'Realigned fault-tolerant secured line', 'O');
insert into playlisty (id_playlisty, tworca, nazwa, dostep) values (15, 118, 'Centralized client-driven framework', 'P');
insert into playlisty (id_playlisty, tworca, nazwa, dostep) values (16, 44, 'Sharable 24 hour application', 'O');
insert into playlisty (id_playlisty, tworca, nazwa, dostep) values (17, 69, 'Assimilated attitude-oriented initiative', 'P');
insert into playlisty (id_playlisty, tworca, nazwa, dostep) values (18, 153, 'Automated systematic Graphic Interface', 'P');
insert into playlisty (id_playlisty, tworca, nazwa, dostep) values (19, 26, 'Up-sized human-resource complexity', 'U');
insert into playlisty (id_playlisty, tworca, nazwa, dostep) values (20, 157, 'Managed optimizing local area network', 'O');
insert into playlisty (id_playlisty, tworca, nazwa, dostep) values (21, 155, 'Universal uniform protocol', 'P');
insert into playlisty (id_playlisty, tworca, nazwa, dostep) values (22, 276, 'Ergonomic maximized software', 'P');
insert into playlisty (id_playlisty, tworca, nazwa, dostep) values (23, 128, 'Reactive systemic functionalities', 'U');
insert into playlisty (id_playlisty, tworca, nazwa, dostep) values (24, 146, 'Vision-oriented secondary adapter', 'O');
insert into playlisty (id_playlisty, tworca, nazwa, dostep) values (25, 263, 'Compatible 24 hour throughput', 'O');
insert into playlisty (id_playlisty, tworca, nazwa, dostep) values (26, 20, 'Monitored cohesive standardization', 'O');
insert into playlisty (id_playlisty, tworca, nazwa, dostep) values (27, 145, 'Horizontal next generation moratorium', 'U');
insert into playlisty (id_playlisty, tworca, nazwa, dostep) values (28, 137, 'Fully-configurable actuating architecture', 'P');
insert into playlisty (id_playlisty, tworca, nazwa, dostep) values (29, 109, 'Robust mobile instruction set', 'U');
insert into playlisty (id_playlisty, tworca, nazwa, dostep) values (30, 133, 'Polarised heuristic artificial intelligence', 'U');
insert into playlisty (id_playlisty, tworca, nazwa, dostep) values (31, 153, 'Vision-oriented leading edge internet solution', 'O');
insert into playlisty (id_playlisty, tworca, nazwa, dostep) values (32, 195, 'Front-line content-based implementation', 'P');
insert into playlisty (id_playlisty, tworca, nazwa, dostep) values (33, 227, 'Extended motivating circuit', 'P');
insert into playlisty (id_playlisty, tworca, nazwa, dostep) values (34, 269, 'Front-line didactic portal', 'P');
insert into playlisty (id_playlisty, tworca, nazwa, dostep) values (35, 73, 'Focused exuding collaboration', 'P');
insert into playlisty (id_playlisty, tworca, nazwa, dostep) values (36, 140, 'Persevering fresh-thinking application', 'U');
insert into playlisty (id_playlisty, tworca, nazwa, dostep) values (37, 14, 'Distributed 3rd generation model', 'U');
insert into playlisty (id_playlisty, tworca, nazwa, dostep) values (38, 281, 'Right-sized bottom-line success', 'P');
insert into playlisty (id_playlisty, tworca, nazwa, dostep) values (39, 215, 'Polarised national frame', 'P');
insert into playlisty (id_playlisty, tworca, nazwa, dostep) values (40, 287, 'Open-architected directional secured line', 'O');
insert into playlisty (id_playlisty, tworca, nazwa, dostep) values (41, 54, 'Reduced transitional workforce', 'O');
insert into playlisty (id_playlisty, tworca, nazwa, dostep) values (42, 27, 'Business-focused zero tolerance core', 'O');
insert into playlisty (id_playlisty, tworca, nazwa, dostep) values (43, 124, 'Intuitive stable array', 'O');
insert into playlisty (id_playlisty, tworca, nazwa, dostep) values (44, 82, 'Polarised next generation intranet', 'U');
insert into playlisty (id_playlisty, tworca, nazwa, dostep) values (45, 177, 'Balanced transitional installation', 'O');
insert into playlisty (id_playlisty, tworca, nazwa, dostep) values (46, 30, 'Integrated discrete portal', 'P');
insert into playlisty (id_playlisty, tworca, nazwa, dostep) values (47, 47, 'Pre-emptive uniform attitude', 'P');
insert into playlisty (id_playlisty, tworca, nazwa, dostep) values (48, 238, 'Synergized static flexibility', 'O');
insert into playlisty (id_playlisty, tworca, nazwa, dostep) values (49, 258, 'De-engineered radical array', 'P');
insert into playlisty (id_playlisty, tworca, nazwa, dostep) values (50, 80, 'Polarised methodical initiative', 'U');
insert into playlisty (id_playlisty, tworca, nazwa, dostep) values (51, 6, 'Proactive stable process improvement', 'U');
insert into playlisty (id_playlisty, tworca, nazwa, dostep) values (52, 80, 'Persevering encompassing policy', 'O');
insert into playlisty (id_playlisty, tworca, nazwa, dostep) values (53, 171, 'Secured tangible groupware', 'P');
insert into playlisty (id_playlisty, tworca, nazwa, dostep) values (54, 46, 'User-friendly real-time utilisation', 'U');
insert into playlisty (id_playlisty, tworca, nazwa, dostep) values (55, 109, 'Persistent executive firmware', 'O');
insert into playlisty (id_playlisty, tworca, nazwa, dostep) values (56, 259, 'Decentralized methodical pricing structure', 'P');
insert into playlisty (id_playlisty, tworca, nazwa, dostep) values (57, 269, 'Pre-emptive contextually-based orchestration', 'O');
insert into playlisty (id_playlisty, tworca, nazwa, dostep) values (58, 272, 'Function-based eco-centric software', 'U');
insert into playlisty (id_playlisty, tworca, nazwa, dostep) values (59, 21, 'Ameliorated responsive circuit', 'U');
insert into playlisty (id_playlisty, tworca, nazwa, dostep) values (60, 270, 'Open-source client-driven task-force', 'U');
insert into playlisty (id_playlisty, tworca, nazwa, dostep) values (61, 221, 'Self-enabling bifurcated circuit', 'O');
insert into playlisty (id_playlisty, tworca, nazwa, dostep) values (62, 154, 'Up-sized grid-enabled definition', 'O');
insert into playlisty (id_playlisty, tworca, nazwa, dostep) values (63, 77, 'Digitized mission-critical complexity', 'U');
insert into playlisty (id_playlisty, tworca, nazwa, dostep) values (64, 286, 'Devolved multimedia flexibility', 'P');
insert into playlisty (id_playlisty, tworca, nazwa, dostep) values (65, 291, 'Sharable 24/7 capacity', 'P');
insert into playlisty (id_playlisty, tworca, nazwa, dostep) values (66, 114, 'Seamless fresh-thinking moratorium', 'U');
insert into playlisty (id_playlisty, tworca, nazwa, dostep) values (67, 180, 'Universal optimizing emulation', 'U');
insert into playlisty (id_playlisty, tworca, nazwa, dostep) values (68, 98, 'Synchronised intermediate artificial intelligence', 'P');
insert into playlisty (id_playlisty, tworca, nazwa, dostep) values (69, 284, 'Networked full-range data-warehouse', 'O');
insert into playlisty (id_playlisty, tworca, nazwa, dostep) values (70, 16, 'Persevering zero administration capability', 'P');
insert into playlisty (id_playlisty, tworca, nazwa, dostep) values (71, 96, 'Open-source upward-trending moratorium', 'O');
insert into playlisty (id_playlisty, tworca, nazwa, dostep) values (72, 158, 'Implemented client-server open system', 'U');
insert into playlisty (id_playlisty, tworca, nazwa, dostep) values (73, 91, 'Organic composite circuit', 'U');
insert into playlisty (id_playlisty, tworca, nazwa, dostep) values (74, 171, 'Ameliorated homogeneous throughput', 'U');
insert into playlisty (id_playlisty, tworca, nazwa, dostep) values (75, 108, 'Total 24 hour time-frame', 'P');
insert into playlisty (id_playlisty, tworca, nazwa, dostep) values (76, 93, 'Future-proofed content-based hub', 'P');
insert into playlisty (id_playlisty, tworca, nazwa, dostep) values (77, 62, 'Exclusive demand-driven encoding', 'O');
insert into playlisty (id_playlisty, tworca, nazwa, dostep) values (78, 289, 'Future-proofed cohesive help-desk', 'O');
insert into playlisty (id_playlisty, tworca, nazwa, dostep) values (79, 90, 'Realigned static customer loyalty', 'P');
insert into playlisty (id_playlisty, tworca, nazwa, dostep) values (80, 202, 'Distributed impactful definition', 'P');
insert into playlisty (id_playlisty, tworca, nazwa, dostep) values (81, 117, 'Reverse-engineered 24/7 algorithm', 'O');
insert into playlisty (id_playlisty, tworca, nazwa, dostep) values (82, 277, 'Grass-roots motivating product', 'P');
insert into playlisty (id_playlisty, tworca, nazwa, dostep) values (83, 47, 'User-centric executive product', 'P');
insert into playlisty (id_playlisty, tworca, nazwa, dostep) values (84, 134, 'Proactive content-based time-frame', 'O');
insert into playlisty (id_playlisty, tworca, nazwa, dostep) values (85, 274, 'Progressive disintermediate installation', 'U');
insert into playlisty (id_playlisty, tworca, nazwa, dostep) values (86, 279, 'Open-source intermediate strategy', 'U');
insert into playlisty (id_playlisty, tworca, nazwa, dostep) values (87, 199, 'Programmable transitional capability', 'O');
insert into playlisty (id_playlisty, tworca, nazwa, dostep) values (88, 5, 'Expanded bandwidth-monitored adapter', 'U');
insert into playlisty (id_playlisty, tworca, nazwa, dostep) values (89, 186, 'Cloned transitional paradigm', 'P');
insert into playlisty (id_playlisty, tworca, nazwa, dostep) values (90, 156, 'Grass-roots transitional internet solution', 'U');
insert into playlisty (id_playlisty, tworca, nazwa, dostep) values (91, 200, 'Balanced 6th generation toolset', 'U');
insert into playlisty (id_playlisty, tworca, nazwa, dostep) values (92, 249, 'Open-source fresh-thinking frame', 'O');
insert into playlisty (id_playlisty, tworca, nazwa, dostep) values (93, 47, 'Polarised foreground process improvement', 'P');
insert into playlisty (id_playlisty, tworca, nazwa, dostep) values (94, 117, 'Cross-group intangible capacity', 'O');
insert into playlisty (id_playlisty, tworca, nazwa, dostep) values (95, 261, 'Secured solution-oriented database', 'U');
insert into playlisty (id_playlisty, tworca, nazwa, dostep) values (96, 135, 'Team-oriented eco-centric firmware', 'U');
insert into playlisty (id_playlisty, tworca, nazwa, dostep) values (97, 177, 'Optional homogeneous help-desk', 'P');
insert into playlisty (id_playlisty, tworca, nazwa, dostep) values (98, 100, 'Programmable motivating infrastructure', 'U');
insert into playlisty (id_playlisty, tworca, nazwa, dostep) values (99, 23, 'Open-architected asynchronous circuit', 'U');
insert into playlisty (id_playlisty, tworca, nazwa, dostep) values (100, 243, 'Networked reciprocal software', 'U');
insert into playlisty (id_playlisty, tworca, nazwa, dostep) values (101, 93, 'Mandatory disintermediate model', 'O');
insert into playlisty (id_playlisty, tworca, nazwa, dostep) values (102, 263, 'Diverse full-range adapter', 'U');
insert into playlisty (id_playlisty, tworca, nazwa, dostep) values (103, 142, 'Function-based scalable installation', 'U');
insert into playlisty (id_playlisty, tworca, nazwa, dostep) values (104, 277, 'Expanded bifurcated interface', 'U');
insert into playlisty (id_playlisty, tworca, nazwa, dostep) values (105, 186, 'Open-source mission-critical concept', 'P');
insert into playlisty (id_playlisty, tworca, nazwa, dostep) values (106, 32, 'Inverse multimedia capacity', 'O');
insert into playlisty (id_playlisty, tworca, nazwa, dostep) values (107, 183, 'Monitored solution-oriented Graphic Interface', 'O');
insert into playlisty (id_playlisty, tworca, nazwa, dostep) values (108, 6, 'Optional 4th generation open architecture', 'P');
insert into playlisty (id_playlisty, tworca, nazwa, dostep) values (109, 157, 'Enterprise-wide uniform success', 'P');
insert into playlisty (id_playlisty, tworca, nazwa, dostep) values (110, 183, 'Progressive didactic support', 'U');
insert into playlisty (id_playlisty, tworca, nazwa, dostep) values (111, 13, 'Intuitive holistic help-desk', 'P');
insert into playlisty (id_playlisty, tworca, nazwa, dostep) values (112, 252, 'Networked methodical infrastructure', 'O');
insert into playlisty (id_playlisty, tworca, nazwa, dostep) values (113, 205, 'Quality-focused executive website', 'O');
insert into playlisty (id_playlisty, tworca, nazwa, dostep) values (114, 6, 'Configurable directional Graphic Interface', 'U');
insert into playlisty (id_playlisty, tworca, nazwa, dostep) values (115, 48, 'Monitored methodical middleware', 'O');
insert into playlisty (id_playlisty, tworca, nazwa, dostep) values (116, 224, 'Advanced 5th generation matrices', 'U');
insert into playlisty (id_playlisty, tworca, nazwa, dostep) values (117, 79, 'Public-key methodical extranet', 'P');
insert into playlisty (id_playlisty, tworca, nazwa, dostep) values (118, 100, 'Multi-channelled real-time project', 'O');
insert into playlisty (id_playlisty, tworca, nazwa, dostep) values (119, 160, 'Visionary zero administration application', 'O');
insert into playlisty (id_playlisty, tworca, nazwa, dostep) values (120, 206, 'Exclusive context-sensitive software', 'O');
insert into playlisty (id_playlisty, tworca, nazwa, dostep) values (121, 155, 'Optimized systematic synergy', 'P');
insert into playlisty (id_playlisty, tworca, nazwa, dostep) values (122, 233, 'Realigned national challenge', 'U');
insert into playlisty (id_playlisty, tworca, nazwa, dostep) values (123, 58, 'Synchronised needs-based concept', 'O');
insert into playlisty (id_playlisty, tworca, nazwa, dostep) values (124, 235, 'Profit-focused stable strategy', 'P');
insert into playlisty (id_playlisty, tworca, nazwa, dostep) values (125, 81, 'Grass-roots intermediate application', 'P');
insert into playlisty (id_playlisty, tworca, nazwa, dostep) values (126, 124, 'Horizontal optimal utilisation', 'U');
insert into playlisty (id_playlisty, tworca, nazwa, dostep) values (127, 205, 'Devolved actuating conglomeration', 'U');
insert into playlisty (id_playlisty, tworca, nazwa, dostep) values (128, 56, 'Implemented composite synergy', 'U');
insert into playlisty (id_playlisty, tworca, nazwa, dostep) values (129, 284, 'Exclusive cohesive model', 'P');
insert into playlisty (id_playlisty, tworca, nazwa, dostep) values (130, 75, 'Operative discrete methodology', 'O');
insert into playlisty (id_playlisty, tworca, nazwa, dostep) values (131, 20, 'Fully-configurable real-time system engine', 'O');
insert into playlisty (id_playlisty, tworca, nazwa, dostep) values (132, 241, 'Stand-alone multimedia conglomeration', 'U');
insert into playlisty (id_playlisty, tworca, nazwa, dostep) values (133, 133, 'Implemented client-server middleware', 'O');
insert into playlisty (id_playlisty, tworca, nazwa, dostep) values (134, 177, 'Virtual zero administration adapter', 'O');
insert into playlisty (id_playlisty, tworca, nazwa, dostep) values (135, 292, 'Switchable 24/7 synergy', 'P');
insert into playlisty (id_playlisty, tworca, nazwa, dostep) values (136, 246, 'Multi-lateral needs-based open system', 'P');
insert into playlisty (id_playlisty, tworca, nazwa, dostep) values (137, 262, 'Customizable intermediate ability', 'P');
insert into playlisty (id_playlisty, tworca, nazwa, dostep) values (138, 238, 'Multi-lateral 24/7 approach', 'O');
insert into playlisty (id_playlisty, tworca, nazwa, dostep) values (139, 139, 'Total radical functionalities', 'O');
insert into playlisty (id_playlisty, tworca, nazwa, dostep) values (140, 34, 'Innovative homogeneous website', 'P');
insert into playlisty (id_playlisty, tworca, nazwa, dostep) values (141, 208, 'Extended contextually-based function', 'O');
insert into playlisty (id_playlisty, tworca, nazwa, dostep) values (142, 130, 'Programmable eco-centric system engine', 'O');
insert into playlisty (id_playlisty, tworca, nazwa, dostep) values (143, 205, 'Innovative transitional capacity', 'O');
insert into playlisty (id_playlisty, tworca, nazwa, dostep) values (144, 271, 'Quality-focused asynchronous ability', 'P');
insert into playlisty (id_playlisty, tworca, nazwa, dostep) values (145, 149, 'Fundamental exuding Graphical User Interface', 'P');
insert into playlisty (id_playlisty, tworca, nazwa, dostep) values (146, 125, 'Multi-channelled interactive utilisation', 'U');
insert into playlisty (id_playlisty, tworca, nazwa, dostep) values (147, 185, 'Re-engineered eco-centric protocol', 'P');
insert into playlisty (id_playlisty, tworca, nazwa, dostep) values (148, 219, 'Multi-channelled logistical open architecture', 'O');
insert into playlisty (id_playlisty, tworca, nazwa, dostep) values (149, 284, 'Vision-oriented asynchronous flexibility', 'P');
insert into playlisty (id_playlisty, tworca, nazwa, dostep) values (150, 11, 'Fundamental exuding capacity', 'P');
insert into playlisty (id_playlisty, tworca, nazwa, dostep) values (151, 230, 'Universal object-oriented neural-net', 'U');
insert into playlisty (id_playlisty, tworca, nazwa, dostep) values (152, 59, 'Upgradable 6th generation project', 'P');
insert into playlisty (id_playlisty, tworca, nazwa, dostep) values (153, 281, 'Optimized optimal interface', 'P');
insert into playlisty (id_playlisty, tworca, nazwa, dostep) values (154, 143, 'Networked multimedia firmware', 'U');
insert into playlisty (id_playlisty, tworca, nazwa, dostep) values (155, 126, 'Customer-focused asynchronous hardware', 'O');
insert into playlisty (id_playlisty, tworca, nazwa, dostep) values (156, 14, 'Exclusive user-facing website', 'P');
insert into playlisty (id_playlisty, tworca, nazwa, dostep) values (157, 250, 'Expanded empowering capability', 'U');
insert into playlisty (id_playlisty, tworca, nazwa, dostep) values (158, 140, 'Enhanced systemic knowledge base', 'O');
insert into playlisty (id_playlisty, tworca, nazwa, dostep) values (159, 169, 'Cloned modular solution', 'U');
insert into playlisty (id_playlisty, tworca, nazwa, dostep) values (160, 233, 'Distributed real-time interface', 'O');
insert into playlisty (id_playlisty, tworca, nazwa, dostep) values (161, 216, 'Synchronised foreground service-desk', 'P');
insert into playlisty (id_playlisty, tworca, nazwa, dostep) values (162, 279, 'Re-contextualized web-enabled policy', 'P');
insert into playlisty (id_playlisty, tworca, nazwa, dostep) values (163, 57, 'Configurable bottom-line projection', 'U');
insert into playlisty (id_playlisty, tworca, nazwa, dostep) values (164, 62, 'Synchronised foreground initiative', 'P');
insert into playlisty (id_playlisty, tworca, nazwa, dostep) values (165, 75, 'Reverse-engineered asynchronous neural-net', 'O');
insert into playlisty (id_playlisty, tworca, nazwa, dostep) values (166, 88, 'Robust holistic capacity', 'P');
insert into playlisty (id_playlisty, tworca, nazwa, dostep) values (167, 184, 'Fully-configurable intangible internet solution', 'P');
insert into playlisty (id_playlisty, tworca, nazwa, dostep) values (168, 106, 'Down-sized analyzing system engine', 'O');
insert into playlisty (id_playlisty, tworca, nazwa, dostep) values (169, 60, 'Object-based next generation infrastructure', 'O');
insert into playlisty (id_playlisty, tworca, nazwa, dostep) values (170, 212, 'Optimized fault-tolerant parallelism', 'P');
insert into playlisty (id_playlisty, tworca, nazwa, dostep) values (171, 67, 'Automated upward-trending time-frame', 'U');
insert into playlisty (id_playlisty, tworca, nazwa, dostep) values (172, 30, 'Programmable radical forecast', 'P');
insert into playlisty (id_playlisty, tworca, nazwa, dostep) values (173, 48, 'Virtual asynchronous moderator', 'P');
insert into playlisty (id_playlisty, tworca, nazwa, dostep) values (174, 185, 'Grass-roots disintermediate extranet', 'U');
insert into playlisty (id_playlisty, tworca, nazwa, dostep) values (175, 300, 'Focused multimedia functionalities', 'P');
insert into playlisty (id_playlisty, tworca, nazwa, dostep) values (176, 81, 'Diverse national website', 'O');
insert into playlisty (id_playlisty, tworca, nazwa, dostep) values (177, 287, 'Networked national secured line', 'O');
insert into playlisty (id_playlisty, tworca, nazwa, dostep) values (178, 166, 'Polarised eco-centric moderator', 'P');
insert into playlisty (id_playlisty, tworca, nazwa, dostep) values (179, 48, 'Pre-emptive bi-directional groupware', 'U');
insert into playlisty (id_playlisty, tworca, nazwa, dostep) values (180, 79, 'Networked mission-critical software', 'O');
insert into playlisty (id_playlisty, tworca, nazwa, dostep) values (181, 95, 'Future-proofed user-facing focus group', 'P');
insert into playlisty (id_playlisty, tworca, nazwa, dostep) values (182, 278, 'Integrated content-based service-desk', 'P');
insert into playlisty (id_playlisty, tworca, nazwa, dostep) values (183, 143, 'Fundamental interactive emulation', 'O');
insert into playlisty (id_playlisty, tworca, nazwa, dostep) values (184, 250, 'Exclusive client-server monitoring', 'P');
insert into playlisty (id_playlisty, tworca, nazwa, dostep) values (185, 196, 'Decentralized modular complexity', 'P');
insert into playlisty (id_playlisty, tworca, nazwa, dostep) values (186, 77, 'Up-sized radical task-force', 'U');
insert into playlisty (id_playlisty, tworca, nazwa, dostep) values (187, 183, 'Secured high-level emulation', 'P');
insert into playlisty (id_playlisty, tworca, nazwa, dostep) values (188, 199, 'Optional cohesive artificial intelligence', 'U');
insert into playlisty (id_playlisty, tworca, nazwa, dostep) values (189, 181, 'Synergistic zero administration approach', 'O');
insert into playlisty (id_playlisty, tworca, nazwa, dostep) values (190, 87, 'Focused exuding migration', 'O');
insert into playlisty (id_playlisty, tworca, nazwa, dostep) values (191, 52, 'Balanced homogeneous product', 'P');
insert into playlisty (id_playlisty, tworca, nazwa, dostep) values (192, 237, 'Open-source dedicated workforce', 'U');
insert into playlisty (id_playlisty, tworca, nazwa, dostep) values (193, 24, 'Reduced system-worthy process improvement', 'P');
insert into playlisty (id_playlisty, tworca, nazwa, dostep) values (194, 48, 'User-friendly context-sensitive extranet', 'O');
insert into playlisty (id_playlisty, tworca, nazwa, dostep) values (195, 258, 'Distributed foreground archive', 'U');
insert into playlisty (id_playlisty, tworca, nazwa, dostep) values (196, 261, 'Robust 4th generation model', 'P');
insert into playlisty (id_playlisty, tworca, nazwa, dostep) values (197, 153, 'Face to face even-keeled forecast', 'P');
insert into playlisty (id_playlisty, tworca, nazwa, dostep) values (198, 81, 'Cross-group grid-enabled open system', 'O');
insert into playlisty (id_playlisty, tworca, nazwa, dostep) values (199, 57, 'Upgradable object-oriented attitude', 'O');
insert into playlisty (id_playlisty, tworca, nazwa, dostep) values (200, 264, 'Realigned directional open architecture', 'P');
CREATE OR REPLACE FUNCTION dodaj_numer_w_playliscie() RETURNS trigger AS $dodaj_numer_w_playliscie$
BEGIN
  IF NEW.nr_w_playliscie IS NULL then
    NEW.nr_w_playliscie=1+(select max(nr_w_playliscie) from utwory_playlisty where id_playlisty=NEW.id_playlisty);
  END IF;
IF NEW.nr_w_playliscie IS NULL then
NEW.nr_w_playliscie=1;
END IF;
  RETURN NEW;
END;
$dodaj_numer_w_playliscie$ LANGUAGE plpgsql;

CREATE TRIGGER dodaj_numer_w_playliscie BEFORE INSERT OR UPDATE ON utwory_playlisty
FOR EACH ROW EXECUTE PROCEDURE dodaj_numer_w_playliscie();

insert into utwory_playlisty (id_playlisty, id_utworu) values (186, 221);
insert into utwory_playlisty (id_playlisty, id_utworu) values (195, 35);
insert into utwory_playlisty (id_playlisty, id_utworu) values (32, 295);
insert into utwory_playlisty (id_playlisty, id_utworu) values (17, 14);
insert into utwory_playlisty (id_playlisty, id_utworu) values (30, 327);
insert into utwory_playlisty (id_playlisty, id_utworu) values (122, 318);
insert into utwory_playlisty (id_playlisty, id_utworu) values (152, 185);
insert into utwory_playlisty (id_playlisty, id_utworu) values (57, 480);
insert into utwory_playlisty (id_playlisty, id_utworu) values (173, 477);
insert into utwory_playlisty (id_playlisty, id_utworu) values (106, 346);
insert into utwory_playlisty (id_playlisty, id_utworu) values (155, 307);
insert into utwory_playlisty (id_playlisty, id_utworu) values (19, 305);
insert into utwory_playlisty (id_playlisty, id_utworu) values (2, 495);
insert into utwory_playlisty (id_playlisty, id_utworu) values (16, 426);
insert into utwory_playlisty (id_playlisty, id_utworu) values (88, 207);
insert into utwory_playlisty (id_playlisty, id_utworu) values (103, 148);
insert into utwory_playlisty (id_playlisty, id_utworu) values (183, 134);
insert into utwory_playlisty (id_playlisty, id_utworu) values (80, 474);
insert into utwory_playlisty (id_playlisty, id_utworu) values (137, 442);
insert into utwory_playlisty (id_playlisty, id_utworu) values (38, 43);
insert into utwory_playlisty (id_playlisty, id_utworu) values (184, 93);
insert into utwory_playlisty (id_playlisty, id_utworu) values (153, 392);
insert into utwory_playlisty (id_playlisty, id_utworu) values (167, 296);
insert into utwory_playlisty (id_playlisty, id_utworu) values (86, 296);
insert into utwory_playlisty (id_playlisty, id_utworu) values (97, 139);
insert into utwory_playlisty (id_playlisty, id_utworu) values (118, 381);
insert into utwory_playlisty (id_playlisty, id_utworu) values (14, 146);
insert into utwory_playlisty (id_playlisty, id_utworu) values (126, 313);
insert into utwory_playlisty (id_playlisty, id_utworu) values (139, 471);
insert into utwory_playlisty (id_playlisty, id_utworu) values (184, 329);
insert into utwory_playlisty (id_playlisty, id_utworu) values (200, 81);
insert into utwory_playlisty (id_playlisty, id_utworu) values (26, 342);
insert into utwory_playlisty (id_playlisty, id_utworu) values (136, 214);
insert into utwory_playlisty (id_playlisty, id_utworu) values (166, 171);
insert into utwory_playlisty (id_playlisty, id_utworu) values (81, 449);
insert into utwory_playlisty (id_playlisty, id_utworu) values (97, 354);
insert into utwory_playlisty (id_playlisty, id_utworu) values (113, 116);
insert into utwory_playlisty (id_playlisty, id_utworu) values (135, 318);
insert into utwory_playlisty (id_playlisty, id_utworu) values (70, 282);
insert into utwory_playlisty (id_playlisty, id_utworu) values (176, 103);
insert into utwory_playlisty (id_playlisty, id_utworu) values (91, 49);
insert into utwory_playlisty (id_playlisty, id_utworu) values (197, 164);
insert into utwory_playlisty (id_playlisty, id_utworu) values (115, 394);
insert into utwory_playlisty (id_playlisty, id_utworu) values (86, 232);
insert into utwory_playlisty (id_playlisty, id_utworu) values (200, 304);
insert into utwory_playlisty (id_playlisty, id_utworu) values (200, 388);
insert into utwory_playlisty (id_playlisty, id_utworu) values (122, 480);
insert into utwory_playlisty (id_playlisty, id_utworu) values (120, 330);
insert into utwory_playlisty (id_playlisty, id_utworu) values (65, 172);
insert into utwory_playlisty (id_playlisty, id_utworu) values (98, 348);
insert into utwory_playlisty (id_playlisty, id_utworu) values (195, 241);
insert into utwory_playlisty (id_playlisty, id_utworu) values (11, 380);
insert into utwory_playlisty (id_playlisty, id_utworu) values (30, 17);
insert into utwory_playlisty (id_playlisty, id_utworu) values (186, 235);
insert into utwory_playlisty (id_playlisty, id_utworu) values (17, 134);
insert into utwory_playlisty (id_playlisty, id_utworu) values (104, 77);
insert into utwory_playlisty (id_playlisty, id_utworu) values (86, 310);
insert into utwory_playlisty (id_playlisty, id_utworu) values (54, 492);
insert into utwory_playlisty (id_playlisty, id_utworu) values (137, 54);
insert into utwory_playlisty (id_playlisty, id_utworu) values (127, 289);
insert into utwory_playlisty (id_playlisty, id_utworu) values (91, 348);
insert into utwory_playlisty (id_playlisty, id_utworu) values (200, 487);
insert into utwory_playlisty (id_playlisty, id_utworu) values (122, 374);
insert into utwory_playlisty (id_playlisty, id_utworu) values (84, 70);
insert into utwory_playlisty (id_playlisty, id_utworu) values (97, 390);
insert into utwory_playlisty (id_playlisty, id_utworu) values (73, 139);
insert into utwory_playlisty (id_playlisty, id_utworu) values (100, 58);
insert into utwory_playlisty (id_playlisty, id_utworu) values (61, 95);
insert into utwory_playlisty (id_playlisty, id_utworu) values (34, 270);
insert into utwory_playlisty (id_playlisty, id_utworu) values (57, 36);
insert into utwory_playlisty (id_playlisty, id_utworu) values (191, 382);
insert into utwory_playlisty (id_playlisty, id_utworu) values (193, 9);
insert into utwory_playlisty (id_playlisty, id_utworu) values (57, 348);
insert into utwory_playlisty (id_playlisty, id_utworu) values (76, 296);
insert into utwory_playlisty (id_playlisty, id_utworu) values (26, 453);
insert into utwory_playlisty (id_playlisty, id_utworu) values (22, 243);
insert into utwory_playlisty (id_playlisty, id_utworu) values (61, 385);
insert into utwory_playlisty (id_playlisty, id_utworu) values (76, 265);
insert into utwory_playlisty (id_playlisty, id_utworu) values (164, 90);
insert into utwory_playlisty (id_playlisty, id_utworu) values (151, 389);
insert into utwory_playlisty (id_playlisty, id_utworu) values (154, 406);
insert into utwory_playlisty (id_playlisty, id_utworu) values (98, 90);
insert into utwory_playlisty (id_playlisty, id_utworu) values (93, 163);
insert into utwory_playlisty (id_playlisty, id_utworu) values (94, 150);
insert into utwory_playlisty (id_playlisty, id_utworu) values (143, 39);
insert into utwory_playlisty (id_playlisty, id_utworu) values (141, 403);
insert into utwory_playlisty (id_playlisty, id_utworu) values (51, 54);
insert into utwory_playlisty (id_playlisty, id_utworu) values (59, 235);
insert into utwory_playlisty (id_playlisty, id_utworu) values (165, 10);
insert into utwory_playlisty (id_playlisty, id_utworu) values (78, 211);
insert into utwory_playlisty (id_playlisty, id_utworu) values (79, 244);
insert into utwory_playlisty (id_playlisty, id_utworu) values (163, 11);
insert into utwory_playlisty (id_playlisty, id_utworu) values (2, 119);
insert into utwory_playlisty (id_playlisty, id_utworu) values (39, 334);
insert into utwory_playlisty (id_playlisty, id_utworu) values (91, 270);
insert into utwory_playlisty (id_playlisty, id_utworu) values (21, 341);
insert into utwory_playlisty (id_playlisty, id_utworu) values (130, 452);
insert into utwory_playlisty (id_playlisty, id_utworu) values (25, 182);
insert into utwory_playlisty (id_playlisty, id_utworu) values (113, 392);
insert into utwory_playlisty (id_playlisty, id_utworu) values (182, 263);
insert into utwory_playlisty (id_playlisty, id_utworu) values (38, 297);
insert into utwory_playlisty (id_playlisty, id_utworu) values (133, 239);
insert into utwory_playlisty (id_playlisty, id_utworu) values (65, 206);
insert into utwory_playlisty (id_playlisty, id_utworu) values (144, 442);
insert into utwory_playlisty (id_playlisty, id_utworu) values (197, 349);
insert into utwory_playlisty (id_playlisty, id_utworu) values (78, 423);
insert into utwory_playlisty (id_playlisty, id_utworu) values (4, 266);
insert into utwory_playlisty (id_playlisty, id_utworu) values (110, 86);
insert into utwory_playlisty (id_playlisty, id_utworu) values (71, 193);
insert into utwory_playlisty (id_playlisty, id_utworu) values (147, 316);
insert into utwory_playlisty (id_playlisty, id_utworu) values (87, 278);
insert into utwory_playlisty (id_playlisty, id_utworu) values (35, 48);
insert into utwory_playlisty (id_playlisty, id_utworu) values (102, 158);
insert into utwory_playlisty (id_playlisty, id_utworu) values (72, 221);
insert into utwory_playlisty (id_playlisty, id_utworu) values (130, 319);
insert into utwory_playlisty (id_playlisty, id_utworu) values (174, 319);
insert into utwory_playlisty (id_playlisty, id_utworu) values (193, 38);
insert into utwory_playlisty (id_playlisty, id_utworu) values (37, 489);
insert into utwory_playlisty (id_playlisty, id_utworu) values (175, 369);
insert into utwory_playlisty (id_playlisty, id_utworu) values (47, 209);
insert into utwory_playlisty (id_playlisty, id_utworu) values (15, 448);
insert into utwory_playlisty (id_playlisty, id_utworu) values (72, 321);
insert into utwory_playlisty (id_playlisty, id_utworu) values (188, 305);
insert into utwory_playlisty (id_playlisty, id_utworu) values (78, 59);
insert into utwory_playlisty (id_playlisty, id_utworu) values (192, 454);
insert into utwory_playlisty (id_playlisty, id_utworu) values (5, 3);
insert into utwory_playlisty (id_playlisty, id_utworu) values (8, 107);
insert into utwory_playlisty (id_playlisty, id_utworu) values (24, 109);
insert into utwory_playlisty (id_playlisty, id_utworu) values (88, 256);
insert into utwory_playlisty (id_playlisty, id_utworu) values (197, 364);
insert into utwory_playlisty (id_playlisty, id_utworu) values (85, 166);
insert into utwory_playlisty (id_playlisty, id_utworu) values (41, 153);
insert into utwory_playlisty (id_playlisty, id_utworu) values (123, 129);
insert into utwory_playlisty (id_playlisty, id_utworu) values (116, 233);
insert into utwory_playlisty (id_playlisty, id_utworu) values (112, 13);
insert into utwory_playlisty (id_playlisty, id_utworu) values (143, 115);
insert into utwory_playlisty (id_playlisty, id_utworu) values (132, 114);
insert into utwory_playlisty (id_playlisty, id_utworu) values (59, 474);
insert into utwory_playlisty (id_playlisty, id_utworu) values (114, 8);
insert into utwory_playlisty (id_playlisty, id_utworu) values (167, 446);
insert into utwory_playlisty (id_playlisty, id_utworu) values (12, 126);
insert into utwory_playlisty (id_playlisty, id_utworu) values (20, 12);
insert into utwory_playlisty (id_playlisty, id_utworu) values (193, 230);
insert into utwory_playlisty (id_playlisty, id_utworu) values (32, 90);
insert into utwory_playlisty (id_playlisty, id_utworu) values (100, 298);
insert into utwory_playlisty (id_playlisty, id_utworu) values (191, 438);
insert into utwory_playlisty (id_playlisty, id_utworu) values (87, 452);
insert into utwory_playlisty (id_playlisty, id_utworu) values (58, 217);
insert into utwory_playlisty (id_playlisty, id_utworu) values (189, 351);
insert into utwory_playlisty (id_playlisty, id_utworu) values (194, 227);
insert into utwory_playlisty (id_playlisty, id_utworu) values (108, 490);
insert into utwory_playlisty (id_playlisty, id_utworu) values (66, 344);
insert into utwory_playlisty (id_playlisty, id_utworu) values (193, 67);
insert into utwory_playlisty (id_playlisty, id_utworu) values (94, 245);
insert into utwory_playlisty (id_playlisty, id_utworu) values (89, 4);
insert into utwory_playlisty (id_playlisty, id_utworu) values (193, 364);
insert into utwory_playlisty (id_playlisty, id_utworu) values (80, 209);
insert into utwory_playlisty (id_playlisty, id_utworu) values (78, 367);
insert into utwory_playlisty (id_playlisty, id_utworu) values (5, 399);
insert into utwory_playlisty (id_playlisty, id_utworu) values (114, 362);
insert into utwory_playlisty (id_playlisty, id_utworu) values (41, 459);
insert into utwory_playlisty (id_playlisty, id_utworu) values (105, 138);
insert into utwory_playlisty (id_playlisty, id_utworu) values (176, 256);
insert into utwory_playlisty (id_playlisty, id_utworu) values (13, 367);
insert into utwory_playlisty (id_playlisty, id_utworu) values (23, 67);
insert into utwory_playlisty (id_playlisty, id_utworu) values (39, 420);
insert into utwory_playlisty (id_playlisty, id_utworu) values (95, 175);
insert into utwory_playlisty (id_playlisty, id_utworu) values (169, 496);
insert into utwory_playlisty (id_playlisty, id_utworu) values (34, 305);
insert into utwory_playlisty (id_playlisty, id_utworu) values (29, 132);
insert into utwory_playlisty (id_playlisty, id_utworu) values (130, 276);
insert into utwory_playlisty (id_playlisty, id_utworu) values (21, 455);
insert into utwory_playlisty (id_playlisty, id_utworu) values (189, 338);
insert into utwory_playlisty (id_playlisty, id_utworu) values (65, 187);
insert into utwory_playlisty (id_playlisty, id_utworu) values (192, 314);
insert into utwory_playlisty (id_playlisty, id_utworu) values (112, 339);
insert into utwory_playlisty (id_playlisty, id_utworu) values (102, 338);
insert into utwory_playlisty (id_playlisty, id_utworu) values (21, 462);
insert into utwory_playlisty (id_playlisty, id_utworu) values (54, 36);
insert into utwory_playlisty (id_playlisty, id_utworu) values (114, 127);
insert into utwory_playlisty (id_playlisty, id_utworu) values (99, 304);
insert into utwory_playlisty (id_playlisty, id_utworu) values (108, 61);
insert into utwory_playlisty (id_playlisty, id_utworu) values (127, 280);
insert into utwory_playlisty (id_playlisty, id_utworu) values (140, 129);
insert into utwory_playlisty (id_playlisty, id_utworu) values (149, 192);
insert into utwory_playlisty (id_playlisty, id_utworu) values (137, 162);
insert into utwory_playlisty (id_playlisty, id_utworu) values (72, 85);
insert into utwory_playlisty (id_playlisty, id_utworu) values (146, 464);
insert into utwory_playlisty (id_playlisty, id_utworu) values (1, 422);
insert into utwory_playlisty (id_playlisty, id_utworu) values (132, 157);
insert into utwory_playlisty (id_playlisty, id_utworu) values (45, 104);
insert into utwory_playlisty (id_playlisty, id_utworu) values (24, 115);
insert into utwory_playlisty (id_playlisty, id_utworu) values (14, 443);
insert into utwory_playlisty (id_playlisty, id_utworu) values (132, 389);
insert into utwory_playlisty (id_playlisty, id_utworu) values (45, 176);
insert into utwory_playlisty (id_playlisty, id_utworu) values (28, 392);
insert into utwory_playlisty (id_playlisty, id_utworu) values (172, 5);
insert into utwory_playlisty (id_playlisty, id_utworu) values (188, 231);
insert into utwory_playlisty (id_playlisty, id_utworu) values (40, 370);
insert into utwory_playlisty (id_playlisty, id_utworu) values (119, 352);
insert into utwory_playlisty (id_playlisty, id_utworu) values (5, 158);
insert into utwory_playlisty (id_playlisty, id_utworu) values (101, 305);
insert into utwory_playlisty (id_playlisty, id_utworu) values (120, 81);
insert into utwory_playlisty (id_playlisty, id_utworu) values (61, 123);
insert into utwory_playlisty (id_playlisty, id_utworu) values (28, 36);
insert into utwory_playlisty (id_playlisty, id_utworu) values (41, 133);
insert into utwory_playlisty (id_playlisty, id_utworu) values (97, 415);
insert into utwory_playlisty (id_playlisty, id_utworu) values (90, 182);
insert into utwory_playlisty (id_playlisty, id_utworu) values (53, 298);
insert into utwory_playlisty (id_playlisty, id_utworu) values (171, 115);
insert into utwory_playlisty (id_playlisty, id_utworu) values (99, 309);
insert into utwory_playlisty (id_playlisty, id_utworu) values (139, 18);
insert into utwory_playlisty (id_playlisty, id_utworu) values (100, 462);
insert into utwory_playlisty (id_playlisty, id_utworu) values (24, 86);
insert into utwory_playlisty (id_playlisty, id_utworu) values (144, 201);
insert into utwory_playlisty (id_playlisty, id_utworu) values (19, 207);
insert into utwory_playlisty (id_playlisty, id_utworu) values (162, 22);
insert into utwory_playlisty (id_playlisty, id_utworu) values (196, 101);
insert into utwory_playlisty (id_playlisty, id_utworu) values (89, 395);
insert into utwory_playlisty (id_playlisty, id_utworu) values (128, 111);
insert into utwory_playlisty (id_playlisty, id_utworu) values (69, 396);
insert into utwory_playlisty (id_playlisty, id_utworu) values (33, 57);
insert into utwory_playlisty (id_playlisty, id_utworu) values (183, 437);
insert into utwory_playlisty (id_playlisty, id_utworu) values (58, 257);
insert into utwory_playlisty (id_playlisty, id_utworu) values (111, 42);
insert into utwory_playlisty (id_playlisty, id_utworu) values (83, 193);
insert into utwory_playlisty (id_playlisty, id_utworu) values (118, 54);
insert into utwory_playlisty (id_playlisty, id_utworu) values (112, 97);
insert into utwory_playlisty (id_playlisty, id_utworu) values (151, 474);
insert into utwory_playlisty (id_playlisty, id_utworu) values (56, 470);
insert into utwory_playlisty (id_playlisty, id_utworu) values (53, 426);
insert into utwory_playlisty (id_playlisty, id_utworu) values (192, 315);
insert into utwory_playlisty (id_playlisty, id_utworu) values (177, 446);
insert into utwory_playlisty (id_playlisty, id_utworu) values (136, 291);
insert into utwory_playlisty (id_playlisty, id_utworu) values (136, 283);
insert into utwory_playlisty (id_playlisty, id_utworu) values (74, 217);
insert into utwory_playlisty (id_playlisty, id_utworu) values (159, 198);
insert into utwory_playlisty (id_playlisty, id_utworu) values (31, 157);
insert into utwory_playlisty (id_playlisty, id_utworu) values (95, 25);
insert into utwory_playlisty (id_playlisty, id_utworu) values (68, 438);
insert into utwory_playlisty (id_playlisty, id_utworu) values (24, 190);
insert into utwory_playlisty (id_playlisty, id_utworu) values (11, 109);
insert into utwory_playlisty (id_playlisty, id_utworu) values (11, 218);
insert into utwory_playlisty (id_playlisty, id_utworu) values (171, 107);
insert into utwory_playlisty (id_playlisty, id_utworu) values (189, 58);
insert into utwory_playlisty (id_playlisty, id_utworu) values (31, 116);
insert into utwory_playlisty (id_playlisty, id_utworu) values (195, 26);
insert into utwory_playlisty (id_playlisty, id_utworu) values (141, 411);
insert into utwory_playlisty (id_playlisty, id_utworu) values (98, 407);
insert into utwory_playlisty (id_playlisty, id_utworu) values (39, 397);
insert into utwory_playlisty (id_playlisty, id_utworu) values (46, 338);
insert into utwory_playlisty (id_playlisty, id_utworu) values (161, 78);
insert into utwory_playlisty (id_playlisty, id_utworu) values (192, 196);
insert into utwory_playlisty (id_playlisty, id_utworu) values (15, 441);
insert into utwory_playlisty (id_playlisty, id_utworu) values (57, 231);
insert into utwory_playlisty (id_playlisty, id_utworu) values (65, 446);
insert into utwory_playlisty (id_playlisty, id_utworu) values (19, 448);
insert into utwory_playlisty (id_playlisty, id_utworu) values (93, 381);
insert into utwory_playlisty (id_playlisty, id_utworu) values (104, 12);
insert into utwory_playlisty (id_playlisty, id_utworu) values (5, 265);
insert into utwory_playlisty (id_playlisty, id_utworu) values (166, 250);
insert into utwory_playlisty (id_playlisty, id_utworu) values (141, 236);
insert into utwory_playlisty (id_playlisty, id_utworu) values (40, 405);
insert into utwory_playlisty (id_playlisty, id_utworu) values (2, 207);
insert into utwory_playlisty (id_playlisty, id_utworu) values (18, 180);
insert into utwory_playlisty (id_playlisty, id_utworu) values (91, 465);
insert into utwory_playlisty (id_playlisty, id_utworu) values (162, 163);
insert into utwory_playlisty (id_playlisty, id_utworu) values (150, 50);
insert into utwory_playlisty (id_playlisty, id_utworu) values (66, 157);
insert into utwory_playlisty (id_playlisty, id_utworu) values (184, 386);
insert into utwory_playlisty (id_playlisty, id_utworu) values (70, 99);
insert into utwory_playlisty (id_playlisty, id_utworu) values (1, 138);
insert into utwory_playlisty (id_playlisty, id_utworu) values (65, 190);
insert into utwory_playlisty (id_playlisty, id_utworu) values (182, 339);
insert into utwory_playlisty (id_playlisty, id_utworu) values (112, 254);
insert into utwory_playlisty (id_playlisty, id_utworu) values (56, 163);
insert into utwory_playlisty (id_playlisty, id_utworu) values (146, 48);
insert into utwory_playlisty (id_playlisty, id_utworu) values (128, 45);
insert into utwory_playlisty (id_playlisty, id_utworu) values (150, 343);
insert into utwory_playlisty (id_playlisty, id_utworu) values (53, 359);
insert into utwory_playlisty (id_playlisty, id_utworu) values (139, 492);
insert into utwory_playlisty (id_playlisty, id_utworu) values (150, 152);
insert into utwory_playlisty (id_playlisty, id_utworu) values (181, 99);
insert into utwory_playlisty (id_playlisty, id_utworu) values (197, 75);
insert into utwory_playlisty (id_playlisty, id_utworu) values (199, 198);
insert into utwory_playlisty (id_playlisty, id_utworu) values (85, 448);
insert into utwory_playlisty (id_playlisty, id_utworu) values (85, 65);
insert into utwory_playlisty (id_playlisty, id_utworu) values (159, 426);
insert into utwory_playlisty (id_playlisty, id_utworu) values (2, 16);
insert into utwory_playlisty (id_playlisty, id_utworu) values (172, 292);
insert into utwory_playlisty (id_playlisty, id_utworu) values (39, 227);
insert into utwory_playlisty (id_playlisty, id_utworu) values (138, 172);
insert into utwory_playlisty (id_playlisty, id_utworu) values (31, 364);
insert into utwory_playlisty (id_playlisty, id_utworu) values (95, 89);
insert into utwory_playlisty (id_playlisty, id_utworu) values (74, 272);
insert into utwory_playlisty (id_playlisty, id_utworu) values (190, 166);
insert into utwory_playlisty (id_playlisty, id_utworu) values (124, 500);
insert into utwory_playlisty (id_playlisty, id_utworu) values (183, 358);
insert into utwory_playlisty (id_playlisty, id_utworu) values (88, 430);
insert into utwory_playlisty (id_playlisty, id_utworu) values (124, 321);
insert into utwory_playlisty (id_playlisty, id_utworu) values (163, 180);
insert into utwory_playlisty (id_playlisty, id_utworu) values (172, 196);
insert into utwory_playlisty (id_playlisty, id_utworu) values (182, 53);
insert into utwory_playlisty (id_playlisty, id_utworu) values (198, 131);
insert into utwory_playlisty (id_playlisty, id_utworu) values (149, 263);
insert into utwory_playlisty (id_playlisty, id_utworu) values (37, 144);
insert into utwory_playlisty (id_playlisty, id_utworu) values (130, 282);
insert into utwory_playlisty (id_playlisty, id_utworu) values (124, 166);
insert into utwory_playlisty (id_playlisty, id_utworu) values (166, 475);
insert into utwory_playlisty (id_playlisty, id_utworu) values (137, 125);
insert into utwory_playlisty (id_playlisty, id_utworu) values (28, 320);
insert into utwory_playlisty (id_playlisty, id_utworu) values (108, 426);
insert into utwory_playlisty (id_playlisty, id_utworu) values (70, 166);
insert into utwory_playlisty (id_playlisty, id_utworu) values (102, 139);
insert into utwory_playlisty (id_playlisty, id_utworu) values (182, 403);
insert into utwory_playlisty (id_playlisty, id_utworu) values (181, 16);
insert into utwory_playlisty (id_playlisty, id_utworu) values (79, 353);
insert into utwory_playlisty (id_playlisty, id_utworu) values (117, 430);
insert into utwory_playlisty (id_playlisty, id_utworu) values (192, 190);
insert into utwory_playlisty (id_playlisty, id_utworu) values (95, 91);
insert into utwory_playlisty (id_playlisty, id_utworu) values (141, 408);
insert into utwory_playlisty (id_playlisty, id_utworu) values (45, 171);
insert into utwory_playlisty (id_playlisty, id_utworu) values (79, 411);
insert into utwory_playlisty (id_playlisty, id_utworu) values (16, 4);
insert into utwory_playlisty (id_playlisty, id_utworu) values (3, 1);
insert into utwory_playlisty (id_playlisty, id_utworu) values (21, 395);
insert into utwory_playlisty (id_playlisty, id_utworu) values (43, 200);
insert into utwory_playlisty (id_playlisty, id_utworu) values (90, 286);
insert into utwory_playlisty (id_playlisty, id_utworu) values (138, 293);
insert into utwory_playlisty (id_playlisty, id_utworu) values (152, 249);
insert into utwory_playlisty (id_playlisty, id_utworu) values (156, 102);
insert into utwory_playlisty (id_playlisty, id_utworu) values (24, 361);
insert into utwory_playlisty (id_playlisty, id_utworu) values (172, 340);
insert into utwory_playlisty (id_playlisty, id_utworu) values (96, 162);
insert into utwory_playlisty (id_playlisty, id_utworu) values (200, 179);
insert into utwory_playlisty (id_playlisty, id_utworu) values (77, 302);
insert into utwory_playlisty (id_playlisty, id_utworu) values (193, 491);
insert into utwory_playlisty (id_playlisty, id_utworu) values (92, 40);
insert into utwory_playlisty (id_playlisty, id_utworu) values (88, 375);
insert into utwory_playlisty (id_playlisty, id_utworu) values (4, 321);
insert into utwory_playlisty (id_playlisty, id_utworu) values (108, 481);
insert into utwory_playlisty (id_playlisty, id_utworu) values (159, 294);
insert into utwory_playlisty (id_playlisty, id_utworu) values (58, 425);
insert into utwory_playlisty (id_playlisty, id_utworu) values (86, 411);
insert into utwory_playlisty (id_playlisty, id_utworu) values (67, 312);
insert into utwory_playlisty (id_playlisty, id_utworu) values (105, 498);
insert into utwory_playlisty (id_playlisty, id_utworu) values (169, 2);
insert into utwory_playlisty (id_playlisty, id_utworu) values (55, 40);
insert into utwory_playlisty (id_playlisty, id_utworu) values (182, 355);
insert into utwory_playlisty (id_playlisty, id_utworu) values (75, 91);
insert into utwory_playlisty (id_playlisty, id_utworu) values (77, 108);
insert into utwory_playlisty (id_playlisty, id_utworu) values (35, 221);
insert into utwory_playlisty (id_playlisty, id_utworu) values (6, 190);
insert into utwory_playlisty (id_playlisty, id_utworu) values (74, 430);
insert into utwory_playlisty (id_playlisty, id_utworu) values (84, 103);
insert into utwory_playlisty (id_playlisty, id_utworu) values (101, 446);
insert into utwory_playlisty (id_playlisty, id_utworu) values (144, 19);
insert into utwory_playlisty (id_playlisty, id_utworu) values (91, 209);
insert into utwory_playlisty (id_playlisty, id_utworu) values (34, 379);
insert into utwory_playlisty (id_playlisty, id_utworu) values (166, 246);
insert into utwory_playlisty (id_playlisty, id_utworu) values (99, 366);
insert into utwory_playlisty (id_playlisty, id_utworu) values (184, 67);
insert into utwory_playlisty (id_playlisty, id_utworu) values (43, 410);
insert into utwory_playlisty (id_playlisty, id_utworu) values (6, 265);
insert into utwory_playlisty (id_playlisty, id_utworu) values (46, 150);
insert into utwory_playlisty (id_playlisty, id_utworu) values (127, 106);
insert into utwory_playlisty (id_playlisty, id_utworu) values (112, 392);
insert into utwory_playlisty (id_playlisty, id_utworu) values (146, 182);
insert into utwory_playlisty (id_playlisty, id_utworu) values (190, 33);
insert into utwory_playlisty (id_playlisty, id_utworu) values (132, 488);
insert into utwory_playlisty (id_playlisty, id_utworu) values (196, 328);
insert into utwory_playlisty (id_playlisty, id_utworu) values (176, 117);
insert into utwory_playlisty (id_playlisty, id_utworu) values (74, 377);
insert into utwory_playlisty (id_playlisty, id_utworu) values (53, 206);
insert into utwory_playlisty (id_playlisty, id_utworu) values (89, 47);
insert into utwory_playlisty (id_playlisty, id_utworu) values (160, 290);
insert into utwory_playlisty (id_playlisty, id_utworu) values (117, 439);
insert into utwory_playlisty (id_playlisty, id_utworu) values (2, 418);
insert into utwory_playlisty (id_playlisty, id_utworu) values (163, 354);
insert into utwory_playlisty (id_playlisty, id_utworu) values (190, 199);
insert into utwory_playlisty (id_playlisty, id_utworu) values (152, 492);
insert into utwory_playlisty (id_playlisty, id_utworu) values (6, 321);
insert into utwory_playlisty (id_playlisty, id_utworu) values (36, 385);
insert into utwory_playlisty (id_playlisty, id_utworu) values (157, 363);
insert into utwory_playlisty (id_playlisty, id_utworu) values (137, 20);
insert into utwory_playlisty (id_playlisty, id_utworu) values (14, 22);
insert into utwory_playlisty (id_playlisty, id_utworu) values (75, 72);
insert into utwory_playlisty (id_playlisty, id_utworu) values (75, 292);
insert into utwory_playlisty (id_playlisty, id_utworu) values (47, 418);
insert into utwory_playlisty (id_playlisty, id_utworu) values (52, 329);
insert into utwory_playlisty (id_playlisty, id_utworu) values (193, 260);
insert into utwory_playlisty (id_playlisty, id_utworu) values (93, 20);
insert into utwory_playlisty (id_playlisty, id_utworu) values (123, 158);
insert into utwory_playlisty (id_playlisty, id_utworu) values (132, 179);
insert into utwory_playlisty (id_playlisty, id_utworu) values (153, 213);
insert into utwory_playlisty (id_playlisty, id_utworu) values (60, 418);
insert into utwory_playlisty (id_playlisty, id_utworu) values (31, 329);
insert into utwory_playlisty (id_playlisty, id_utworu) values (49, 429);
insert into utwory_playlisty (id_playlisty, id_utworu) values (125, 149);
insert into utwory_playlisty (id_playlisty, id_utworu) values (132, 263);
insert into utwory_playlisty (id_playlisty, id_utworu) values (53, 415);
insert into utwory_playlisty (id_playlisty, id_utworu) values (191, 12);
insert into utwory_playlisty (id_playlisty, id_utworu) values (160, 469);
insert into utwory_playlisty (id_playlisty, id_utworu) values (82, 46);
insert into utwory_playlisty (id_playlisty, id_utworu) values (103, 376);
insert into utwory_playlisty (id_playlisty, id_utworu) values (192, 126);
insert into utwory_playlisty (id_playlisty, id_utworu) values (131, 19);
insert into utwory_playlisty (id_playlisty, id_utworu) values (147, 36);
insert into utwory_playlisty (id_playlisty, id_utworu) values (80, 55);
insert into utwory_playlisty (id_playlisty, id_utworu) values (151, 137);
insert into utwory_playlisty (id_playlisty, id_utworu) values (190, 102);
insert into utwory_playlisty (id_playlisty, id_utworu) values (190, 266);
insert into utwory_playlisty (id_playlisty, id_utworu) values (104, 206);
insert into utwory_playlisty (id_playlisty, id_utworu) values (19, 137);
insert into utwory_playlisty (id_playlisty, id_utworu) values (169, 90);
insert into utwory_playlisty (id_playlisty, id_utworu) values (25, 336);
insert into utwory_playlisty (id_playlisty, id_utworu) values (14, 68);
insert into utwory_playlisty (id_playlisty, id_utworu) values (197, 420);
insert into utwory_playlisty (id_playlisty, id_utworu) values (4, 200);
insert into utwory_playlisty (id_playlisty, id_utworu) values (192, 374);
insert into utwory_playlisty (id_playlisty, id_utworu) values (27, 49);
insert into utwory_playlisty (id_playlisty, id_utworu) values (55, 223);
insert into utwory_playlisty (id_playlisty, id_utworu) values (65, 45);
insert into utwory_playlisty (id_playlisty, id_utworu) values (106, 466);
insert into utwory_playlisty (id_playlisty, id_utworu) values (84, 440);
insert into utwory_playlisty (id_playlisty, id_utworu) values (84, 344);
insert into utwory_playlisty (id_playlisty, id_utworu) values (94, 228);
insert into utwory_playlisty (id_playlisty, id_utworu) values (150, 252);
insert into utwory_playlisty (id_playlisty, id_utworu) values (89, 482);
insert into utwory_playlisty (id_playlisty, id_utworu) values (39, 117);
insert into utwory_playlisty (id_playlisty, id_utworu) values (162, 168);
insert into utwory_playlisty (id_playlisty, id_utworu) values (47, 449);
insert into utwory_playlisty (id_playlisty, id_utworu) values (112, 99);
insert into utwory_playlisty (id_playlisty, id_utworu) values (195, 146);
insert into utwory_playlisty (id_playlisty, id_utworu) values (117, 217);
insert into utwory_playlisty (id_playlisty, id_utworu) values (148, 445);
insert into utwory_playlisty (id_playlisty, id_utworu) values (199, 399);
insert into utwory_playlisty (id_playlisty, id_utworu) values (158, 499);
insert into utwory_playlisty (id_playlisty, id_utworu) values (71, 264);
insert into utwory_playlisty (id_playlisty, id_utworu) values (140, 29);
insert into utwory_playlisty (id_playlisty, id_utworu) values (36, 401);
insert into utwory_playlisty (id_playlisty, id_utworu) values (104, 50);
insert into utwory_playlisty (id_playlisty, id_utworu) values (65, 384);
insert into utwory_playlisty (id_playlisty, id_utworu) values (185, 207);
insert into utwory_playlisty (id_playlisty, id_utworu) values (200, 279);
insert into utwory_playlisty (id_playlisty, id_utworu) values (86, 228);
insert into utwory_playlisty (id_playlisty, id_utworu) values (182, 183);
insert into utwory_playlisty (id_playlisty, id_utworu) values (36, 298);
insert into utwory_playlisty (id_playlisty, id_utworu) values (77, 89);
insert into utwory_playlisty (id_playlisty, id_utworu) values (180, 52);
insert into utwory_playlisty (id_playlisty, id_utworu) values (194, 275);
insert into utwory_playlisty (id_playlisty, id_utworu) values (66, 496);
insert into utwory_playlisty (id_playlisty, id_utworu) values (81, 182);
insert into utwory_playlisty (id_playlisty, id_utworu) values (68, 62);
insert into utwory_playlisty (id_playlisty, id_utworu) values (185, 77);
insert into utwory_playlisty (id_playlisty, id_utworu) values (96, 257);
insert into utwory_playlisty (id_playlisty, id_utworu) values (110, 60);
insert into utwory_playlisty (id_playlisty, id_utworu) values (40, 96);
insert into utwory_playlisty (id_playlisty, id_utworu) values (146, 242);
insert into utwory_playlisty (id_playlisty, id_utworu) values (123, 66);
insert into utwory_playlisty (id_playlisty, id_utworu) values (196, 422);
insert into utwory_playlisty (id_playlisty, id_utworu) values (56, 479);
insert into utwory_playlisty (id_playlisty, id_utworu) values (124, 148);
insert into utwory_playlisty (id_playlisty, id_utworu) values (181, 84);
insert into utwory_playlisty (id_playlisty, id_utworu) values (76, 362);
insert into utwory_playlisty (id_playlisty, id_utworu) values (118, 222);
insert into utwory_playlisty (id_playlisty, id_utworu) values (11, 189);
insert into utwory_playlisty (id_playlisty, id_utworu) values (120, 121);
insert into utwory_playlisty (id_playlisty, id_utworu) values (51, 165);
insert into utwory_playlisty (id_playlisty, id_utworu) values (130, 220);
insert into utwory_playlisty (id_playlisty, id_utworu) values (46, 116);
insert into utwory_playlisty (id_playlisty, id_utworu) values (43, 270);
insert into utwory_playlisty (id_playlisty, id_utworu) values (111, 10);
insert into utwory_playlisty (id_playlisty, id_utworu) values (80, 428);
insert into utwory_playlisty (id_playlisty, id_utworu) values (62, 334);
insert into utwory_playlisty (id_playlisty, id_utworu) values (50, 246);
insert into utwory_playlisty (id_playlisty, id_utworu) values (79, 31);
insert into utwory_playlisty (id_playlisty, id_utworu) values (31, 44);
insert into utwory_playlisty (id_playlisty, id_utworu) values (111, 102);
insert into utwory_playlisty (id_playlisty, id_utworu) values (29, 211);
insert into utwory_playlisty (id_playlisty, id_utworu) values (196, 298);
insert into utwory_playlisty (id_playlisty, id_utworu) values (195, 488);
insert into utwory_playlisty (id_playlisty, id_utworu) values (14, 463);
insert into utwory_playlisty (id_playlisty, id_utworu) values (60, 233);
insert into utwory_playlisty (id_playlisty, id_utworu) values (112, 69);
insert into utwory_playlisty (id_playlisty, id_utworu) values (173, 90);
insert into utwory_playlisty (id_playlisty, id_utworu) values (67, 35);
insert into utwory_playlisty (id_playlisty, id_utworu) values (178, 353);
insert into utwory_playlisty (id_playlisty, id_utworu) values (81, 344);
insert into utwory_playlisty (id_playlisty, id_utworu) values (105, 186);
insert into utwory_playlisty (id_playlisty, id_utworu) values (38, 23);
insert into utwory_playlisty (id_playlisty, id_utworu) values (17, 378);
insert into utwory_playlisty (id_playlisty, id_utworu) values (193, 389);
insert into utwory_playlisty (id_playlisty, id_utworu) values (36, 151);
insert into utwory_playlisty (id_playlisty, id_utworu) values (120, 436);
insert into utwory_playlisty (id_playlisty, id_utworu) values (92, 85);
insert into utwory_playlisty (id_playlisty, id_utworu) values (35, 22);
insert into utwory_playlisty (id_playlisty, id_utworu) values (188, 487);
insert into utwory_playlisty (id_playlisty, id_utworu) values (163, 177);
insert into utwory_playlisty (id_playlisty, id_utworu) values (140, 51);
insert into utwory_playlisty (id_playlisty, id_utworu) values (147, 206);
insert into utwory_playlisty (id_playlisty, id_utworu) values (109, 354);
insert into utwory_playlisty (id_playlisty, id_utworu) values (177, 467);
insert into utwory_playlisty (id_playlisty, id_utworu) values (39, 198);
insert into utwory_playlisty (id_playlisty, id_utworu) values (65, 257);
insert into utwory_playlisty (id_playlisty, id_utworu) values (27, 160);
insert into utwory_playlisty (id_playlisty, id_utworu) values (158, 339);
insert into utwory_playlisty (id_playlisty, id_utworu) values (156, 347);
insert into utwory_playlisty (id_playlisty, id_utworu) values (102, 107);
insert into utwory_playlisty (id_playlisty, id_utworu) values (33, 307);
insert into utwory_playlisty (id_playlisty, id_utworu) values (51, 244);
insert into utwory_playlisty (id_playlisty, id_utworu) values (81, 78);
insert into utwory_playlisty (id_playlisty, id_utworu) values (60, 315);
insert into utwory_playlisty (id_playlisty, id_utworu) values (124, 78);
insert into utwory_playlisty (id_playlisty, id_utworu) values (12, 30);
insert into utwory_playlisty (id_playlisty, id_utworu) values (123, 327);
insert into utwory_playlisty (id_playlisty, id_utworu) values (146, 253);
insert into utwory_playlisty (id_playlisty, id_utworu) values (26, 413);
insert into utwory_playlisty (id_playlisty, id_utworu) values (49, 330);
insert into utwory_playlisty (id_playlisty, id_utworu) values (95, 229);
insert into utwory_playlisty (id_playlisty, id_utworu) values (51, 93);
insert into utwory_playlisty (id_playlisty, id_utworu) values (116, 495);
insert into utwory_playlisty (id_playlisty, id_utworu) values (110, 406);
insert into utwory_playlisty (id_playlisty, id_utworu) values (170, 415);
insert into utwory_playlisty (id_playlisty, id_utworu) values (97, 318);
insert into utwory_playlisty (id_playlisty, id_utworu) values (160, 138);
insert into utwory_playlisty (id_playlisty, id_utworu) values (114, 395);
insert into utwory_playlisty (id_playlisty, id_utworu) values (83, 451);
insert into utwory_playlisty (id_playlisty, id_utworu) values (112, 14);
insert into utwory_playlisty (id_playlisty, id_utworu) values (91, 287);
insert into utwory_playlisty (id_playlisty, id_utworu) values (42, 124);
insert into utwory_playlisty (id_playlisty, id_utworu) values (57, 173);
insert into utwory_playlisty (id_playlisty, id_utworu) values (122, 399);
insert into utwory_playlisty (id_playlisty, id_utworu) values (170, 391);
insert into utwory_playlisty (id_playlisty, id_utworu) values (43, 43);
insert into utwory_playlisty (id_playlisty, id_utworu) values (8, 358);
insert into utwory_playlisty (id_playlisty, id_utworu) values (108, 313);
insert into utwory_playlisty (id_playlisty, id_utworu) values (139, 49);
insert into utwory_playlisty (id_playlisty, id_utworu) values (108, 215);
insert into utwory_playlisty (id_playlisty, id_utworu) values (109, 18);
insert into utwory_playlisty (id_playlisty, id_utworu) values (141, 247);
insert into utwory_playlisty (id_playlisty, id_utworu) values (64, 152);
insert into utwory_playlisty (id_playlisty, id_utworu) values (166, 418);
insert into utwory_playlisty (id_playlisty, id_utworu) values (10, 292);
insert into utwory_playlisty (id_playlisty, id_utworu) values (48, 37);
insert into utwory_playlisty (id_playlisty, id_utworu) values (32, 150);
insert into utwory_playlisty (id_playlisty, id_utworu) values (59, 231);
insert into utwory_playlisty (id_playlisty, id_utworu) values (29, 138);
insert into utwory_playlisty (id_playlisty, id_utworu) values (113, 51);
insert into utwory_playlisty (id_playlisty, id_utworu) values (87, 43);
insert into utwory_playlisty (id_playlisty, id_utworu) values (10, 496);
insert into utwory_playlisty (id_playlisty, id_utworu) values (68, 363);
insert into utwory_playlisty (id_playlisty, id_utworu) values (33, 412);
insert into utwory_playlisty (id_playlisty, id_utworu) values (47, 262);
insert into utwory_playlisty (id_playlisty, id_utworu) values (63, 138);
insert into utwory_playlisty (id_playlisty, id_utworu) values (136, 326);
insert into utwory_playlisty (id_playlisty, id_utworu) values (108, 50);
insert into utwory_playlisty (id_playlisty, id_utworu) values (89, 226);
insert into utwory_playlisty (id_playlisty, id_utworu) values (70, 89);
insert into utwory_playlisty (id_playlisty, id_utworu) values (61, 332);
insert into utwory_playlisty (id_playlisty, id_utworu) values (108, 285);
insert into utwory_playlisty (id_playlisty, id_utworu) values (191, 454);
insert into utwory_playlisty (id_playlisty, id_utworu) values (41, 116);
insert into utwory_playlisty (id_playlisty, id_utworu) values (63, 417);
insert into utwory_playlisty (id_playlisty, id_utworu) values (29, 387);
insert into utwory_playlisty (id_playlisty, id_utworu) values (24, 153);
insert into utwory_playlisty (id_playlisty, id_utworu) values (198, 302);
insert into utwory_playlisty (id_playlisty, id_utworu) values (109, 349);
insert into utwory_playlisty (id_playlisty, id_utworu) values (29, 458);
insert into utwory_playlisty (id_playlisty, id_utworu) values (62, 305);
insert into utwory_playlisty (id_playlisty, id_utworu) values (132, 64);
insert into utwory_playlisty (id_playlisty, id_utworu) values (119, 325);
insert into utwory_playlisty (id_playlisty, id_utworu) values (172, 127);
insert into utwory_playlisty (id_playlisty, id_utworu) values (39, 83);
insert into utwory_playlisty (id_playlisty, id_utworu) values (5, 16);
insert into utwory_playlisty (id_playlisty, id_utworu) values (33, 33);
insert into utwory_playlisty (id_playlisty, id_utworu) values (46, 444);
insert into utwory_playlisty (id_playlisty, id_utworu) values (98, 228);
insert into utwory_playlisty (id_playlisty, id_utworu) values (23, 181);
insert into utwory_playlisty (id_playlisty, id_utworu) values (1, 67);
insert into utwory_playlisty (id_playlisty, id_utworu) values (1, 105);
insert into utwory_playlisty (id_playlisty, id_utworu) values (87, 432);
insert into utwory_playlisty (id_playlisty, id_utworu) values (143, 134);
insert into utwory_playlisty (id_playlisty, id_utworu) values (182, 349);
insert into utwory_playlisty (id_playlisty, id_utworu) values (149, 283);
insert into utwory_playlisty (id_playlisty, id_utworu) values (151, 289);
insert into utwory_playlisty (id_playlisty, id_utworu) values (111, 374);
insert into utwory_playlisty (id_playlisty, id_utworu) values (63, 480);
insert into utwory_playlisty (id_playlisty, id_utworu) values (183, 477);
insert into utwory_playlisty (id_playlisty, id_utworu) values (143, 182);
insert into utwory_playlisty (id_playlisty, id_utworu) values (45, 146);
insert into utwory_playlisty (id_playlisty, id_utworu) values (44, 205);
insert into utwory_playlisty (id_playlisty, id_utworu) values (95, 462);
insert into utwory_playlisty (id_playlisty, id_utworu) values (200, 94);
insert into utwory_playlisty (id_playlisty, id_utworu) values (158, 451);
insert into utwory_playlisty (id_playlisty, id_utworu) values (119, 383);
insert into utwory_playlisty (id_playlisty, id_utworu) values (80, 18);
insert into utwory_playlisty (id_playlisty, id_utworu) values (169, 62);
insert into utwory_playlisty (id_playlisty, id_utworu) values (166, 281);
insert into utwory_playlisty (id_playlisty, id_utworu) values (58, 214);
insert into utwory_playlisty (id_playlisty, id_utworu) values (147, 451);
insert into utwory_playlisty (id_playlisty, id_utworu) values (7, 62);
insert into utwory_playlisty (id_playlisty, id_utworu) values (2, 93);
insert into utwory_playlisty (id_playlisty, id_utworu) values (117, 298);
insert into utwory_playlisty (id_playlisty, id_utworu) values (36, 443);
insert into utwory_playlisty (id_playlisty, id_utworu) values (52, 49);
insert into utwory_playlisty (id_playlisty, id_utworu) values (107, 233);
insert into utwory_playlisty (id_playlisty, id_utworu) values (85, 31);
insert into utwory_playlisty (id_playlisty, id_utworu) values (146, 26);
insert into utwory_playlisty (id_playlisty, id_utworu) values (29, 257);
insert into utwory_playlisty (id_playlisty, id_utworu) values (157, 394);
insert into utwory_playlisty (id_playlisty, id_utworu) values (107, 436);
insert into utwory_playlisty (id_playlisty, id_utworu) values (169, 347);
insert into utwory_playlisty (id_playlisty, id_utworu) values (187, 286);
insert into utwory_playlisty (id_playlisty, id_utworu) values (93, 270);
insert into utwory_playlisty (id_playlisty, id_utworu) values (75, 163);
insert into utwory_playlisty (id_playlisty, id_utworu) values (35, 332);
insert into utwory_playlisty (id_playlisty, id_utworu) values (14, 270);
insert into utwory_playlisty (id_playlisty, id_utworu) values (195, 369);
insert into utwory_playlisty (id_playlisty, id_utworu) values (186, 383);
insert into utwory_playlisty (id_playlisty, id_utworu) values (16, 322);
insert into utwory_playlisty (id_playlisty, id_utworu) values (98, 334);
insert into utwory_playlisty (id_playlisty, id_utworu) values (126, 86);
insert into utwory_playlisty (id_playlisty, id_utworu) values (128, 20);
insert into utwory_playlisty (id_playlisty, id_utworu) values (154, 171);
insert into utwory_playlisty (id_playlisty, id_utworu) values (4, 289);
insert into utwory_playlisty (id_playlisty, id_utworu) values (178, 168);
insert into utwory_playlisty (id_playlisty, id_utworu) values (43, 139);
insert into utwory_playlisty (id_playlisty, id_utworu) values (70, 343);
insert into utwory_playlisty (id_playlisty, id_utworu) values (187, 432);
insert into utwory_playlisty (id_playlisty, id_utworu) values (71, 131);
insert into utwory_playlisty (id_playlisty, id_utworu) values (165, 386);
insert into utwory_playlisty (id_playlisty, id_utworu) values (118, 9);
insert into utwory_playlisty (id_playlisty, id_utworu) values (22, 299);
insert into utwory_playlisty (id_playlisty, id_utworu) values (167, 117);
insert into utwory_playlisty (id_playlisty, id_utworu) values (138, 85);
insert into utwory_playlisty (id_playlisty, id_utworu) values (132, 148);
insert into utwory_playlisty (id_playlisty, id_utworu) values (80, 172);
insert into utwory_playlisty (id_playlisty, id_utworu) values (199, 382);
insert into utwory_playlisty (id_playlisty, id_utworu) values (170, 320);
insert into utwory_playlisty (id_playlisty, id_utworu) values (51, 34);
insert into utwory_playlisty (id_playlisty, id_utworu) values (79, 333);
insert into utwory_playlisty (id_playlisty, id_utworu) values (159, 457);
insert into utwory_playlisty (id_playlisty, id_utworu) values (162, 75);
insert into utwory_playlisty (id_playlisty, id_utworu) values (160, 205);
insert into utwory_playlisty (id_playlisty, id_utworu) values (141, 84);
insert into utwory_playlisty (id_playlisty, id_utworu) values (81, 336);
insert into utwory_playlisty (id_playlisty, id_utworu) values (200, 216);
insert into utwory_playlisty (id_playlisty, id_utworu) values (169, 204);
insert into utwory_playlisty (id_playlisty, id_utworu) values (47, 9);
insert into utwory_playlisty (id_playlisty, id_utworu) values (160, 325);
insert into utwory_playlisty (id_playlisty, id_utworu) values (23, 412);
insert into utwory_playlisty (id_playlisty, id_utworu) values (39, 294);
insert into utwory_playlisty (id_playlisty, id_utworu) values (15, 250);
insert into utwory_playlisty (id_playlisty, id_utworu) values (194, 184);
insert into utwory_playlisty (id_playlisty, id_utworu) values (119, 139);
insert into utwory_playlisty (id_playlisty, id_utworu) values (101, 85);
insert into utwory_playlisty (id_playlisty, id_utworu) values (92, 17);
insert into utwory_playlisty (id_playlisty, id_utworu) values (177, 228);
insert into utwory_playlisty (id_playlisty, id_utworu) values (101, 217);
insert into utwory_playlisty (id_playlisty, id_utworu) values (9, 131);
insert into utwory_playlisty (id_playlisty, id_utworu) values (158, 116);
insert into utwory_playlisty (id_playlisty, id_utworu) values (160, 281);
insert into utwory_playlisty (id_playlisty, id_utworu) values (6, 227);
insert into utwory_playlisty (id_playlisty, id_utworu) values (189, 204);
insert into utwory_playlisty (id_playlisty, id_utworu) values (200, 265);
insert into utwory_playlisty (id_playlisty, id_utworu) values (97, 472);
insert into utwory_playlisty (id_playlisty, id_utworu) values (196, 410);
insert into utwory_playlisty (id_playlisty, id_utworu) values (195, 489);
insert into utwory_playlisty (id_playlisty, id_utworu) values (24, 181);
insert into utwory_playlisty (id_playlisty, id_utworu) values (194, 155);
insert into utwory_playlisty (id_playlisty, id_utworu) values (110, 420);
insert into utwory_playlisty (id_playlisty, id_utworu) values (156, 238);
insert into utwory_playlisty (id_playlisty, id_utworu) values (41, 9);
insert into utwory_playlisty (id_playlisty, id_utworu) values (5, 404);
insert into utwory_playlisty (id_playlisty, id_utworu) values (109, 65);
insert into utwory_playlisty (id_playlisty, id_utworu) values (109, 261);
insert into utwory_playlisty (id_playlisty, id_utworu) values (152, 460);
insert into utwory_playlisty (id_playlisty, id_utworu) values (65, 326);
insert into utwory_playlisty (id_playlisty, id_utworu) values (171, 53);
insert into utwory_playlisty (id_playlisty, id_utworu) values (79, 237);
insert into utwory_playlisty (id_playlisty, id_utworu) values (80, 155);
insert into utwory_playlisty (id_playlisty, id_utworu) values (169, 465);
insert into utwory_playlisty (id_playlisty, id_utworu) values (39, 262);
insert into utwory_playlisty (id_playlisty, id_utworu) values (166, 134);
insert into utwory_playlisty (id_playlisty, id_utworu) values (35, 302);
insert into utwory_playlisty (id_playlisty, id_utworu) values (118, 425);
insert into utwory_playlisty (id_playlisty, id_utworu) values (27, 227);
insert into utwory_playlisty (id_playlisty, id_utworu) values (61, 26);
insert into utwory_playlisty (id_playlisty, id_utworu) values (55, 243);
insert into utwory_playlisty (id_playlisty, id_utworu) values (199, 193);
insert into utwory_playlisty (id_playlisty, id_utworu) values (133, 476);
insert into utwory_playlisty (id_playlisty, id_utworu) values (144, 23);
insert into utwory_playlisty (id_playlisty, id_utworu) values (50, 480);
insert into utwory_playlisty (id_playlisty, id_utworu) values (195, 419);
insert into utwory_playlisty (id_playlisty, id_utworu) values (76, 399);
insert into utwory_playlisty (id_playlisty, id_utworu) values (44, 394);
insert into utwory_playlisty (id_playlisty, id_utworu) values (151, 440);
insert into utwory_playlisty (id_playlisty, id_utworu) values (160, 123);
insert into utwory_playlisty (id_playlisty, id_utworu) values (181, 265);
insert into utwory_playlisty (id_playlisty, id_utworu) values (150, 294);
insert into utwory_playlisty (id_playlisty, id_utworu) values (163, 240);
insert into utwory_playlisty (id_playlisty, id_utworu) values (169, 198);
insert into utwory_playlisty (id_playlisty, id_utworu) values (188, 191);
insert into utwory_playlisty (id_playlisty, id_utworu) values (115, 104);
insert into utwory_playlisty (id_playlisty, id_utworu) values (9, 222);
insert into utwory_playlisty (id_playlisty, id_utworu) values (1, 452);
insert into utwory_playlisty (id_playlisty, id_utworu) values (35, 150);
insert into utwory_playlisty (id_playlisty, id_utworu) values (43, 427);
insert into utwory_playlisty (id_playlisty, id_utworu) values (152, 239);
insert into utwory_playlisty (id_playlisty, id_utworu) values (9, 150);
insert into utwory_playlisty (id_playlisty, id_utworu) values (109, 500);
insert into utwory_playlisty (id_playlisty, id_utworu) values (126, 284);
insert into utwory_playlisty (id_playlisty, id_utworu) values (77, 484);
insert into utwory_playlisty (id_playlisty, id_utworu) values (43, 191);
insert into utwory_playlisty (id_playlisty, id_utworu) values (63, 180);
insert into utwory_playlisty (id_playlisty, id_utworu) values (101, 317);
insert into utwory_playlisty (id_playlisty, id_utworu) values (142, 118);
insert into utwory_playlisty (id_playlisty, id_utworu) values (4, 26);
insert into utwory_playlisty (id_playlisty, id_utworu) values (153, 224);
insert into utwory_playlisty (id_playlisty, id_utworu) values (169, 217);
insert into utwory_playlisty (id_playlisty, id_utworu) values (144, 118);
insert into utwory_playlisty (id_playlisty, id_utworu) values (160, 37);
insert into utwory_playlisty (id_playlisty, id_utworu) values (190, 135);
insert into utwory_playlisty (id_playlisty, id_utworu) values (64, 93);
insert into utwory_playlisty (id_playlisty, id_utworu) values (13, 359);
insert into utwory_playlisty (id_playlisty, id_utworu) values (160, 252);
insert into utwory_playlisty (id_playlisty, id_utworu) values (131, 75);
insert into utwory_playlisty (id_playlisty, id_utworu) values (149, 99);
insert into utwory_playlisty (id_playlisty, id_utworu) values (4, 307);
insert into utwory_playlisty (id_playlisty, id_utworu) values (44, 199);
insert into utwory_playlisty (id_playlisty, id_utworu) values (59, 82);
insert into utwory_playlisty (id_playlisty, id_utworu) values (110, 193);
insert into utwory_playlisty (id_playlisty, id_utworu) values (152, 266);
insert into utwory_playlisty (id_playlisty, id_utworu) values (109, 273);
insert into utwory_playlisty (id_playlisty, id_utworu) values (74, 378);
insert into utwory_playlisty (id_playlisty, id_utworu) values (133, 297);
insert into utwory_playlisty (id_playlisty, id_utworu) values (195, 493);
insert into utwory_playlisty (id_playlisty, id_utworu) values (31, 491);
insert into utwory_playlisty (id_playlisty, id_utworu) values (74, 449);
insert into utwory_playlisty (id_playlisty, id_utworu) values (26, 215);
insert into utwory_playlisty (id_playlisty, id_utworu) values (83, 6);
insert into utwory_playlisty (id_playlisty, id_utworu) values (105, 121);
insert into utwory_playlisty (id_playlisty, id_utworu) values (27, 16);
insert into utwory_playlisty (id_playlisty, id_utworu) values (153, 175);
insert into utwory_playlisty (id_playlisty, id_utworu) values (113, 89);
insert into utwory_playlisty (id_playlisty, id_utworu) values (144, 404);
insert into utwory_playlisty (id_playlisty, id_utworu) values (116, 156);
insert into utwory_playlisty (id_playlisty, id_utworu) values (185, 347);
insert into utwory_playlisty (id_playlisty, id_utworu) values (24, 92);
insert into utwory_playlisty (id_playlisty, id_utworu) values (197, 268);
insert into utwory_playlisty (id_playlisty, id_utworu) values (24, 47);
insert into utwory_playlisty (id_playlisty, id_utworu) values (141, 401);
insert into utwory_playlisty (id_playlisty, id_utworu) values (50, 419);
insert into utwory_playlisty (id_playlisty, id_utworu) values (161, 218);
insert into utwory_playlisty (id_playlisty, id_utworu) values (60, 347);
insert into utwory_playlisty (id_playlisty, id_utworu) values (100, 265);
insert into utwory_playlisty (id_playlisty, id_utworu) values (61, 373);
insert into utwory_playlisty (id_playlisty, id_utworu) values (187, 108);
insert into utwory_playlisty (id_playlisty, id_utworu) values (5, 242);
insert into utwory_playlisty (id_playlisty, id_utworu) values (180, 227);
insert into utwory_playlisty (id_playlisty, id_utworu) values (16, 11);
insert into utwory_playlisty (id_playlisty, id_utworu) values (35, 41);
insert into utwory_playlisty (id_playlisty, id_utworu) values (12, 409);
insert into utwory_playlisty (id_playlisty, id_utworu) values (23, 432);
insert into utwory_playlisty (id_playlisty, id_utworu) values (99, 194);
insert into utwory_playlisty (id_playlisty, id_utworu) values (200, 70);
insert into utwory_playlisty (id_playlisty, id_utworu) values (122, 441);
insert into utwory_playlisty (id_playlisty, id_utworu) values (32, 425);
insert into utwory_playlisty (id_playlisty, id_utworu) values (141, 398);
insert into utwory_playlisty (id_playlisty, id_utworu) values (186, 288);
insert into utwory_playlisty (id_playlisty, id_utworu) values (29, 110);
insert into utwory_playlisty (id_playlisty, id_utworu) values (133, 431);
insert into utwory_playlisty (id_playlisty, id_utworu) values (200, 76);
insert into utwory_playlisty (id_playlisty, id_utworu) values (94, 430);
insert into utwory_playlisty (id_playlisty, id_utworu) values (97, 96);
insert into utwory_playlisty (id_playlisty, id_utworu) values (19, 331);
insert into utwory_playlisty (id_playlisty, id_utworu) values (52, 394);
insert into utwory_playlisty (id_playlisty, id_utworu) values (114, 68);
insert into utwory_playlisty (id_playlisty, id_utworu) values (74, 149);
insert into utwory_playlisty (id_playlisty, id_utworu) values (45, 218);
insert into utwory_playlisty (id_playlisty, id_utworu) values (4, 366);
insert into utwory_playlisty (id_playlisty, id_utworu) values (133, 118);
insert into utwory_playlisty (id_playlisty, id_utworu) values (62, 84);
insert into utwory_playlisty (id_playlisty, id_utworu) values (105, 28);
insert into utwory_playlisty (id_playlisty, id_utworu) values (11, 455);
insert into utwory_playlisty (id_playlisty, id_utworu) values (93, 188);
insert into utwory_playlisty (id_playlisty, id_utworu) values (87, 388);
insert into utwory_playlisty (id_playlisty, id_utworu) values (152, 340);
insert into utwory_playlisty (id_playlisty, id_utworu) values (104, 447);
insert into utwory_playlisty (id_playlisty, id_utworu) values (186, 241);
insert into utwory_playlisty (id_playlisty, id_utworu) values (142, 22);
insert into utwory_playlisty (id_playlisty, id_utworu) values (93, 60);
insert into utwory_playlisty (id_playlisty, id_utworu) values (23, 192);
insert into utwory_playlisty (id_playlisty, id_utworu) values (130, 70);
insert into utwory_playlisty (id_playlisty, id_utworu) values (116, 427);
insert into utwory_playlisty (id_playlisty, id_utworu) values (197, 196);
insert into utwory_playlisty (id_playlisty, id_utworu) values (13, 338);
insert into utwory_playlisty (id_playlisty, id_utworu) values (77, 242);
insert into utwory_playlisty (id_playlisty, id_utworu) values (68, 171);
insert into utwory_playlisty (id_playlisty, id_utworu) values (53, 209);
insert into utwory_playlisty (id_playlisty, id_utworu) values (147, 107);
insert into utwory_playlisty (id_playlisty, id_utworu) values (24, 476);
insert into utwory_playlisty (id_playlisty, id_utworu) values (4, 60);
insert into utwory_playlisty (id_playlisty, id_utworu) values (154, 337);
insert into utwory_playlisty (id_playlisty, id_utworu) values (174, 316);
insert into utwory_playlisty (id_playlisty, id_utworu) values (105, 30);
insert into utwory_playlisty (id_playlisty, id_utworu) values (179, 468);
insert into utwory_playlisty (id_playlisty, id_utworu) values (6, 244);
insert into utwory_playlisty (id_playlisty, id_utworu) values (127, 394);
insert into utwory_playlisty (id_playlisty, id_utworu) values (174, 474);
insert into utwory_playlisty (id_playlisty, id_utworu) values (10, 203);
insert into utwory_playlisty (id_playlisty, id_utworu) values (58, 322);
insert into utwory_playlisty (id_playlisty, id_utworu) values (55, 333);
insert into utwory_playlisty (id_playlisty, id_utworu) values (111, 115);
insert into utwory_playlisty (id_playlisty, id_utworu) values (63, 431);
insert into utwory_playlisty (id_playlisty, id_utworu) values (24, 349);
insert into utwory_playlisty (id_playlisty, id_utworu) values (199, 268);
insert into utwory_playlisty (id_playlisty, id_utworu) values (37, 447);
insert into utwory_playlisty (id_playlisty, id_utworu) values (144, 242);
insert into utwory_playlisty (id_playlisty, id_utworu) values (159, 138);
insert into utwory_playlisty (id_playlisty, id_utworu) values (191, 39);
insert into utwory_playlisty (id_playlisty, id_utworu) values (46, 196);
insert into utwory_playlisty (id_playlisty, id_utworu) values (162, 245);
insert into utwory_playlisty (id_playlisty, id_utworu) values (132, 255);
insert into utwory_playlisty (id_playlisty, id_utworu) values (21, 493);
insert into utwory_playlisty (id_playlisty, id_utworu) values (51, 147);
insert into utwory_playlisty (id_playlisty, id_utworu) values (6, 240);
insert into utwory_playlisty (id_playlisty, id_utworu) values (103, 8);
insert into utwory_playlisty (id_playlisty, id_utworu) values (197, 168);
insert into utwory_playlisty (id_playlisty, id_utworu) values (102, 191);
insert into utwory_playlisty (id_playlisty, id_utworu) values (163, 238);
insert into utwory_playlisty (id_playlisty, id_utworu) values (184, 494);
insert into utwory_playlisty (id_playlisty, id_utworu) values (27, 438);
insert into utwory_playlisty (id_playlisty, id_utworu) values (170, 375);
insert into utwory_playlisty (id_playlisty, id_utworu) values (85, 214);
insert into utwory_playlisty (id_playlisty, id_utworu) values (195, 119);
insert into utwory_playlisty (id_playlisty, id_utworu) values (171, 147);
insert into utwory_playlisty (id_playlisty, id_utworu) values (26, 255);
insert into utwory_playlisty (id_playlisty, id_utworu) values (126, 190);
insert into utwory_playlisty (id_playlisty, id_utworu) values (35, 462);
insert into utwory_playlisty (id_playlisty, id_utworu) values (118, 334);
insert into utwory_playlisty (id_playlisty, id_utworu) values (130, 248);
insert into utwory_playlisty (id_playlisty, id_utworu) values (195, 252);
insert into utwory_playlisty (id_playlisty, id_utworu) values (195, 368);
insert into utwory_playlisty (id_playlisty, id_utworu) values (120, 318);
insert into utwory_playlisty (id_playlisty, id_utworu) values (90, 372);
insert into utwory_playlisty (id_playlisty, id_utworu) values (104, 311);
insert into utwory_playlisty (id_playlisty, id_utworu) values (81, 36);
insert into utwory_playlisty (id_playlisty, id_utworu) values (178, 480);
insert into utwory_playlisty (id_playlisty, id_utworu) values (172, 150);
insert into utwory_playlisty (id_playlisty, id_utworu) values (27, 110);
insert into utwory_playlisty (id_playlisty, id_utworu) values (67, 93);
insert into utwory_playlisty (id_playlisty, id_utworu) values (90, 39);
insert into utwory_playlisty (id_playlisty, id_utworu) values (81, 180);
insert into utwory_playlisty (id_playlisty, id_utworu) values (129, 122);
insert into utwory_playlisty (id_playlisty, id_utworu) values (135, 447);
insert into utwory_playlisty (id_playlisty, id_utworu) values (197, 142);
insert into utwory_playlisty (id_playlisty, id_utworu) values (183, 213);
insert into utwory_playlisty (id_playlisty, id_utworu) values (82, 452);
insert into utwory_playlisty (id_playlisty, id_utworu) values (176, 125);
insert into utwory_playlisty (id_playlisty, id_utworu) values (51, 456);
insert into utwory_playlisty (id_playlisty, id_utworu) values (96, 79);
insert into utwory_playlisty (id_playlisty, id_utworu) values (184, 70);
insert into utwory_playlisty (id_playlisty, id_utworu) values (39, 106);
insert into utwory_playlisty (id_playlisty, id_utworu) values (143, 443);
insert into utwory_playlisty (id_playlisty, id_utworu) values (111, 188);
insert into utwory_playlisty (id_playlisty, id_utworu) values (118, 294);
insert into utwory_playlisty (id_playlisty, id_utworu) values (181, 421);
insert into utwory_playlisty (id_playlisty, id_utworu) values (72, 411);
insert into utwory_playlisty (id_playlisty, id_utworu) values (130, 32);
insert into utwory_playlisty (id_playlisty, id_utworu) values (32, 437);
insert into utwory_playlisty (id_playlisty, id_utworu) values (148, 194);
insert into utwory_playlisty (id_playlisty, id_utworu) values (14, 153);
insert into utwory_playlisty (id_playlisty, id_utworu) values (83, 109);
insert into utwory_playlisty (id_playlisty, id_utworu) values (12, 66);
insert into utwory_playlisty (id_playlisty, id_utworu) values (152, 204);
insert into utwory_playlisty (id_playlisty, id_utworu) values (135, 262);
insert into utwory_playlisty (id_playlisty, id_utworu) values (163, 381);
insert into utwory_playlisty (id_playlisty, id_utworu) values (190, 363);
insert into utwory_playlisty (id_playlisty, id_utworu) values (191, 417);
insert into utwory_playlisty (id_playlisty, id_utworu) values (8, 357);
insert into utwory_playlisty (id_playlisty, id_utworu) values (62, 331);
insert into utwory_playlisty (id_playlisty, id_utworu) values (30, 378);
insert into utwory_playlisty (id_playlisty, id_utworu) values (112, 431);
insert into utwory_playlisty (id_playlisty, id_utworu) values (156, 430);
insert into utwory_playlisty (id_playlisty, id_utworu) values (189, 132);
insert into utwory_playlisty (id_playlisty, id_utworu) values (96, 267);
insert into utwory_playlisty (id_playlisty, id_utworu) values (48, 173);
insert into utwory_playlisty (id_playlisty, id_utworu) values (6, 107);
insert into utwory_playlisty (id_playlisty, id_utworu) values (133, 199);
insert into utwory_playlisty (id_playlisty, id_utworu) values (153, 339);
insert into utwory_playlisty (id_playlisty, id_utworu) values (159, 395);
insert into utwory_playlisty (id_playlisty, id_utworu) values (98, 416);
insert into utwory_playlisty (id_playlisty, id_utworu) values (46, 12);
insert into utwory_playlisty (id_playlisty, id_utworu) values (37, 241);
insert into utwory_playlisty (id_playlisty, id_utworu) values (74, 425);
insert into utwory_playlisty (id_playlisty, id_utworu) values (189, 138);
insert into utwory_playlisty (id_playlisty, id_utworu) values (44, 120);
insert into utwory_playlisty (id_playlisty, id_utworu) values (35, 368);
insert into utwory_playlisty (id_playlisty, id_utworu) values (53, 452);
insert into utwory_playlisty (id_playlisty, id_utworu) values (150, 298);
insert into utwory_playlisty (id_playlisty, id_utworu) values (48, 122);
insert into utwory_playlisty (id_playlisty, id_utworu) values (88, 5);
insert into utwory_playlisty (id_playlisty, id_utworu) values (169, 223);
insert into utwory_playlisty (id_playlisty, id_utworu) values (136, 357);
insert into utwory_playlisty (id_playlisty, id_utworu) values (99, 60);
insert into utwory_playlisty (id_playlisty, id_utworu) values (100, 417);
insert into utwory_playlisty (id_playlisty, id_utworu) values (73, 431);
insert into utwory_playlisty (id_playlisty, id_utworu) values (193, 74);
insert into utwory_playlisty (id_playlisty, id_utworu) values (118, 388);
insert into utwory_playlisty (id_playlisty, id_utworu) values (81, 135);
insert into utwory_playlisty (id_playlisty, id_utworu) values (125, 232);
insert into utwory_playlisty (id_playlisty, id_utworu) values (7, 418);
insert into utwory_playlisty (id_playlisty, id_utworu) values (39, 157);
insert into utwory_playlisty (id_playlisty, id_utworu) values (43, 322);
insert into utwory_playlisty (id_playlisty, id_utworu) values (51, 440);
insert into utwory_playlisty (id_playlisty, id_utworu) values (162, 267);
insert into utwory_playlisty (id_playlisty, id_utworu) values (10, 168);
insert into utwory_playlisty (id_playlisty, id_utworu) values (69, 110);
insert into utwory_playlisty (id_playlisty, id_utworu) values (92, 182);
insert into utwory_playlisty (id_playlisty, id_utworu) values (49, 278);
insert into utwory_playlisty (id_playlisty, id_utworu) values (195, 447);
insert into utwory_playlisty (id_playlisty, id_utworu) values (102, 371);
insert into utwory_playlisty (id_playlisty, id_utworu) values (18, 1);
insert into utwory_playlisty (id_playlisty, id_utworu) values (117, 400);
insert into utwory_playlisty (id_playlisty, id_utworu) values (26, 209);
insert into utwory_playlisty (id_playlisty, id_utworu) values (17, 484);
insert into utwory_playlisty (id_playlisty, id_utworu) values (31, 332);
insert into utwory_playlisty (id_playlisty, id_utworu) values (75, 145);
insert into utwory_playlisty (id_playlisty, id_utworu) values (106, 117);
insert into utwory_playlisty (id_playlisty, id_utworu) values (104, 317);
insert into utwory_playlisty (id_playlisty, id_utworu) values (2, 393);
insert into utwory_playlisty (id_playlisty, id_utworu) values (145, 13);
insert into utwory_playlisty (id_playlisty, id_utworu) values (110, 67);
insert into utwory_playlisty (id_playlisty, id_utworu) values (24, 1);
insert into utwory_playlisty (id_playlisty, id_utworu) values (108, 487);
insert into utwory_playlisty (id_playlisty, id_utworu) values (169, 199);
insert into utwory_playlisty (id_playlisty, id_utworu) values (91, 304);
insert into utwory_playlisty (id_playlisty, id_utworu) values (140, 365);
insert into utwory_playlisty (id_playlisty, id_utworu) values (87, 10);
insert into utwory_playlisty (id_playlisty, id_utworu) values (33, 88);
insert into utwory_playlisty (id_playlisty, id_utworu) values (30, 402);
insert into utwory_playlisty (id_playlisty, id_utworu) values (20, 213);
insert into utwory_playlisty (id_playlisty, id_utworu) values (185, 323);
insert into utwory_playlisty (id_playlisty, id_utworu) values (82, 61);
insert into utwory_playlisty (id_playlisty, id_utworu) values (162, 497);
insert into utwory_playlisty (id_playlisty, id_utworu) values (120, 452);
insert into utwory_playlisty (id_playlisty, id_utworu) values (24, 437);
insert into utwory_playlisty (id_playlisty, id_utworu) values (8, 193);
insert into utwory_playlisty (id_playlisty, id_utworu) values (131, 270);
insert into utwory_playlisty (id_playlisty, id_utworu) values (197, 16);
insert into utwory_playlisty (id_playlisty, id_utworu) values (171, 14);
insert into utwory_playlisty (id_playlisty, id_utworu) values (167, 239);
insert into utwory_playlisty (id_playlisty, id_utworu) values (126, 220);
insert into utwory_playlisty (id_playlisty, id_utworu) values (194, 362);
insert into utwory_playlisty (id_playlisty, id_utworu) values (21, 67);
insert into utwory_playlisty (id_playlisty, id_utworu) values (122, 425);
insert into utwory_playlisty (id_playlisty, id_utworu) values (158, 346);
insert into utwory_playlisty (id_playlisty, id_utworu) values (185, 111);
insert into utwory_playlisty (id_playlisty, id_utworu) values (1, 247);
insert into utwory_playlisty (id_playlisty, id_utworu) values (135, 279);
insert into utwory_playlisty (id_playlisty, id_utworu) values (145, 55);
insert into utwory_playlisty (id_playlisty, id_utworu) values (152, 212);
insert into utwory_playlisty (id_playlisty, id_utworu) values (160, 128);
insert into utwory_playlisty (id_playlisty, id_utworu) values (176, 385);
insert into utwory_playlisty (id_playlisty, id_utworu) values (63, 211);
insert into utwory_playlisty (id_playlisty, id_utworu) values (183, 333);
insert into utwory_playlisty (id_playlisty, id_utworu) values (5, 127);
insert into utwory_playlisty (id_playlisty, id_utworu) values (61, 407);
insert into utwory_playlisty (id_playlisty, id_utworu) values (22, 60);
insert into utwory_playlisty (id_playlisty, id_utworu) values (108, 386);
insert into utwory_playlisty (id_playlisty, id_utworu) values (186, 306);
insert into utwory_playlisty (id_playlisty, id_utworu) values (47, 309);
insert into utwory_playlisty (id_playlisty, id_utworu) values (10, 117);
insert into utwory_playlisty (id_playlisty, id_utworu) values (149, 35);
insert into utwory_playlisty (id_playlisty, id_utworu) values (67, 162);
insert into utwory_playlisty (id_playlisty, id_utworu) values (95, 270);
insert into utwory_playlisty (id_playlisty, id_utworu) values (52, 385);
insert into utwory_playlisty (id_playlisty, id_utworu) values (18, 54);
insert into utwory_playlisty (id_playlisty, id_utworu) values (141, 234);
insert into utwory_playlisty (id_playlisty, id_utworu) values (106, 66);
insert into utwory_playlisty (id_playlisty, id_utworu) values (7, 469);
insert into utwory_playlisty (id_playlisty, id_utworu) values (127, 194);
insert into utwory_playlisty (id_playlisty, id_utworu) values (113, 316);
insert into utwory_playlisty (id_playlisty, id_utworu) values (33, 59);
insert into utwory_playlisty (id_playlisty, id_utworu) values (116, 308);
insert into utwory_playlisty (id_playlisty, id_utworu) values (145, 400);
insert into utwory_playlisty (id_playlisty, id_utworu) values (162, 13);
insert into utwory_playlisty (id_playlisty, id_utworu) values (118, 71);
insert into utwory_playlisty (id_playlisty, id_utworu) values (169, 158);
insert into utwory_playlisty (id_playlisty, id_utworu) values (26, 288);
insert into utwory_playlisty (id_playlisty, id_utworu) values (62, 265);
insert into utwory_playlisty (id_playlisty, id_utworu) values (111, 425);
insert into utwory_playlisty (id_playlisty, id_utworu) values (62, 192);
insert into utwory_playlisty (id_playlisty, id_utworu) values (50, 253);
insert into utwory_playlisty (id_playlisty, id_utworu) values (192, 285);
insert into utwory_playlisty (id_playlisty, id_utworu) values (116, 5);
insert into utwory_playlisty (id_playlisty, id_utworu) values (85, 221);
insert into utwory_playlisty (id_playlisty, id_utworu) values (90, 359);
create or replace function autor_role (autor int, utwory_autorzy int) returns text as
$$
declare
	s text;
	i record;
	c int :=0 ;
begin
	s := (SELECT a.nazwa from autorzy a where id_autora=autor);
	FOR i IN SELECT r.nazwa from role r join utwory_autorzy_role using(id_roli)
	where id_utwory_autorzy = utwory_autorzy LOOP
	if c=0 then s := concat(s, ' - '); c := 1; else s:= concat(s, ', '); end if;
	s := concat(s, i.nazwa);
	END LOOP;
	return s;
END; $$ language plpgsql;

create or replace function autorzy (index int) returns text[] as
$$
begin 
    RETURN ARRAY(
        SELECT autor_role(id_autora, id_utwory_autorzy) from utwory_autorzy
	where id_utworu = index
    );
END; $$ language plpgsql;

drop view if exists utwory_widok;
create or replace view utwory_widok as
select u.id_utworu, u.tytul, autorzy(u.id_utworu) as autorzy, u.data_wydania, u.dlugosc, g.nazwa as gatunek,
case when u.oceny_liczba >0 then round(u.oceny_suma::numeric/u.oceny_liczba, 2) else null end as ocena,
a.nazwa as album from utwory u join gatunki g using(id_gatunku) left outer join albumy a using(id_albumu)
order by ocena desc nulls last;

drop view if exists uzytkownicy_widok;
create or replace view uzytkownicy_widok as
select u.nazwa,
(select count(*) from obserwujacy where id_obserwowanego = u.id_uzytkownika) as obserwujacy,
(select count(*) from obserwujacy where id_obserwujacego = u.id_uzytkownika) as obserwuje
from uzytkownicy u order by 2 desc;

create or replace function ocena(index int, d date) returns numeric as
$$
declare
	r record;
	sum numeric :=0;
	counter int :=0;
begin 
	FOR r IN SELECT id_uzytkownika, MAX(data) as data FROM oceny
		where id_utworu = index and data<=d GROUP BY id_uzytkownika
	LOOP
	counter := counter+1;
	sum := sum+ (SELECT ocena from oceny
	where id_utworu = index and id_uzytkownika = r.id_uzytkownika and data=r.data);
	END LOOP;
if counter=0 then return null; end if;
return round(sum/counter, 2);
END; $$ language plpgsql;

create or replace function album_autorzy(index int) returns text[] as
$$
declare
	c integer;
begin 
	c := count(*) from utwory where id_albumu = index;
	return array(
		select a.nazwa from autorzy a
		join utwory_autorzy au using(id_autora)
		join utwory u using (id_utworu)
		where u.id_albumu=index group by a.id_autora having count(*)=c
	);
END; $$ language plpgsql;

create or replace function rekomendacje (uzytkownik int) returns int[] as
$$
declare
	watched int[];
	best int[];
	r record;
	rec int[];
begin 
	watched := array(select id_utworu from oceny where id_uzytkownika = uzytkownik);
	best := array(select id_autora from utwory_autorzy join oceny using(id_utworu)
		where id_uzytkownika = uzytkownik and ocena>=8);
	for r in select * from utwory_autorzy where id_autora = ANY(best) loop
		if not r.id_utworu = any(watched) then
			watched := array_append(watched, r.id_utworu);
			rec := array_append(rec, r.id_utworu);
		end if;
		if array_length(rec, 1)=14 then
		return rec;
		end if;
	end loop;
	best := array(select id_gatunku from utwory join oceny using(id_utworu)
		where id_uzytkownika = uzytkownik and ocena>=8);
	for r in select * from utwory where id_gatunku = ANY(best) order by oceny_suma desc loop
		if not r.id_utworu = any(watched) then
			watched := array_append(watched, r.id_utworu);
			rec := array_append(rec, r.id_utworu);
		end if;
		if array_length(rec, 1)=14 then
		return rec;
		end if;
	end loop;
	for r in select * from utwory order by oceny_suma desc loop
		if not r.id_utworu = any(watched) then
			watched := array_append(watched, r.id_utworu);
			rec := array_append(rec, r.id_utworu);
		end if;
		if array_length(rec, 1)=14 then
		return rec;
		end if;
	end loop;
	return rec;
END; $$ language plpgsql;

create or replace function widoczne_playlisty(uzytkownik int)
returns table (id_playlisty int, id_tworcy int, nazwa varchar(100), dostep char(1)) as
$$ BEGIN
return query
 select distinct(p.*) from playlisty p
 join uzytkownicy u on p.tworca = u.id_uzytkownika
 left outer join obserwujacy o on p.tworca = o.id_obserwowanego
 where p.dostep = 'P' or (p.dostep = 'O' and o.id_obserwujacego=uzytkownik)
 or (p.dostep = 'O' and p.tworca=uzytkownik)
 or (p.dostep = 'U' and p.tworca=uzytkownik);
end; $$ language plpgsql;


create or replace function widoczne_playlisty_tworcy(uzytkownik int, tworcaz int)
returns table (id_playlisty int, id_tworcy int, nazwa varchar(100), dostep char(1)) as
$$ BEGIN
return query
 select distinct(p.*) from (select pp.* from playlisty pp where pp.tworca=tworcaz) p
 join uzytkownicy u on p.tworca = u.id_uzytkownika
 left outer join obserwujacy o on p.tworca = o.id_obserwowanego
 where p.dostep = 'P' or (p.dostep = 'O' and o.id_obserwujacego=uzytkownik)
 or (p.dostep = 'O' and p.tworca=uzytkownik)
 or (p.dostep = 'U' and p.tworca=uzytkownik);
end; $$ language plpgsql;

CREATE OR REPLACE FUNCTION wypisz_role_autora (id integer)
RETURNS text[]
AS $$
	BEGIN
		RETURN ARRAY(SELECT DISTINCT nazwa
			FROM utwory_autorzy
			NATURAL JOIN utwory_autorzy_role
			NATURAL JOIN role
			WHERE id_autora = id
		);
	END;
$$
LANGUAGE plpgsql;


